y_true,y_pred,fraud_probability
0,0,2.1849638289488447e-05
0,0,2.190032900518737e-05
0,0,2.1900368233920102e-05
0,0,2.1900368233920102e-05
0,0,2.1849638289488447e-05
0,0,2.1849638289488447e-05
1,1,0.9999780982689799
0,0,2.1900368233920102e-05
0,0,2.1900368233920102e-05
0,0,2.1900368233920102e-05
0,0,2.1900368233920102e-05
0,0,2.1900368233920102e-05
0,0,2.1900368233920102e-05
0,0,2.1900368233920102e-05
0,0,2.1900368233920102e-05
0,0,2.1900368233920102e-05
1,1,0.9999780982689799
0,0,2.1900368233920102e-05
1,1,0.9999780982689799
0,0,2.1900368233920102e-05
0,0,2.1900368233920102e-05
0,0,2.1849638289488447e-05
0,0,2.1900368233920102e-05
0,0,2.1900368233920102e-05
0,0,2.1900368233920102e-05
0,0,2.1900368233920102e-05
0,0,2.1900368233920102e-05
0,0,2.1900368233920102e-05
0,0,2.1900368233920102e-05
1,1,0.9999780982689799
0,0,2.1900368233920102e-05
1,1,0.9999780982689799
0,0,2.1900368233920102e-05
1,1,0.9999780982689799
1,1,0.9999780982689799
0,0,2.1900368233920102e-05
0,0,2.1900368233920102e-05
0,0,2.1900368233920102e-05
0,0,2.1900368233920102e-05
0,0,2.1849638289488447e-05
1,1,0.9999780982689799
0,0,2.1900368233920102e-05
0,0,2.1900368233920102e-05
0,0,2.1900368233920102e-05
1,1,0.9999780982689799
0,0,2.1900368233920102e-05
0,0,2.1900368233920102e-05
0,0,2.1900368233920102e-05
0,0,2.1900368233920102e-05
0,0,2.1900368233920102e-05
0,0,2.1900368233920102e-05
0,0,2.1900368233920102e-05
0,0,2.1900368233920102e-05
0,0,2.1900368233920102e-05
0,0,2.1900368233920102e-05
0,0,2.1900368233920102e-05
0,0,2.1900368233920102e-05
0,0,2.190032900518737e-05
0,0,2.190032900518737e-05
0,0,2.1900368233920102e-05
0,0,2.1900368233920102e-05
0,0,2.1900368233920102e-05
0,0,2.1900368233920102e-05
0,0,2.1900368233920102e-05
0,0,2.1900368233920102e-05
0,0,2.1900368233920102e-05
0,0,2.1900368233920102e-05
1,1,0.9999780982689799
1,1,0.9999780982689799
0,0,2.1900368233920102e-05
0,0,2.1900368233920102e-05
0,0,2.1900368233920102e-05
0,0,2.1900368233920102e-05
0,0,2.1900368233920102e-05
0,0,2.1900368233920102e-05
0,0,2.1900368233920102e-05
0,0,2.1900368233920102e-05
1,1,0.9999780982689799
1,1,0.9999780982689799
0,0,2.1900368233920102e-05
0,0,2.1900368233920102e-05
0,0,2.1900368233920102e-05
0,0,2.1688931300343456e-05
1,1,0.9999780982689799
0,0,2.1900368233920102e-05
1,1,0.9999780982689799
1,1,0.9999780982689799
0,0,2.1849638289488447e-05
1,1,0.9999736156867095
0,0,2.1900368233920102e-05
0,0,2.1900368233920102e-05
1,1,0.9999780982689799
0,0,2.1900368233920102e-05
0,0,2.2345788271638315e-05
0,0,2.1900368233920102e-05
0,0,2.1900368233920102e-05
1,1,0.9999780982689799
0,0,2.1900368233920102e-05
0,0,2.1900368233920102e-05
0,0,2.1849638289488447e-05
0,0,2.190032900518737e-05
0,0,2.1849638289488447e-05
0,0,2.1900368233920102e-05
0,0,2.1900368233920102e-05
0,0,2.1900368233920102e-05
0,0,2.1900368233920102e-05
0,0,2.1900368233920102e-05
1,1,0.9999780982689799
0,0,2.1900368233920102e-05
0,0,2.1900368233920102e-05
0,0,2.1849638289488447e-05
0,0,2.1900368233920102e-05
0,0,2.1900368233920102e-05
0,0,2.1900368233920102e-05
1,1,0.9999780982689799
0,0,2.190032900518737e-05
0,0,2.1900368233920102e-05
0,0,2.1900368233920102e-05
1,1,0.9999780982689799
0,0,2.1900368233920102e-05
0,0,2.1900368233920102e-05
0,0,2.1900368233920102e-05
1,1,0.9999780982689799
0,0,2.1900368233920102e-05
1,1,0.9999780982689799
0,0,2.190032900518737e-05
0,0,2.1900368233920102e-05
0,0,2.1900368233920102e-05
0,0,2.1900368233920102e-05
0,0,2.1900368233920102e-05
0,0,2.1900368233920102e-05
0,0,2.1900368233920102e-05
0,0,2.1900368233920102e-05
0,0,2.190032900518737e-05
0,0,2.1621747464432284e-05
0,0,2.1900368233920102e-05
0,0,2.1900368233920102e-05
0,0,2.1900368233920102e-05
0,0,2.1900368233920102e-05
0,0,2.1900368233920102e-05
0,0,2.1900368233920102e-05
0,0,2.1900368233920102e-05
0,0,2.1900368233920102e-05
1,1,0.9999780982689799
0,0,2.1900368233920102e-05
1,1,0.9999780982689799
0,0,2.1900368233920102e-05
0,0,2.1900368233920102e-05
0,0,2.1900368233920102e-05
0,0,2.1900368233920102e-05
0,0,2.1900368233920102e-05
0,0,2.1900368233920102e-05
1,1,0.9999780982689799
0,0,2.1900368233920102e-05
0,0,2.1900368233920102e-05
0,0,2.1900368233920102e-05
1,1,0.9999780982689799
0,0,2.1849638289488447e-05
1,1,0.9999780982689799
0,0,2.1900368233920102e-05
0,0,2.1900368233920102e-05
1,1,0.9999780982689799
0,0,2.1900368233920102e-05
0,0,2.1900368233920102e-05
0,0,2.1900368233920102e-05
0,0,2.1900368233920102e-05
0,0,2.1900368233920102e-05
0,0,2.1900368233920102e-05
0,0,2.1900368233920102e-05
0,0,2.1900368233920102e-05
0,0,4.209102375980077e-05
0,0,2.1900368233920102e-05
0,0,2.1849638289488447e-05
0,0,2.1900368233920102e-05
0,0,2.1900368233920102e-05
1,1,0.9999780982689799
0,0,2.1849638289488447e-05
0,0,2.1900368233920102e-05
0,0,2.1900368233920102e-05
0,0,2.1900368233920102e-05
0,0,2.1900368233920102e-05
1,1,0.9999780982689799
0,0,2.1849638289488447e-05
0,0,2.263398972592223e-05
0,0,2.190032900518737e-05
0,0,2.1900368233920102e-05
0,0,2.1849638289488447e-05
0,0,2.1900368233920102e-05
0,0,2.1900368233920102e-05
0,0,2.1900368233920102e-05
1,1,0.9999780982689799
1,1,0.9999780982689799
0,0,2.1900368233920102e-05
0,0,2.1900368233920102e-05
1,1,0.9999780982689799
0,0,2.1900368233920102e-05
0,0,2.1900368233920102e-05
0,0,2.1900368233920102e-05
0,0,2.1900368233920102e-05
0,0,2.1900368233920102e-05
0,0,2.1900368233920102e-05
0,0,2.1900368233920102e-05
0,0,2.1900368233920102e-05
0,0,2.1900368233920102e-05
0,0,2.1900368233920102e-05
0,0,2.1900368233920102e-05
0,0,2.1900368233920102e-05
0,0,2.1900368233920102e-05
0,0,2.1900368233920102e-05
0,0,2.1900368233920102e-05
0,0,2.1900368233920102e-05
0,0,2.1900368233920102e-05
0,0,2.1849638289488447e-05
0,0,2.1900368233920102e-05
0,0,2.1900368233920102e-05
0,0,2.1900368233920102e-05
0,0,2.1900368233920102e-05
0,0,2.1900368233920102e-05
0,0,2.1900368233920102e-05
0,0,2.1900368233920102e-05
0,0,2.1900368233920102e-05
1,1,0.9999780982689799
0,0,2.190032900518737e-05
0,0,2.1900368233920102e-05
1,1,0.9999780982689799
0,0,2.1900368233920102e-05
0,0,2.190032900518737e-05
0,0,2.180649931902061e-05
0,0,2.1900368233920102e-05
0,0,2.1900368233920102e-05
0,0,3.395572636577867e-05
0,0,2.1900368233920102e-05
0,0,2.1900368233920102e-05
0,0,2.190032900518737e-05
0,0,2.1900368233920102e-05
0,0,2.1900368233920102e-05
0,0,2.1900368233920102e-05
0,0,2.1900368233920102e-05
1,1,0.9999780982689799
0,0,2.1900368233920102e-05
0,0,2.1900368233920102e-05
0,0,2.1900368233920102e-05
1,1,0.9998482883101728
0,0,2.1900368233920102e-05
0,0,2.1900368233920102e-05
0,0,2.1900368233920102e-05
1,1,0.9999494222777141
0,0,2.190032900518737e-05
0,0,2.1900368233920102e-05
0,0,2.1900368233920102e-05
0,0,2.1900368233920102e-05
0,0,2.1900368233920102e-05
1,1,0.9999780982689799
0,0,2.1900368233920102e-05
0,0,2.190032900518737e-05
0,0,2.1849638289488447e-05
0,0,2.1900368233920102e-05
0,0,2.1900368233920102e-05
0,0,2.1900368233920102e-05
0,0,2.1900368233920102e-05
0,0,2.1900368233920102e-05
0,0,2.1900368233920102e-05
1,1,0.9999780982689799
0,0,2.1900368233920102e-05
0,0,2.1900368233920102e-05
0,0,2.1900368233920102e-05
0,0,2.1900368233920102e-05
0,0,2.1900368233920102e-05
0,0,2.1900368233920102e-05
0,0,2.1900368233920102e-05
0,0,2.1900368233920102e-05
0,0,2.1900368233920102e-05
0,0,2.1900368233920102e-05
0,0,2.1900368233920102e-05
0,0,2.1900368233920102e-05
0,0,2.1900368233920102e-05
0,0,3.0307676157362745e-05
0,0,2.1900368233920102e-05
0,0,2.1900368233920102e-05
0,0,2.190032900518737e-05
0,0,2.1900368233920102e-05
0,0,2.1900368233920102e-05
0,0,2.1900368233920102e-05
0,0,2.1900368233920102e-05
1,1,0.9999780982689799
1,1,0.9999780982689799
0,0,2.1900368233920102e-05
0,0,2.1900368233920102e-05
0,0,2.1900368233920102e-05
1,1,0.9999780982689799
0,0,2.1900368233920102e-05
1,1,0.9999780982689799
0,0,2.1900368233920102e-05
1,1,0.9999780982689799
0,0,2.1900368233920102e-05
0,0,2.1900368233920102e-05
0,0,2.1900368233920102e-05
0,0,2.1900368233920102e-05
0,0,2.1900368233920102e-05
0,0,2.190032900518737e-05
0,0,2.1900368233920102e-05
0,0,2.1900368233920102e-05
1,1,0.9999780982689799
0,0,2.1900368233920102e-05
0,0,2.1900368233920102e-05
0,0,2.1900368233920102e-05
0,0,2.1900368233920102e-05
1,1,0.9999780982689799
0,0,2.1900368233920102e-05
0,0,0.00010419638079935406
0,0,2.1900368233920102e-05
0,0,2.1900368233920102e-05
0,0,2.1900368233920102e-05
1,1,0.9999780982689799
0,0,2.1900368233920102e-05
1,1,0.9999780982689799
0,0,2.1900368233920102e-05
0,0,2.1900368233920102e-05
1,1,0.9999780982689799
0,0,2.1900368233920102e-05
0,0,2.1900368233920102e-05
1,1,0.9999780982689799
1,1,0.9999780982689799
0,0,2.1900368233920102e-05
0,0,2.1900368233920102e-05
0,0,2.1900368233920102e-05
1,1,0.9999782126833564
1,1,0.9999780982689799
0,0,2.1900368233920102e-05
0,0,2.1900368233920102e-05
0,0,2.1900368233920102e-05
0,0,2.1900368233920102e-05
0,0,2.1900368233920102e-05
0,0,2.1900368233920102e-05
0,0,2.1900368233920102e-05
1,1,0.9999780982689799
0,0,2.1900368233920102e-05
1,1,0.9999780982689799
0,0,2.1900368233920102e-05
0,0,2.1900368233920102e-05
0,0,2.1849638289488447e-05
1,1,0.9999780982689799
0,0,2.1900368233920102e-05
0,0,2.1900368233920102e-05
0,0,2.1900368233920102e-05
0,0,2.1900368233920102e-05
1,1,0.9999780982689799
0,0,2.1900368233920102e-05
0,0,2.1900368233920102e-05
0,0,2.1900368233920102e-05
1,1,0.9999780982689799
0,0,2.1900368233920102e-05
0,0,2.1900368233920102e-05
0,0,2.190032900518737e-05
0,0,2.1900368233920102e-05
0,0,2.1900368233920102e-05
0,0,2.1900368233920102e-05
0,0,2.1900368233920102e-05
0,0,2.1900368233920102e-05
0,0,2.1900368233920102e-05
0,0,2.1900368233920102e-05
0,0,2.1900368233920102e-05
0,0,2.1900368233920102e-05
0,0,2.1900368233920102e-05
0,0,2.190032900518737e-05
0,0,2.1900368233920102e-05
0,0,2.1900368233920102e-05
0,0,3.661718243365043e-05
0,0,2.1849638289488447e-05
0,0,2.1900368233920102e-05
0,0,2.1900368233920102e-05
0,0,2.1900368233920102e-05
0,0,2.1900368233920102e-05
0,0,2.1900368233920102e-05
0,0,2.1900368233920102e-05
0,0,2.1900368233920102e-05
0,0,2.1900368233920102e-05
0,0,2.1900368233920102e-05
1,1,0.9999780982689799
0,0,2.1900368233920102e-05
0,0,2.1900368233920102e-05
0,0,2.1900368233920102e-05
0,0,2.1900368233920102e-05
0,0,2.1900368233920102e-05
0,0,2.1900368233920102e-05
0,0,2.1900368233920102e-05
0,0,2.1900368233920102e-05
0,0,2.1900368233920102e-05
0,0,2.1900368233920102e-05
0,0,2.1900368233920102e-05
0,0,2.1900368233920102e-05
0,0,2.1900368233920102e-05
1,1,0.9999780982689799
0,0,2.1900368233920102e-05
0,0,2.1900368233920102e-05
0,0,2.1900368233920102e-05
0,0,2.1900368233920102e-05
0,0,2.1900368233920102e-05
0,0,2.1900368233920102e-05
0,0,2.1900368233920102e-05
0,0,2.1900368233920102e-05
0,0,2.1900368233920102e-05
0,0,2.111182428105159e-05
1,1,0.9999780982689799
0,0,2.1900368233920102e-05
0,0,2.1900368233920102e-05
0,0,2.1900368233920102e-05
0,0,2.1849638289488447e-05
0,0,2.190032900518737e-05
0,0,2.1900368233920102e-05
1,1,0.9999780982689799
0,0,2.1900368233920102e-05
0,0,2.1900368233920102e-05
0,0,2.1900368233920102e-05
0,0,2.190032900518737e-05
0,0,2.1900368233920102e-05
0,0,2.1849638289488447e-05
0,0,2.1900368233920102e-05
0,0,2.1900368233920102e-05
0,0,2.1900368233920102e-05
0,0,2.1900368233920102e-05
0,0,2.1900368233920102e-05
0,0,2.1759094668752983e-05
0,0,2.1900368233920102e-05
0,0,2.1900368233920102e-05
0,0,2.1900368233920102e-05
0,0,2.1900368233920102e-05
0,0,2.1900368233920102e-05
0,0,2.1900368233920102e-05
0,0,2.1900368233920102e-05
0,0,2.1900368233920102e-05
1,1,0.9999780982689799
0,0,2.1900368233920102e-05
0,0,2.1900368233920102e-05
0,0,2.1900368233920102e-05
0,0,2.1900368233920102e-05
0,0,2.1900368233920102e-05
0,0,2.1759094668752983e-05
0,0,2.1849638289488447e-05
0,0,2.1900368233920102e-05
1,1,0.9999780982689799
0,0,2.1900368233920102e-05
0,0,2.1900368233920102e-05
0,0,2.1900368233920102e-05
0,0,2.190032900518737e-05
0,0,2.1900368233920102e-05
1,1,0.9999780982689799
0,0,2.1900368233920102e-05
0,0,2.1900368233920102e-05
1,1,0.9999780982689799
0,0,2.1900368233920102e-05
0,0,2.190032900518737e-05
0,0,2.211734066829199e-05
0,0,2.1900368233920102e-05
0,0,2.1900368233920102e-05
0,0,2.1900368233920102e-05
0,0,2.1900368233920102e-05
0,0,2.1900368233920102e-05
0,0,2.1900368233920102e-05
0,0,2.1900368233920102e-05
0,0,2.1900368233920102e-05
0,0,2.1900368233920102e-05
0,0,2.1900368233920102e-05
0,0,2.1900368233920102e-05
0,0,2.1900368233920102e-05
0,0,2.1809262908510643e-05
0,0,2.1900368233920102e-05
0,0,2.1900368233920102e-05
0,0,2.1900368233920102e-05
0,0,2.1849638289488447e-05
0,0,2.1900368233920102e-05
0,0,2.1900368233920102e-05
0,0,2.1900368233920102e-05
0,0,2.1900368233920102e-05
0,0,2.1849638289488447e-05
0,0,2.1900368233920102e-05
0,0,2.1900368233920102e-05
0,0,2.1900368233920102e-05
0,0,2.1849638289488447e-05
1,1,0.9999780982689799
1,1,0.9999780982689799
0,0,2.1900368233920102e-05
0,0,2.1900368233920102e-05
1,1,0.9999780982689799
0,0,2.1900368233920102e-05
0,0,2.1900368233920102e-05
0,0,2.1900368233920102e-05
0,0,2.1900368233920102e-05
0,0,2.1900368233920102e-05
0,0,2.1900368233920102e-05
1,1,0.9999780982689799
0,0,2.1900368233920102e-05
0,0,2.1849638289488447e-05
0,0,2.1900368233920102e-05
0,0,2.1900368233920102e-05
1,1,0.9999780982689799
0,0,2.1900368233920102e-05
1,1,0.9999780982689799
0,0,2.1849638289488447e-05
0,0,2.1900368233920102e-05
0,0,2.1900368233920102e-05
0,0,2.1900368233920102e-05
0,0,2.1900368233920102e-05
0,0,2.1900368233920102e-05
0,0,2.1900368233920102e-05
1,1,0.9999780982689799
0,0,2.1900368233920102e-05
0,0,2.190032900518737e-05
0,0,2.1900368233920102e-05
1,1,0.9999780982689799
0,0,2.1900368233920102e-05
1,1,0.9999780982689799
0,0,2.1900368233920102e-05
0,0,2.1849638289488447e-05
0,0,2.1900368233920102e-05
0,0,2.1900368233920102e-05
1,1,0.9999780982689799
0,0,2.1900368233920102e-05
0,0,2.1900368233920102e-05
1,1,0.9999780982689799
0,0,2.1900368233920102e-05
0,0,2.190032900518737e-05
0,0,2.1900368233920102e-05
0,0,2.190032900518737e-05
1,1,0.9999780982689799
0,0,2.190032900518737e-05
0,0,2.1849638289488447e-05
0,0,2.1900368233920102e-05
0,0,2.1900368233920102e-05
0,0,2.1900368233920102e-05
0,0,2.1900368233920102e-05
0,0,2.1900368233920102e-05
0,0,2.190032900518737e-05
0,0,2.1900368233920102e-05
1,1,0.9999780982689799
1,1,0.9999780982689799
0,0,2.1900368233920102e-05
0,0,2.1900368233920102e-05
0,0,2.1900368233920102e-05
0,0,2.1900368233920102e-05
0,0,2.1900368233920102e-05
0,0,2.1900368233920102e-05
0,0,2.1900368233920102e-05
0,0,2.1900368233920102e-05
0,0,2.1900368233920102e-05
1,1,0.9999780982689799
0,0,2.1900368233920102e-05
0,0,2.1900368233920102e-05
0,0,2.1900368233920102e-05
0,0,2.1900368233920102e-05
0,0,2.1900368233920102e-05
0,0,2.1900368233920102e-05
0,0,2.1900368233920102e-05
0,0,2.1900368233920102e-05
0,0,2.1900368233920102e-05
0,0,2.1900368233920102e-05
0,0,2.190032900518737e-05
0,0,2.1900368233920102e-05
1,1,0.9999780982689799
0,0,2.1900368233920102e-05
0,0,2.1900368233920102e-05
0,0,2.1900368233920102e-05
0,0,2.190032900518737e-05
1,1,0.9999489026985242
0,0,2.1900368233920102e-05
0,0,2.1900368233920102e-05
1,1,0.9999780982689799
1,1,0.9999780982689799
0,0,2.1900368233920102e-05
0,0,2.1900368233920102e-05
0,0,2.1900368233920102e-05
0,0,2.1900368233920102e-05
1,1,0.9999780982689799
0,0,2.1687515762987353e-05
0,1,0.9892257930742235
0,0,2.190032900518737e-05
0,0,2.1900368233920102e-05
0,0,2.1900368233920102e-05
0,0,2.1900368233920102e-05
0,0,2.1900368233920102e-05
0,0,2.1900368233920102e-05
1,1,0.9999780982689799
1,1,0.9999780982689799
0,0,2.1849638289488447e-05
0,0,2.1900368233920102e-05
0,0,2.1900368233920102e-05
0,0,2.1900368233920102e-05
0,0,2.1900368233920102e-05
0,0,2.1900368233920102e-05
0,0,2.1900368233920102e-05
0,0,2.190032900518737e-05
0,0,2.1900368233920102e-05
0,0,2.1900368233920102e-05
0,0,2.1900368233920102e-05
1,1,0.9999780982689799
1,1,0.9999780982689799
0,0,2.1900368233920102e-05
0,0,2.1900368233920102e-05
0,0,2.1900368233920102e-05
1,1,0.9999780982689799
0,0,2.1900368233920102e-05
0,0,2.1849638289488447e-05
0,0,8.376717776085501e-05
0,0,2.1900368233920102e-05
0,0,2.1900368233920102e-05
1,1,0.9999780982689799
0,0,2.1900368233920102e-05
0,0,2.190032900518737e-05
0,0,2.1900368233920102e-05
0,0,2.1900368233920102e-05
0,0,2.1900368233920102e-05
1,1,0.999978101010185
0,0,2.1900368233920102e-05
1,1,0.9999780982689799
0,0,2.1900368233920102e-05
0,0,2.190032900518737e-05
0,0,2.190032900518737e-05
0,0,2.1900368233920102e-05
0,0,2.1900368233920102e-05
1,1,0.9999780982689799
0,0,2.1900368233920102e-05
1,1,0.9999780982689799
0,0,2.1900368233920102e-05
0,0,2.1900368233920102e-05
0,0,2.1900368233920102e-05
1,1,0.9999780982689799
0,0,2.1900368233920102e-05
0,0,2.1900368233920102e-05
0,0,2.1900368233920102e-05
0,0,2.1900368233920102e-05
0,0,8.9128922267759e-05
0,0,2.1900368233920102e-05
0,0,2.1900368233920102e-05
0,0,2.1900368233920102e-05
0,0,2.1900368233920102e-05
0,0,2.1900368233920102e-05
0,0,2.1900368233920102e-05
0,0,2.1900368233920102e-05
0,0,2.1900368233920102e-05
0,0,2.1900368233920102e-05
0,0,2.1900368233920102e-05
0,0,2.1900368233920102e-05
0,0,2.1900368233920102e-05
0,0,2.1900368233920102e-05
0,0,2.1900368233920102e-05
0,0,2.1900368233920102e-05
0,0,2.1900368233920102e-05
0,0,2.1900368233920102e-05
0,0,2.1900368233920102e-05
0,0,2.1900368233920102e-05
0,0,2.180649931902061e-05
0,0,2.1900368233920102e-05
0,0,2.1900368233920102e-05
0,0,2.1900368233920102e-05
0,0,2.1900368233920102e-05
0,0,2.1900368233920102e-05
0,0,2.1900368233920102e-05
0,0,2.1900368233920102e-05
0,0,2.1900368233920102e-05
0,0,2.1849638289488447e-05
0,0,2.1900368233920102e-05
0,0,2.1900368233920102e-05
0,0,2.1900368233920102e-05
0,0,2.1900368233920102e-05
0,0,2.1900368233920102e-05
0,0,2.1900368233920102e-05
0,0,2.1900368233920102e-05
0,0,2.1900368233920102e-05
0,0,2.1900368233920102e-05
0,0,2.1900368233920102e-05
0,0,2.1900368233920102e-05
1,1,0.9999780982689799
0,0,2.190032900518737e-05
0,0,2.1900368233920102e-05
1,1,0.9999780982689799
1,1,0.9999780982689799
0,0,2.1900368233920102e-05
0,0,2.1900368233920102e-05
0,0,2.1900368233920102e-05
0,0,2.1900368233920102e-05
0,0,2.1900368233920102e-05
1,1,0.9999780982689799
0,0,2.1900368233920102e-05
0,0,2.1900368233920102e-05
0,0,2.1900368233920102e-05
0,0,2.1900368233920102e-05
0,0,2.1900368233920102e-05
0,0,2.1900368233920102e-05
0,0,2.1900368233920102e-05
0,0,2.1900368233920102e-05
0,0,2.1900368233920102e-05
0,0,2.1900368233920102e-05
1,1,0.999955325591008
1,1,0.9999780982689799
0,0,2.1900368233920102e-05
0,0,2.1900368233920102e-05
0,0,2.1900368233920102e-05
0,0,2.1900368233920102e-05
0,0,2.1900368233920102e-05
1,1,0.9999597091013491
0,0,2.1900368233920102e-05
0,0,2.1900368233920102e-05
0,0,2.1900368233920102e-05
0,0,2.1900368233920102e-05
0,0,2.1418988802076504e-05
0,0,2.1900368233920102e-05
0,0,2.1900368233920102e-05
0,0,2.1900368233920102e-05
0,0,2.1900368233920102e-05
1,1,0.9999780982689799
0,0,2.1759094668752983e-05
0,0,2.1900368233920102e-05
1,1,0.9999780982689799
1,1,0.9999780982689799
0,0,2.1900368233920102e-05
0,0,2.1900368233920102e-05
0,0,2.1900368233920102e-05
0,0,2.1900368233920102e-05
1,1,0.9999780982689799
0,0,2.1900368233920102e-05
1,1,0.9999780982689799
0,0,2.1900368233920102e-05
0,0,2.1900368233920102e-05
0,0,2.1900368233920102e-05
0,0,2.1900368233920102e-05
0,0,2.1900368233920102e-05
0,0,2.1900368233920102e-05
0,0,2.1900368233920102e-05
0,0,2.179152769328258e-05
1,1,0.9999780982689799
0,0,2.1900368233920102e-05
1,1,0.9999780982689799
0,0,2.1900368233920102e-05
1,1,0.9999780982689799
0,0,2.1900368233920102e-05
0,0,2.1900368233920102e-05
0,0,2.1900368233920102e-05
0,0,2.1849638289488447e-05
0,0,2.1900368233920102e-05
0,0,2.1900368233920102e-05
0,0,2.1849638289488447e-05
0,0,2.1900368233920102e-05
0,0,2.1900368233920102e-05
0,0,2.1900368233920102e-05
0,0,2.1900368233920102e-05
0,0,2.1900368233920102e-05
0,0,2.1900368233920102e-05
0,0,2.1900368233920102e-05
0,0,2.1900368233920102e-05
0,0,2.1900368233920102e-05
1,1,0.9999768387857156
0,0,2.1900368233920102e-05
0,0,2.1900368233920102e-05
1,1,0.9999780982689799
0,0,2.190032900518737e-05
0,0,2.1900368233920102e-05
0,0,2.1900368233920102e-05
1,1,0.9999780982689799
0,0,2.1900368233920102e-05
0,0,2.1900368233920102e-05
0,0,2.1900368233920102e-05
0,0,2.1900368233920102e-05
0,0,2.3754520989194338e-05
1,1,0.9999780982689799
0,0,2.1849638289488447e-05
0,0,2.1900368233920102e-05
0,0,2.1900368233920102e-05
0,0,2.1900368233920102e-05
0,0,2.1900368233920102e-05
0,0,2.1900368233920102e-05
0,0,2.1900368233920102e-05
0,0,2.1900368233920102e-05
0,0,2.1900368233920102e-05
1,1,0.9999780982689799
0,0,2.1900368233920102e-05
0,0,2.1900368233920102e-05
0,0,2.1900368233920102e-05
0,0,2.1900368233920102e-05
0,0,2.1849638289488447e-05
0,0,2.1900368233920102e-05
0,0,2.1900368233920102e-05
0,0,2.1900368233920102e-05
1,1,0.9999780982689799
0,0,2.1900368233920102e-05
0,0,2.1900368233920102e-05
0,0,2.1900368233920102e-05
0,0,2.1900368233920102e-05
0,0,2.1900368233920102e-05
0,0,2.1900368233920102e-05
0,0,2.1849638289488447e-05
0,0,2.1900368233920102e-05
1,0,0.0022403045495344885
0,0,2.1900368233920102e-05
0,0,2.1900368233920102e-05
1,1,0.9999780982689799
0,0,2.1849638289488447e-05
0,0,2.1900368233920102e-05
1,1,0.9999780982689799
1,1,0.9999780982689799
0,0,2.1849638289488447e-05
0,0,2.1900368233920102e-05
0,0,2.1900368233920102e-05
0,0,2.1900368233920102e-05
0,0,2.1900368233920102e-05
0,0,2.1900368233920102e-05
0,0,2.1900368233920102e-05
0,0,2.1900368233920102e-05
0,0,2.1900368233920102e-05
0,0,2.1900368233920102e-05
1,1,0.9999534589908612
0,0,2.1900368233920102e-05
0,0,2.1900368233920102e-05
0,0,2.1900368233920102e-05
0,0,2.179152769328258e-05
0,0,4.228912524135686e-05
0,0,2.1900368233920102e-05
0,0,2.1216610019343522e-05
0,0,2.1900368233920102e-05
1,1,0.9999780982689799
0,0,2.1900368233920102e-05
0,0,2.1900368233920102e-05
0,0,2.1900368233920102e-05
0,0,2.1900368233920102e-05
0,0,2.1900368233920102e-05
1,1,0.9999780982689799
0,0,2.1900368233920102e-05
0,0,2.1900368233920102e-05
0,0,2.1900368233920102e-05
0,0,2.1900368233920102e-05
0,0,2.1900368233920102e-05
0,0,2.1900368233920102e-05
1,1,0.9999780982689799
1,1,0.9999780982689799
0,0,2.190032900518737e-05
0,0,2.1900368233920102e-05
0,0,2.1900368233920102e-05
0,0,2.1900368233920102e-05
1,1,0.9999780982689799
0,0,2.1900368233920102e-05
0,0,2.1900368233920102e-05
0,0,5.2107628431695856e-05
0,0,2.1900368233920102e-05
0,0,2.1900368233920102e-05
0,0,2.1900368233920102e-05
0,0,2.190032900518737e-05
0,0,2.1900368233920102e-05
0,0,2.1900368233920102e-05
0,0,2.1900368233920102e-05
0,0,2.1900368233920102e-05
0,0,2.1900368233920102e-05
1,1,0.9999780982689799
0,0,2.1900368233920102e-05
0,0,2.1900368233920102e-05
0,0,2.1900368233920102e-05
0,0,2.1900368233920102e-05
0,0,2.1900368233920102e-05
0,0,2.1849638289488447e-05
0,0,2.1900368233920102e-05
0,0,2.1900368233920102e-05
0,0,2.1900368233920102e-05
1,1,0.9999780982689799
0,0,2.1900368233920102e-05
1,1,0.9999780982689799
0,0,2.1900368233920102e-05
0,0,2.1900368233920102e-05
0,0,2.1900368233920102e-05
0,0,2.1900368233920102e-05
0,0,2.1900368233920102e-05
0,0,2.1900368233920102e-05
0,0,2.1900368233920102e-05
0,0,2.1900368233920102e-05
0,0,2.1900368233920102e-05
0,0,2.1900368233920102e-05
0,0,2.1900368233920102e-05
1,1,0.9999428866779434
0,0,2.1900368233920102e-05
0,0,2.1900368233920102e-05
0,0,2.1900368233920102e-05
0,0,2.1900368233920102e-05
0,0,2.1900368233920102e-05
0,0,2.1900368233920102e-05
0,0,2.1900368233920102e-05
0,0,2.1900368233920102e-05
0,0,2.1900368233920102e-05
0,0,2.1900368233920102e-05
1,1,0.9999780982689799
0,0,2.1900368233920102e-05
0,0,2.1900368233920102e-05
0,0,2.1849638289488447e-05
0,0,2.1849638289488447e-05
0,0,2.1900368233920102e-05
0,0,2.1900368233920102e-05
0,0,2.1900368233920102e-05
0,0,2.1900368233920102e-05
0,0,2.1900368233920102e-05
0,0,2.1900368233920102e-05
0,0,2.1900368233920102e-05
0,0,2.1900368233920102e-05
1,1,0.9999780982689799
0,0,2.1900368233920102e-05
0,0,5.0615894788890134e-05
0,0,2.1900368233920102e-05
1,1,0.9999780982689799
0,0,2.1900368233920102e-05
0,0,2.1900368233920102e-05
1,1,0.9999780982689799
0,0,2.1900368233920102e-05
0,0,2.1900368233920102e-05
0,0,2.1900368233920102e-05
0,0,2.1900368233920102e-05
0,0,2.1900368233920102e-05
0,0,2.1900368233920102e-05
0,0,2.1900368233920102e-05
0,0,2.1900368233920102e-05
0,0,2.1849638289488447e-05
0,0,2.1900368233920102e-05
0,0,2.1900368233920102e-05
1,1,0.9999780982689799
1,1,0.9999780982689799
1,1,0.9999781178718979
0,0,2.1900368233920102e-05
0,0,2.1900368233920102e-05
0,0,2.1900368233920102e-05
0,0,2.1900368233920102e-05
0,0,2.1900368233920102e-05
0,0,2.1900368233920102e-05
0,0,2.1900368233920102e-05
1,1,0.9999780982689799
0,0,2.1900368233920102e-05
0,0,2.1900368233920102e-05
0,0,2.1900368233920102e-05
1,1,0.9999780982689799
0,0,2.1900368233920102e-05
0,0,2.1900368233920102e-05
0,0,2.1900368233920102e-05
0,0,2.1900368233920102e-05
0,0,2.1900368233920102e-05
1,1,0.9999780982689799
0,0,2.1900368233920102e-05
0,0,2.190032900518737e-05
1,1,0.9999780982689799
0,0,2.1900368233920102e-05
0,0,2.1900368233920102e-05
0,0,2.1900368233920102e-05
0,0,2.1900368233920102e-05
0,0,2.1900368233920102e-05
0,0,2.1900368233920102e-05
0,0,2.1900368233920102e-05
0,0,2.1900368233920102e-05
0,0,2.1900368233920102e-05
0,0,2.1900368233920102e-05
0,0,2.1900368233920102e-05
0,0,2.1900368233920102e-05
0,0,2.1900368233920102e-05
0,0,2.1900368233920102e-05
0,0,2.190032900518737e-05
0,0,2.1900368233920102e-05
0,0,2.1900368233920102e-05
0,0,2.1849638289488447e-05
1,1,0.9999780982689799
0,0,2.1900368233920102e-05
0,0,2.1900368233920102e-05
0,0,2.1900368233920102e-05
0,0,2.1900368233920102e-05
1,1,0.9999780982689799
0,0,2.1900368233920102e-05
0,0,2.1900368233920102e-05
0,0,2.1900368233920102e-05
1,1,0.9999780982689799
0,0,2.190032900518737e-05
0,0,2.1900368233920102e-05
1,1,0.9999780982689799
0,0,2.1900368233920102e-05
0,0,2.1900368233920102e-05
0,0,2.1900368233920102e-05
0,0,2.1900368233920102e-05
0,0,2.1900368233920102e-05
0,0,2.1900368233920102e-05
0,0,2.1900368233920102e-05
0,0,2.1900368233920102e-05
0,0,2.1900368233920102e-05
0,0,2.2649106876507142e-05
0,0,2.1900368233920102e-05
0,0,2.1900368233920102e-05
0,0,2.1900368233920102e-05
0,0,2.1900368233920102e-05
0,0,2.1900368233920102e-05
0,0,2.1900368233920102e-05
1,1,0.9999780982689799
0,0,2.1900368233920102e-05
0,0,2.1900368233920102e-05
1,1,0.9999780982689799
0,0,2.1900368233920102e-05
0,0,2.1900368233920102e-05
0,0,2.1900368233920102e-05
0,0,2.1900368233920102e-05
0,0,2.1900368233920102e-05
0,0,2.1900368233920102e-05
0,0,2.1900368233920102e-05
0,0,2.190032900518737e-05
0,0,2.1900368233920102e-05
0,0,2.1900368233920102e-05
0,0,2.1900368233920102e-05
0,0,2.1900368233920102e-05
0,0,2.1900368233920102e-05
0,0,2.1900368233920102e-05
0,0,2.1900368233920102e-05
0,0,2.1900368233920102e-05
0,0,2.1900368233920102e-05
0,0,2.1900368233920102e-05
0,0,2.1900368233920102e-05
0,0,0.00501757849491995
0,0,2.1900368233920102e-05
0,0,2.1900368233920102e-05
0,0,2.1900368233920102e-05
0,0,2.1849638289488447e-05
0,0,2.1900368233920102e-05
0,0,2.1900368233920102e-05
0,0,2.1900368233920102e-05
0,0,2.1900368233920102e-05
1,1,0.9999780982689799
1,1,0.9999780982689799
0,0,2.1900368233920102e-05
0,0,2.1900368233920102e-05
0,0,2.1900368233920102e-05
0,0,2.1900368233920102e-05
1,1,0.9999780982689799
0,0,2.1900368233920102e-05
0,0,2.190032900518737e-05
1,1,0.9999780982689799
0,0,2.1900368233920102e-05
0,0,2.1900368233920102e-05
0,0,2.1900368233920102e-05
0,0,2.1900368233920102e-05
0,0,2.1900368233920102e-05
0,0,2.190032900518737e-05
0,0,2.1900368233920102e-05
0,0,2.1900368233920102e-05
0,0,2.1900368233920102e-05
0,0,2.1900368233920102e-05
0,0,2.1900368233920102e-05
0,0,2.1900368233920102e-05
0,0,2.1900368233920102e-05
1,1,0.9999780982689799
1,1,0.9999780982689799
0,0,2.3332397561467826e-05
0,0,2.190032900518737e-05
0,0,2.1900368233920102e-05
0,0,2.1900368233920102e-05
0,0,2.1900368233920102e-05
0,0,2.1900368233920102e-05
0,0,2.1900368233920102e-05
0,0,2.1900368233920102e-05
0,0,2.1900368233920102e-05
1,1,0.9999780982689799
0,0,2.1900368233920102e-05
0,0,2.7557569559070436e-05
0,0,2.1900368233920102e-05
0,0,2.1900368233920102e-05
0,0,2.1900368233920102e-05
1,1,0.9999780982689799
0,0,2.1900368233920102e-05
0,0,2.1900368233920102e-05
1,1,0.9999780982689799
0,0,2.1900368233920102e-05
0,0,2.1849638289488447e-05
0,0,2.1900368233920102e-05
0,0,2.1900368233920102e-05
0,0,2.1900368233920102e-05
1,1,0.9999780982689799
0,0,2.1900368233920102e-05
1,1,0.9999780982689799
0,0,2.3670636899317593e-05
0,0,2.1900368233920102e-05
0,0,2.1900368233920102e-05
0,0,2.1900368233920102e-05
0,0,2.190032900518737e-05
0,0,2.1900368233920102e-05
0,0,2.1900368233920102e-05
0,0,2.1900368233920102e-05
0,0,2.1900368233920102e-05
1,1,0.9999780982689799
0,0,2.1900368233920102e-05
1,1,0.9999780982689799
0,0,2.1900368233920102e-05
0,0,3.915424240817118e-05
1,1,0.9999780982689799
0,0,4.726977946877231e-05
1,1,0.9999780982689799
0,0,2.1900368233920102e-05
1,1,0.9999780982689799
1,1,0.9999780982689799
0,0,2.1900368233920102e-05
1,1,0.9999780982689799
0,0,2.1900368233920102e-05
0,0,2.1900368233920102e-05
0,0,2.1219298852346862e-05
0,0,2.1900368233920102e-05
0,0,2.1900368233920102e-05
0,0,2.1900368233920102e-05
0,0,5.0632250732321074e-05
0,0,2.1900368233920102e-05
0,0,2.1900368233920102e-05
0,0,2.1900368233920102e-05
0,0,2.1900368233920102e-05
0,0,2.1900368233920102e-05
0,0,2.190032900518737e-05
0,0,2.1900368233920102e-05
0,0,2.1900368233920102e-05
0,0,2.1668746107742473e-05
0,0,2.1900368233920102e-05
0,0,2.1900368233920102e-05
0,0,2.663277637493671e-05
0,0,2.1900368233920102e-05
0,0,2.1900368233920102e-05
0,0,2.1900368233920102e-05
0,0,2.1900368233920102e-05
0,0,2.1900368233920102e-05
0,0,2.1900368233920102e-05
1,1,0.9999780982689799
0,0,2.1900368233920102e-05
0,0,2.1900368233920102e-05
0,0,2.1900368233920102e-05
0,0,2.1900368233920102e-05
0,0,2.1900368233920102e-05
0,0,2.1900368233920102e-05
1,1,0.9999780982689799
0,0,2.1900368233920102e-05
0,0,2.1900368233920102e-05
0,0,2.1900368233920102e-05
0,0,2.1900368233920102e-05
0,0,2.190032900518737e-05
0,0,2.1900368233920102e-05
0,0,2.1900368233920102e-05
0,0,2.1900368233920102e-05
0,0,2.1900368233920102e-05
0,0,2.1900368233920102e-05
0,0,2.1900368233920102e-05
0,0,2.1900368233920102e-05
0,0,2.1900368233920102e-05
0,0,2.1900368233920102e-05
0,0,2.1900368233920102e-05
1,1,0.9999780982689799
0,0,2.1900368233920102e-05
0,0,2.1900368233920102e-05
1,1,0.9999780982689799
0,0,2.1900368233920102e-05
0,0,2.1900368233920102e-05
0,0,2.1900368233920102e-05
0,0,2.1900368233920102e-05
1,1,0.9999780982689799
0,0,2.1900368233920102e-05
0,0,2.1900368233920102e-05
1,1,0.9999780982689799
0,0,2.1900368233920102e-05
0,0,2.1900368233920102e-05
0,0,2.1900368233920102e-05
0,0,2.1900368233920102e-05
0,0,2.1900368233920102e-05
0,0,2.1900368233920102e-05
0,0,2.1900368233920102e-05
1,1,0.9999780982689799
1,1,0.9999780982689799
0,0,2.1900368233920102e-05
0,0,2.1900368233920102e-05
0,0,2.1849638289488447e-05
0,0,2.1900368233920102e-05
1,1,0.9999780982689799
0,0,2.1900368233920102e-05
1,1,0.9999780982689799
0,0,2.1900368233920102e-05
0,0,2.190032900518737e-05
0,0,2.1759094668752983e-05
0,0,2.1900368233920102e-05
0,0,2.1900368233920102e-05
0,0,2.1900368233920102e-05
1,1,0.9999780982689799
0,0,2.1900368233920102e-05
0,0,2.1900368233920102e-05
0,0,2.1900368233920102e-05
1,1,0.9999780982689799
0,0,2.190032900518737e-05
0,0,2.1900368233920102e-05
0,0,2.1900368233920102e-05
0,0,2.190032900518737e-05
0,0,2.1900368233920102e-05
0,0,2.1900368233920102e-05
0,0,2.1900368233920102e-05
0,0,2.1900368233920102e-05
0,0,2.1900368233920102e-05
0,0,2.1900368233920102e-05
0,0,2.1900368233920102e-05
0,0,2.1900368233920102e-05
1,1,0.9999780982689799
0,0,2.1900368233920102e-05
0,0,2.1900368233920102e-05
0,0,2.1900368233920102e-05
0,0,2.1849638289488447e-05
1,1,0.9999780982689799
0,0,2.1900368233920102e-05
1,1,0.9999780982689799
0,0,0.000450269977036111
0,0,2.1900368233920102e-05
0,0,2.1900368233920102e-05
1,1,0.9999780982689799
1,1,0.9999780982689799
0,0,2.1900368233920102e-05
0,0,2.1900368233920102e-05
0,0,2.1900368233920102e-05
0,0,2.663277637493671e-05
1,1,0.9999780982689799
0,0,2.1900368233920102e-05
0,0,2.1849638289488447e-05
0,0,2.190032900518737e-05
0,0,2.1900368233920102e-05
1,1,0.9999780982689799
0,0,2.1900368233920102e-05
0,0,2.1900368233920102e-05
0,0,2.1900368233920102e-05
0,0,2.1900368233920102e-05
0,0,2.1900368233920102e-05
0,0,2.1900368233920102e-05
0,0,2.1900368233920102e-05
0,0,2.1900368233920102e-05
1,1,0.9999780982689799
0,0,2.1900368233920102e-05
1,1,0.9999780982689799
0,0,2.1900368233920102e-05
0,0,2.1849638289488447e-05
0,0,2.1900368233920102e-05
0,0,2.1900368233920102e-05
0,0,2.1900368233920102e-05
0,0,2.1900368233920102e-05
1,1,0.9999780982689799
0,0,2.1900368233920102e-05
1,1,0.9999780982689799
0,0,2.1900368233920102e-05
1,1,0.9999780982689799
0,0,2.1900368233920102e-05
0,0,2.1900368233920102e-05
0,0,2.1900368233920102e-05
0,0,2.1900368233920102e-05
0,0,2.1900368233920102e-05
1,1,0.9999780982689799
1,1,0.9999780982689799
0,0,2.1900368233920102e-05
0,0,2.1900368233920102e-05
0,0,2.1900368233920102e-05
0,0,2.160057294560227e-05
1,1,0.9999772452148745
0,0,2.1900368233920102e-05
0,0,2.1900368233920102e-05
0,0,2.1900368233920102e-05
0,0,2.1900368233920102e-05
0,0,2.1900368233920102e-05
0,0,2.1900368233920102e-05
0,0,2.1900368233920102e-05
0,0,2.1900368233920102e-05
0,0,2.1849638289488447e-05
0,0,2.1900368233920102e-05
0,0,2.1900368233920102e-05
0,0,2.1849638289488447e-05
0,0,2.190032900518737e-05
0,0,2.1900368233920102e-05
0,0,2.1900368233920102e-05
0,0,2.1900368233920102e-05
1,1,0.9999780982689799
0,0,2.1900368233920102e-05
1,1,0.9999782112648317
0,0,2.190032900518737e-05
0,0,2.1900368233920102e-05
0,0,2.1849638289488447e-05
0,0,2.1900368233920102e-05
0,0,2.1900368233920102e-05
0,0,2.1216610019343522e-05
1,1,0.9999780982689799
0,0,2.1900368233920102e-05
0,0,2.1643331804681098e-05
0,0,2.1900368233920102e-05
0,0,2.1900368233920102e-05
0,0,2.1900368233920102e-05
0,0,2.190032900518737e-05
0,0,2.1849638289488447e-05
0,0,2.1900368233920102e-05
0,0,2.190032900518737e-05
0,0,2.1900368233920102e-05
0,0,2.1900368233920102e-05
0,0,0.024166876417931388
0,0,2.1900368233920102e-05
0,0,2.1900368233920102e-05
1,1,0.9999780982689799
0,0,2.1900368233920102e-05
0,0,2.1900368233920102e-05
0,0,2.1900368233920102e-05
0,0,2.1900368233920102e-05
0,0,2.1900368233920102e-05
0,0,2.1900368233920102e-05
1,1,0.9999780982689799
0,0,2.1900368233920102e-05
0,0,2.1900368233920102e-05
0,0,2.1900368233920102e-05
0,0,2.1900368233920102e-05
0,0,2.190032900518737e-05
0,0,2.1900368233920102e-05
1,1,0.9999780982689799
0,0,2.1900368233920102e-05
1,1,0.9999780982689799
0,0,2.1900368233920102e-05
0,0,2.1900368233920102e-05
0,0,2.1900368233920102e-05
0,0,2.1900368233920102e-05
0,0,2.1900368233920102e-05
1,1,0.9999780982689799
0,0,2.1900368233920102e-05
0,0,2.1900368233920102e-05
0,0,2.1900368233920102e-05
0,0,2.1900368233920102e-05
0,0,2.1900368233920102e-05
0,0,2.1900368233920102e-05
0,0,2.1900368233920102e-05
0,0,2.1900368233920102e-05
0,0,2.1900368233920102e-05
0,0,2.1900368233920102e-05
0,0,2.1900368233920102e-05
0,0,2.1900368233920102e-05
0,0,2.1900368233920102e-05
0,0,2.1849638289488447e-05
0,0,2.1900368233920102e-05
0,0,2.1900368233920102e-05
1,1,0.9999780982689799
0,0,2.1900368233920102e-05
0,0,2.1849638289488447e-05
0,0,2.1900368233920102e-05
0,0,2.1849638289488447e-05
0,0,2.160057294560227e-05
0,0,2.1900368233920102e-05
0,0,2.1900368233920102e-05
0,0,2.1900368233920102e-05
1,1,0.9999780982689799
0,0,2.190032900518737e-05
0,0,2.190032900518737e-05
0,0,2.1900368233920102e-05
0,0,2.1900368233920102e-05
0,0,2.1900368233920102e-05
1,1,0.9999780982689799
0,0,2.1900368233920102e-05
0,0,2.1900368233920102e-05
0,0,2.1900368233920102e-05
1,1,0.9999780982689799
0,0,2.1900368233920102e-05
0,0,2.1900368233920102e-05
0,0,2.1900368233920102e-05
1,1,0.9999780982689799
0,0,2.1900368233920102e-05
0,0,2.1900368233920102e-05
0,0,2.1900368233920102e-05
1,1,0.9999780982689799
0,0,2.1900368233920102e-05
0,0,2.1900368233920102e-05
0,0,2.1900368233920102e-05
0,0,2.1900368233920102e-05
0,0,2.1900368233920102e-05
0,0,2.1900368233920102e-05
0,0,2.1900368233920102e-05
0,0,2.1900368233920102e-05
0,0,2.1900368233920102e-05
0,0,2.1900368233920102e-05
0,0,2.1900368233920102e-05
0,0,2.1900368233920102e-05
0,0,2.1900368233920102e-05
0,0,2.1900368233920102e-05
0,0,2.1900368233920102e-05
0,0,2.1900368233920102e-05
0,0,2.1900368233920102e-05
1,1,0.9999780982689799
0,0,2.1900368233920102e-05
0,0,2.1900368233920102e-05
0,0,2.163765449622024e-05
0,0,2.1900368233920102e-05
1,1,0.9999780982689799
0,0,2.1900368233920102e-05
0,0,2.1900368233920102e-05
0,0,2.1900368233920102e-05
0,0,2.1900368233920102e-05
1,1,0.9999780982689799
0,0,2.1900368233920102e-05
0,0,2.1900368233920102e-05
0,0,2.1900368233920102e-05
1,1,0.9997786054652308
0,0,2.1900368233920102e-05
0,0,2.1900368233920102e-05
0,0,2.1900368233920102e-05
0,0,2.1900368233920102e-05
0,0,2.1900368233920102e-05
0,0,2.1900368233920102e-05
0,0,2.1900368233920102e-05
1,1,0.9999780982689799
0,0,2.1410566012135873e-05
0,0,2.1900368233920102e-05
0,0,2.1900368233920102e-05
0,0,2.1900368233920102e-05
0,0,2.1900368233920102e-05
0,0,2.1900368233920102e-05
1,1,0.9999780982689799
0,0,2.1900368233920102e-05
0,0,2.1900368233920102e-05
0,0,2.1900368233920102e-05
0,0,2.1900368233920102e-05
0,0,2.1900368233920102e-05
0,0,2.1900368233920102e-05
0,0,2.1900368233920102e-05
0,0,2.1900368233920102e-05
0,0,2.1900368233920102e-05
0,0,2.1900368233920102e-05
0,0,2.1900368233920102e-05
0,0,2.1900368233920102e-05
1,1,0.9999780982689799
1,1,0.9999782115187699
0,0,2.1900368233920102e-05
0,0,2.1900368233920102e-05
0,0,2.1900368233920102e-05
0,0,2.1900368233920102e-05
1,1,0.9999780982689799
0,0,2.1900368233920102e-05
0,0,2.1900368233920102e-05
0,0,2.1900368233920102e-05
0,0,2.1900368233920102e-05
0,0,2.1900368233920102e-05
0,0,2.1900368233920102e-05
0,0,2.1900368233920102e-05
0,0,2.1900368233920102e-05
0,0,2.1900368233920102e-05
0,0,4.516196649353102e-05
0,0,2.1900368233920102e-05
0,0,2.1900368233920102e-05
0,0,2.1900368233920102e-05
0,0,2.1900368233920102e-05
0,0,2.190032900518737e-05
1,1,0.9999780982689799
1,1,0.9999780982689799
0,0,2.1900368233920102e-05
0,0,2.1900368233920102e-05
0,0,2.190032900518737e-05
0,0,2.1900368233920102e-05
0,0,2.1900368233920102e-05
0,0,2.1900368233920102e-05
0,0,2.1900368233920102e-05
0,0,2.1900368233920102e-05
0,0,2.1900368233920102e-05
0,0,2.1900368233920102e-05
0,0,2.1900368233920102e-05
1,1,0.9999780982689799
0,0,2.1900368233920102e-05
0,0,2.1900368233920102e-05
0,0,2.1900368233920102e-05
0,0,2.1900368233920102e-05
0,0,2.1759094668752983e-05
0,0,2.680627805561893e-05
0,0,2.1900368233920102e-05
0,0,2.1900368233920102e-05
0,0,2.1900368233920102e-05
0,0,2.190032900518737e-05
0,0,2.1900368233920102e-05
1,1,0.9999780982689799
0,0,2.1900368233920102e-05
1,1,0.9999780982689799
0,0,2.1900368233920102e-05
0,0,2.1900368233920102e-05
0,0,2.1900368233920102e-05
1,1,0.9999780982689799
0,0,2.1900368233920102e-05
0,0,2.1900368233920102e-05
0,0,2.1849638289488447e-05
0,0,2.3332397561467826e-05
1,1,0.9999780982689799
1,1,0.9999780982689799
0,0,2.1900368233920102e-05
1,1,0.9999780982689799
0,0,2.1900368233920102e-05
0,0,2.1900368233920102e-05
0,0,2.1900368233920102e-05
0,0,2.1900368233920102e-05
0,0,2.1900368233920102e-05
0,0,2.1849638289488447e-05
0,0,2.1900368233920102e-05
0,0,2.1900368233920102e-05
0,0,2.1849638289488447e-05
0,0,2.1900368233920102e-05
0,0,2.1900368233920102e-05
0,0,2.1849638289488447e-05
0,0,2.1900368233920102e-05
1,1,0.9999780982689799
0,0,2.1900368233920102e-05
0,0,2.1900368233920102e-05
0,0,2.179152769328258e-05
0,0,2.1900368233920102e-05
0,0,2.1900368233920102e-05
0,0,2.1900368233920102e-05
0,0,2.1900368233920102e-05
0,0,2.1900368233920102e-05
0,0,2.1900368233920102e-05
1,1,0.9999780982689799
0,0,2.1900368233920102e-05
0,0,2.1900368233920102e-05
0,0,2.1900368233920102e-05
0,0,2.1900368233920102e-05
0,0,2.1900368233920102e-05
0,0,2.1900368233920102e-05
0,0,2.1900368233920102e-05
0,0,2.1900368233920102e-05
1,1,0.9999780982689799
0,0,2.1900368233920102e-05
0,0,2.1900368233920102e-05
0,0,2.1900368233920102e-05
0,0,2.1900368233920102e-05
0,0,2.1900368233920102e-05
0,0,2.1900368233920102e-05
0,0,2.1900368233920102e-05
0,0,2.1900368233920102e-05
0,0,2.1900368233920102e-05
0,0,2.1900368233920102e-05
0,0,5.759576397312702e-05
0,0,2.1900368233920102e-05
0,0,2.1900368233920102e-05
0,0,2.1900368233920102e-05
0,0,2.1900368233920102e-05
0,0,2.1900368233920102e-05
0,0,2.1900368233920102e-05
0,0,2.1900368233920102e-05
0,0,2.1900368233920102e-05
0,0,2.1900368233920102e-05
0,0,2.1900368233920102e-05
0,0,2.1900368233920102e-05
0,0,2.1900368233920102e-05
0,0,2.1900368233920102e-05
0,0,2.168441260205949e-05
1,1,0.9999780982689799
0,0,2.1900368233920102e-05
1,1,0.9999778344768485
0,0,2.1900368233920102e-05
0,0,2.1900368233920102e-05
0,0,2.1900368233920102e-05
1,1,0.9999780982689799
0,0,2.1900368233920102e-05
0,0,2.1900368233920102e-05
0,0,2.1900368233920102e-05
0,0,2.1900368233920102e-05
0,0,2.1216610019343522e-05
0,0,2.1900368233920102e-05
0,0,2.1900368233920102e-05
0,0,2.1900368233920102e-05
0,0,2.1900368233920102e-05
0,0,2.1900368233920102e-05
0,0,2.1900368233920102e-05
0,0,2.1900368233920102e-05
0,0,2.1900368233920102e-05
0,0,2.1900368233920102e-05
0,0,2.1900368233920102e-05
0,0,2.1900368233920102e-05
0,0,2.1849638289488447e-05
0,0,2.1900368233920102e-05
1,1,0.9999780982689799
0,0,2.1900368233920102e-05
1,1,0.9999780982689799
0,0,2.1900368233920102e-05
0,0,2.1900368233920102e-05
0,0,2.1900368233920102e-05
0,0,2.1900368233920102e-05
0,0,2.1900368233920102e-05
0,0,2.1900368233920102e-05
0,0,2.1900368233920102e-05
0,0,2.1900368233920102e-05
0,0,2.1900368233920102e-05
0,0,2.1900368233920102e-05
1,1,0.9999780982689799
0,0,2.1900368233920102e-05
1,1,0.9999780982689799
0,0,2.1900368233920102e-05
0,0,2.1900368233920102e-05
0,0,2.1900368233920102e-05
0,0,2.1900368233920102e-05
0,0,2.1900368233920102e-05
0,0,2.1900368233920102e-05
1,1,0.9999780982689799
0,0,2.1900368233920102e-05
0,0,2.1900368233920102e-05
0,0,2.1900368233920102e-05
0,0,2.1900368233920102e-05
0,0,2.1900368233920102e-05
0,0,2.1900368233920102e-05
0,0,2.1900368233920102e-05
0,0,2.1900368233920102e-05
0,0,2.1900368233920102e-05
0,0,2.1849638289488447e-05
1,1,0.9999780982689799
0,0,2.1900368233920102e-05
0,0,2.1900368233920102e-05
0,0,3.12126233514303e-05
1,1,0.9999780982689799
1,1,0.9999780982689799
1,1,0.9999780982689799
0,0,2.1900368233920102e-05
0,0,2.1900368233920102e-05
0,0,2.1900368233920102e-05
0,0,2.1900368233920102e-05
0,0,2.1900368233920102e-05
0,0,2.1900368233920102e-05
0,0,2.1900368233920102e-05
0,0,2.1849638289488447e-05
1,1,0.9999780982689799
0,0,2.1900368233920102e-05
1,1,0.9997700227809065
0,0,2.1900368233920102e-05
0,0,2.1900368233920102e-05
0,0,2.1900368233920102e-05
0,0,2.1900368233920102e-05
0,0,2.1900368233920102e-05
0,0,2.2220866753855315e-05
0,0,2.1900368233920102e-05
1,1,0.9999780982689799
1,1,0.9999780982689799
1,1,0.9999780982689799
0,0,2.1900368233920102e-05
0,0,2.1900368233920102e-05
0,0,2.1900368233920102e-05
0,0,5.51247333014274e-05
0,0,2.1900368233920102e-05
0,0,2.1900368233920102e-05
0,0,2.1900368233920102e-05
0,0,2.1900368233920102e-05
0,0,2.1900368233920102e-05
0,0,2.1900368233920102e-05
0,0,2.1900368233920102e-05
1,1,0.9999780982689799
1,1,0.9999780982689799
0,0,2.1900368233920102e-05
0,0,2.1900368233920102e-05
0,0,2.1900368233920102e-05
1,1,0.9999780982689799
0,0,2.7029286446977173e-05
0,0,2.1900368233920102e-05
0,0,2.1900368233920102e-05
0,0,2.1900368233920102e-05
1,1,0.9999780982689799
0,0,2.1900368233920102e-05
0,0,2.1900368233920102e-05
0,0,2.1900368233920102e-05
0,0,2.1900368233920102e-05
0,0,2.1900368233920102e-05
0,0,2.190032900518737e-05
0,0,2.1900368233920102e-05
0,0,2.1900368233920102e-05
0,0,2.1900368233920102e-05
0,0,2.190032900518737e-05
0,0,2.1900368233920102e-05
0,0,2.1900368233920102e-05
0,0,2.1900368233920102e-05
0,0,2.1900368233920102e-05
0,0,2.1900368233920102e-05
0,0,2.1900368233920102e-05
0,0,2.190032900518737e-05
0,0,2.190032900518737e-05
0,0,2.1900368233920102e-05
0,0,2.1900368233920102e-05
0,0,2.1900368233920102e-05
0,0,2.1900368233920102e-05
0,0,2.1900368233920102e-05
0,0,2.1900368233920102e-05
0,0,2.1900368233920102e-05
1,1,0.9999780982689799
0,0,2.1900368233920102e-05
0,0,2.179152769328258e-05
0,0,2.1900368233920102e-05
0,0,2.1900368233920102e-05
0,0,2.1900368233920102e-05
0,0,2.1900368233920102e-05
0,0,2.1900368233920102e-05
1,1,0.9999780982689799
0,0,2.5505658990037842e-05
0,0,2.1900368233920102e-05
1,1,0.9999780982689799
0,0,2.1900368233920102e-05
0,0,2.1900368233920102e-05
0,0,2.1900368233920102e-05
0,0,2.1900368233920102e-05
0,0,2.1900368233920102e-05
0,0,2.8302629262848183e-05
1,1,0.9999780982689799
0,0,2.1900368233920102e-05
0,0,2.1900368233920102e-05
0,0,2.1900368233920102e-05
0,0,2.1900368233920102e-05
0,0,2.1900368233920102e-05
0,0,2.1900368233920102e-05
0,0,2.1900368233920102e-05
0,0,2.1900368233920102e-05
0,0,2.1900368233920102e-05
0,0,2.1849638289488447e-05
0,0,2.1900368233920102e-05
0,0,2.1900368233920102e-05
0,0,2.1900368233920102e-05
0,0,2.1900368233920102e-05
0,0,2.1900368233920102e-05
1,1,0.9999780982689799
0,0,2.1900368233920102e-05
0,0,2.1900368233920102e-05
0,0,2.1900368233920102e-05
0,0,2.1900368233920102e-05
0,0,2.1900368233920102e-05
0,0,2.1900368233920102e-05
0,0,2.1900368233920102e-05
0,0,2.1900368233920102e-05
0,0,2.1900368233920102e-05
0,0,2.1900368233920102e-05
0,0,2.1849638289488447e-05
0,0,2.1900368233920102e-05
0,0,2.1900368233920102e-05
0,0,2.1900368233920102e-05
1,1,0.9999780982689799
0,0,2.1900368233920102e-05
0,0,2.1900368233920102e-05
0,0,2.1900368233920102e-05
0,0,2.1900368233920102e-05
0,0,2.1900368233920102e-05
0,0,2.1900368233920102e-05
0,0,2.1900368233920102e-05
1,1,0.9999780982689799
0,0,2.6642133931980046e-05
0,0,2.1900368233920102e-05
0,0,2.190032900518737e-05
1,1,0.9999780982689799
0,0,2.1900368233920102e-05
0,0,2.1900368233920102e-05
0,0,2.1900368233920102e-05
0,0,2.1900368233920102e-05
0,0,2.1900368233920102e-05
0,0,2.1900368233920102e-05
0,0,2.1900368233920102e-05
0,0,2.1900368233920102e-05
0,0,2.1702930865998866e-05
0,0,2.1900368233920102e-05
0,0,2.1900368233920102e-05
0,0,2.1900368233920102e-05
0,0,2.1900368233920102e-05
1,1,0.9999780982689799
0,0,2.1849638289488447e-05
0,0,2.1900368233920102e-05
0,0,2.1900368233920102e-05
1,1,0.9999780982689799
1,1,0.9999780982689799
1,1,0.9999780982689799
0,0,2.1849638289488447e-05
0,0,3.12322786646715e-05
0,0,2.1900368233920102e-05
0,0,2.1900368233920102e-05
0,0,2.1900368233920102e-05
0,0,2.1900368233920102e-05
0,0,2.1900368233920102e-05
0,0,2.1900368233920102e-05
0,0,2.1900368233920102e-05
0,0,2.1900368233920102e-05
0,0,2.1900368233920102e-05
0,0,2.1900368233920102e-05
1,1,0.9999780982689799
0,0,2.1900368233920102e-05
0,0,2.1900368233920102e-05
0,0,2.1900368233920102e-05
0,1,0.932631586348159
0,0,2.1900368233920102e-05
0,0,2.1900368233920102e-05
1,1,0.9999780982689799
0,0,2.1900368233920102e-05
1,1,0.9999780982689799
1,1,0.9999780982689799
0,0,2.190032900518737e-05
0,0,2.1900368233920102e-05
0,0,4.985384986275642e-05
0,0,2.1900368233920102e-05
0,0,2.1900368233920102e-05
0,0,2.1900368233920102e-05
1,1,0.9999751735133356
0,0,2.1900368233920102e-05
0,0,2.1900368233920102e-05
0,0,2.1900368233920102e-05
1,1,0.9999780982689799
0,0,2.1900368233920102e-05
0,0,2.1900368233920102e-05
0,0,2.1900368233920102e-05
0,0,2.1900368233920102e-05
0,0,2.1900368233920102e-05
0,0,2.1900368233920102e-05
0,0,2.1900368233920102e-05
0,0,2.1900368233920102e-05
0,0,2.1900368233920102e-05
0,0,2.1900368233920102e-05
0,0,2.1900368233920102e-05
0,0,2.1900368233920102e-05
0,0,2.1900368233920102e-05
0,0,2.1900368233920102e-05
0,0,2.1759094668752983e-05
0,0,2.1900368233920102e-05
1,1,0.9999780982689799
0,0,2.1900368233920102e-05
1,1,0.9999780982689799
0,0,0.05020236430047379
0,0,2.1900368233920102e-05
0,0,2.1900368233920102e-05
0,0,2.1849638289488447e-05
0,0,2.1900368233920102e-05
0,0,2.1900368233920102e-05
1,1,0.9999780982689799
0,0,2.1900368233920102e-05
0,0,2.1900368233920102e-05
0,0,2.1900368233920102e-05
0,0,2.1900368233920102e-05
0,0,3.07892894688763e-05
0,0,2.1900368233920102e-05
0,0,2.1900368233920102e-05
0,0,2.1900368233920102e-05
1,1,0.9999780982689799
0,0,2.1900368233920102e-05
0,0,2.1900368233920102e-05
0,0,2.1900368233920102e-05
0,0,2.1900368233920102e-05
0,0,2.1900368233920102e-05
0,0,2.1900368233920102e-05
0,0,2.1900368233920102e-05
0,0,2.1900368233920102e-05
1,1,0.9999780982689799
0,0,2.1900368233920102e-05
0,0,2.7302840120043635e-05
0,0,2.1900368233920102e-05
0,0,2.190032900518737e-05
0,0,2.1900368233920102e-05
0,0,2.1900368233920102e-05
0,0,2.1900368233920102e-05
0,0,2.1900368233920102e-05
0,0,2.1900368233920102e-05
0,0,2.1900368233920102e-05
1,1,0.9999780982689799
0,0,2.1900368233920102e-05
0,0,2.3332397561467826e-05
0,0,2.1900368233920102e-05
0,0,2.1900368233920102e-05
0,0,2.190032900518737e-05
0,0,2.1900368233920102e-05
0,0,2.1900368233920102e-05
0,0,2.1900368233920102e-05
0,0,2.1900368233920102e-05
0,0,2.1900368233920102e-05
0,0,2.1900368233920102e-05
0,0,2.1900368233920102e-05
1,1,0.9999780982689799
0,0,2.1900368233920102e-05
0,0,2.1900368233920102e-05
0,0,2.1900368233920102e-05
0,0,2.1900368233920102e-05
0,0,2.1900368233920102e-05
0,0,2.1900368233920102e-05
0,0,2.1900368233920102e-05
0,0,2.1900368233920102e-05
0,0,2.1900368233920102e-05
0,0,2.1900368233920102e-05
0,0,2.190032900518737e-05
1,1,0.9999781178718979
0,0,2.1900368233920102e-05
1,1,0.9999780982689799
0,0,2.1900368233920102e-05
1,1,0.9999780982689799
0,0,2.1900368233920102e-05
0,0,2.190032900518737e-05
0,0,0.0002684765596770974
0,0,2.1900368233920102e-05
0,0,2.1900368233920102e-05
0,0,7.334708808439915e-05
0,0,2.1900368233920102e-05
0,0,2.1900368233920102e-05
0,0,2.1900368233920102e-05
0,0,2.1900368233920102e-05
0,0,2.190032900518737e-05
0,0,2.1900368233920102e-05
0,0,2.1688931300343456e-05
0,0,2.190032900518737e-05
0,0,2.1900368233920102e-05
1,1,0.9999780982689799
0,0,2.1900368233920102e-05
0,0,2.1900368233920102e-05
0,0,2.1900368233920102e-05
0,0,2.190032900518737e-05
0,0,2.1900368233920102e-05
0,0,2.1900368233920102e-05
0,0,2.1900368233920102e-05
0,0,2.1900368233920102e-05
0,0,2.1900368233920102e-05
0,0,2.1900368233920102e-05
0,0,2.1900368233920102e-05
0,0,2.1900368233920102e-05
0,0,2.1900368233920102e-05
0,0,2.1900368233920102e-05
0,0,2.1900368233920102e-05
0,0,2.1900368233920102e-05
0,0,2.1900368233920102e-05
0,0,2.1900368233920102e-05
0,0,2.1900368233920102e-05
0,0,2.1900368233920102e-05
0,0,2.1900368233920102e-05
1,1,0.9999780982689799
0,0,2.1900368233920102e-05
0,0,2.1900368233920102e-05
0,0,2.1900368233920102e-05
0,0,2.1900368233920102e-05
0,0,2.160057294560227e-05
0,0,2.1849638289488447e-05
0,0,2.1900368233920102e-05
1,1,0.9999780982689799
0,0,2.1900368233920102e-05
0,0,2.1900368233920102e-05
0,0,2.1849638289488447e-05
0,0,2.1900368233920102e-05
0,0,2.1900368233920102e-05
0,0,2.1900368233920102e-05
0,0,3.793190041046112e-05
1,1,0.9999780982689799
0,0,2.1900368233920102e-05
0,0,2.1900368233920102e-05
1,1,0.9999780982689799
0,0,2.1900368233920102e-05
0,0,2.1900368233920102e-05
0,0,2.1900368233920102e-05
0,0,2.1900368233920102e-05
0,0,2.1900368233920102e-05
0,0,2.1900368233920102e-05
0,0,2.1900368233920102e-05
0,0,2.1900368233920102e-05
0,0,2.1900368233920102e-05
0,0,2.1900368233920102e-05
0,0,2.1900368233920102e-05
0,0,2.1900368233920102e-05
0,0,2.1900368233920102e-05
1,1,0.9999780982689799
0,0,2.1900368233920102e-05
0,0,2.1900368233920102e-05
1,1,0.9999780982689799
0,0,2.177420401507351e-05
0,0,2.1900368233920102e-05
1,1,0.9999780982689799
0,0,2.1900368233920102e-05
0,0,2.1900368233920102e-05
1,1,0.9999780982689799
0,0,2.1900368233920102e-05
1,1,0.9999780982689799
0,0,2.1900368233920102e-05
0,0,2.1900368233920102e-05
0,0,2.1900368233920102e-05
0,0,2.1900368233920102e-05
0,0,2.1900368233920102e-05
0,0,2.1900368233920102e-05
0,0,2.1900368233920102e-05
1,1,0.9999780982689799
0,0,2.1900368233920102e-05
0,0,2.1900368233920102e-05
1,1,0.9999780982689799
0,0,2.1900368233920102e-05
0,0,2.1900368233920102e-05
1,1,0.9999780982689799
0,0,2.1900368233920102e-05
0,0,2.6776089346833974e-05
1,1,0.9999780982689799
0,0,2.1900368233920102e-05
0,0,2.1900368233920102e-05
0,0,2.1900368233920102e-05
0,0,2.1900368233920102e-05
0,0,2.1900368233920102e-05
1,1,0.9999780982689799
0,0,2.190032900518737e-05
0,0,2.1900368233920102e-05
0,0,2.1849638289488447e-05
1,1,0.9999780982689799
0,0,2.190032900518737e-05
0,0,2.1900368233920102e-05
0,0,2.179152769328258e-05
0,0,2.1900368233920102e-05
0,0,2.1900368233920102e-05
0,0,2.1900368233920102e-05
1,1,0.9999780982689799
1,1,0.9999780982689799
0,0,2.1850810655113965e-05
0,0,2.1900368233920102e-05
0,0,2.1900368233920102e-05
0,0,2.1900368233920102e-05
0,0,2.1900368233920102e-05
0,0,2.1900368233920102e-05
1,1,0.9999493444736961
0,0,3.878136226952396e-05
0,0,2.1900368233920102e-05
0,0,2.1900368233920102e-05
0,0,2.1900368233920102e-05
0,0,2.1900368233920102e-05
0,0,2.1900368233920102e-05
0,0,2.1900368233920102e-05
0,0,2.1900368233920102e-05
0,0,2.1900368233920102e-05
0,0,2.1900368233920102e-05
0,0,2.1849638289488447e-05
0,0,3.052531096955261e-05
0,0,2.1900368233920102e-05
0,0,2.1900368233920102e-05
0,0,2.1900368233920102e-05
0,0,2.1900368233920102e-05
1,1,0.9999780982689799
0,0,2.1900368233920102e-05
0,0,2.1900368233920102e-05
1,1,0.9999780982689799
0,0,2.1900368233920102e-05
0,0,2.1900368233920102e-05
0,0,2.1900368233920102e-05
1,1,0.9999780982689799
0,0,2.1900368233920102e-05
0,0,2.1900368233920102e-05
1,1,0.9999780982689799
1,1,0.9999780982689799
0,0,2.1850216823955003e-05
0,0,2.1900368233920102e-05
0,0,2.1900368233920102e-05
0,0,2.1900368233920102e-05
0,0,5.268498149943384e-05
1,1,0.9999780982689799
0,0,2.1900368233920102e-05
1,1,0.9999780982689799
0,0,2.1900368233920102e-05
0,0,2.190032900518737e-05
1,1,0.9999780982689799
0,0,2.1900368233920102e-05
0,0,2.1900368233920102e-05
0,0,2.1900368233920102e-05
0,0,2.1900368233920102e-05
0,0,2.1900368233920102e-05
0,0,2.1900368233920102e-05
0,0,2.1900368233920102e-05
1,1,0.9999780982689799
0,0,2.1900368233920102e-05
0,0,2.1900368233920102e-05
0,0,2.1900368233920102e-05
0,0,2.1900368233920102e-05
0,0,2.1900368233920102e-05
0,0,2.168382108031741e-05
1,1,0.9999780982689799
0,0,2.190032900518737e-05
0,0,2.1900368233920102e-05
0,0,2.190032900518737e-05
0,0,2.1900368233920102e-05
0,0,2.1900368233920102e-05
0,0,2.1900368233920102e-05
0,0,2.1900368233920102e-05
1,1,0.9999780982689799
0,0,2.1900368233920102e-05
0,0,2.1900368233920102e-05
1,1,0.9999780982689799
0,0,2.1900368233920102e-05
0,0,2.190032900518737e-05
0,0,2.1900368233920102e-05
0,0,2.1900368233920102e-05
0,0,2.1900368233920102e-05
0,0,2.1900368233920102e-05
1,1,0.9999780982689799
0,0,2.1900368233920102e-05
0,0,2.1900368233920102e-05
0,0,2.1900368233920102e-05
0,0,2.1900368233920102e-05
0,0,2.1849638289488447e-05
0,0,2.1809262908510643e-05
0,0,2.1900368233920102e-05
0,0,2.1900368233920102e-05
0,0,2.1900368233920102e-05
0,0,2.1900368233920102e-05
0,0,2.1900368233920102e-05
0,0,2.1900368233920102e-05
0,0,2.1900368233920102e-05
0,0,2.1900368233920102e-05
0,0,2.1849638289488447e-05
0,0,2.1900368233920102e-05
0,0,2.1900368233920102e-05
0,0,2.1900368233920102e-05
0,0,2.190032900518737e-05
0,0,2.1900368233920102e-05
0,0,2.1900368233920102e-05
1,1,0.9999780982689799
0,0,2.1900368233920102e-05
0,0,2.190032900518737e-05
1,1,0.9999780982689799
1,1,0.9999780982689799
0,0,2.1900368233920102e-05
0,0,2.190032900518737e-05
0,0,2.1900368233920102e-05
0,0,2.1900368233920102e-05
0,0,2.1900368233920102e-05
0,0,2.1900368233920102e-05
0,0,2.1900368233920102e-05
0,0,2.160057294560227e-05
1,1,0.9999780982689799
1,1,0.9999780982689799
0,0,2.1849638289488447e-05
1,1,0.9999780982689799
0,0,2.1900368233920102e-05
0,0,2.1900368233920102e-05
1,1,0.9999780982689799
0,0,2.1900368233920102e-05
0,0,2.1900368233920102e-05
0,0,2.1900368233920102e-05
0,0,2.1900368233920102e-05
0,0,2.1900368233920102e-05
0,0,2.1900368233920102e-05
1,1,0.9999780982689799
0,0,2.1900368233920102e-05
1,1,0.9999780982689799
0,0,2.1158381873217797e-05
0,0,2.1900368233920102e-05
0,0,2.190032900518737e-05
1,1,0.9999780982689799
0,0,2.1900368233920102e-05
0,0,2.1900368233920102e-05
0,0,2.1900368233920102e-05
0,0,2.1900368233920102e-05
0,0,2.1900368233920102e-05
0,0,2.1900368233920102e-05
0,0,2.1900368233920102e-05
0,0,2.1900368233920102e-05
0,0,2.1900368233920102e-05
0,0,2.1900368233920102e-05
0,0,2.1900368233920102e-05
1,1,0.9999780982689799
0,0,2.1900368233920102e-05
0,0,2.1900368233920102e-05
0,0,2.1900368233920102e-05
1,1,0.9999780982689799
0,0,2.1900368233920102e-05
0,0,2.1900368233920102e-05
0,0,2.1900368233920102e-05
0,0,2.1900368233920102e-05
0,0,2.1900368233920102e-05
0,0,2.190032900518737e-05
0,0,2.1900368233920102e-05
0,0,2.1900368233920102e-05
0,0,2.1900368233920102e-05
0,0,2.1900368233920102e-05
0,0,2.1900368233920102e-05
0,0,2.1900368233920102e-05
0,0,2.1900368233920102e-05
1,1,0.9999780982689799
0,0,2.1900368233920102e-05
0,0,2.1900368233920102e-05
0,0,2.1900368233920102e-05
0,0,2.1900368233920102e-05
0,0,2.1900368233920102e-05
0,0,2.1900368233920102e-05
1,1,0.9999780982689799
0,0,2.1702930865998866e-05
1,1,0.9999780982689799
0,0,2.190032900518737e-05
0,0,2.1900368233920102e-05
0,0,2.1900368233920102e-05
0,0,2.1900368233920102e-05
0,0,2.1900368233920102e-05
0,0,2.1900368233920102e-05
0,0,2.29878905589887e-05
1,1,0.9999780982689799
0,0,2.1900368233920102e-05
1,1,0.9999780982689799
0,0,2.1900368233920102e-05
0,0,2.1900368233920102e-05
0,0,2.1900368233920102e-05
0,0,2.1849638289488447e-05
0,0,2.1900368233920102e-05
0,0,2.1900368233920102e-05
0,0,2.1900368233920102e-05
0,0,2.1900368233920102e-05
0,0,2.1900368233920102e-05
0,0,2.1900368233920102e-05
0,0,2.1900368233920102e-05
0,0,0.00018018002048244902
0,0,2.1900368233920102e-05
0,0,2.1900368233920102e-05
0,0,2.1900368233920102e-05
0,0,2.1900368233920102e-05
0,0,2.1900368233920102e-05
0,0,2.1900368233920102e-05
0,0,4.425401329543686e-05
0,0,2.1900368233920102e-05
0,0,2.190032900518737e-05
0,0,2.1900368233920102e-05
0,0,2.1900368233920102e-05
0,0,2.1900368233920102e-05
0,0,2.1900368233920102e-05
0,0,2.1900368233920102e-05
0,0,2.1900368233920102e-05
0,0,2.1900368233920102e-05
0,0,2.190032900518737e-05
0,0,2.1900368233920102e-05
0,0,2.1900368233920102e-05
0,0,2.1900368233920102e-05
0,0,2.1900368233920102e-05
0,0,2.180649931902061e-05
0,0,2.1900368233920102e-05
1,1,0.9999780982689799
0,0,2.1900368233920102e-05
0,0,2.1850216823955003e-05
0,0,2.1849638289488447e-05
0,0,2.1900368233920102e-05
0,0,2.1900368233920102e-05
0,0,2.1900368233920102e-05
0,0,2.1900368233920102e-05
0,0,2.1900368233920102e-05
0,0,2.1900368233920102e-05
0,0,2.1643175758530427e-05
0,0,2.190032900518737e-05
0,0,2.1900368233920102e-05
0,0,2.1900368233920102e-05
0,0,2.1900368233920102e-05
0,0,2.1900368233920102e-05
0,0,2.1900368233920102e-05
1,1,0.9999614543033543
0,0,2.1900368233920102e-05
0,0,2.1900368233920102e-05
0,0,2.1900368233920102e-05
0,0,2.1900368233920102e-05
0,0,2.1900368233920102e-05
0,0,2.1900368233920102e-05
0,0,2.1900368233920102e-05
0,0,2.1900368233920102e-05
0,0,2.1900368233920102e-05
0,0,2.1900368233920102e-05
0,0,2.1900368233920102e-05
1,1,0.9999780982689799
0,0,2.1900368233920102e-05
0,0,2.1900368233920102e-05
0,0,2.1900368233920102e-05
0,0,2.190032900518737e-05
0,0,2.1900368233920102e-05
0,0,2.1900368233920102e-05
1,1,0.9999780982689799
0,0,2.1849638289488447e-05
0,0,2.1900368233920102e-05
0,0,2.1900368233920102e-05
0,0,2.1900368233920102e-05
0,0,2.1900368233920102e-05
0,0,2.1900368233920102e-05
0,0,2.1900368233920102e-05
0,0,2.1900368233920102e-05
0,0,2.1900368233920102e-05
0,0,2.1900368233920102e-05
0,0,2.1900368233920102e-05
0,0,2.190032900518737e-05
0,0,2.1900368233920102e-05
0,0,2.1900368233920102e-05
0,0,2.1900368233920102e-05
0,0,2.1900368233920102e-05
0,0,2.1900368233920102e-05
0,0,2.1900368233920102e-05
0,0,2.1900368233920102e-05
1,1,0.9999780982689799
0,0,2.1900368233920102e-05
1,1,0.9999782077488997
0,0,2.1900368233920102e-05
0,0,2.1900368233920102e-05
0,0,2.190032900518737e-05
0,0,2.1900368233920102e-05
0,0,2.1900368233920102e-05
0,0,2.1900368233920102e-05
1,1,0.9999780982689799
1,1,0.9999517710965946
0,0,2.1849638289488447e-05
0,0,2.1900368233920102e-05
0,0,2.1900368233920102e-05
0,0,2.1900368233920102e-05
0,0,2.1849638289488447e-05
0,0,2.1849638289488447e-05
0,0,2.1849638289488447e-05
0,0,2.1900368233920102e-05
0,0,2.1900368233920102e-05
0,0,2.1900368233920102e-05
0,0,2.1900368233920102e-05
0,0,2.1849638289488447e-05
0,0,2.1900368233920102e-05
1,1,0.9999780982689799
0,0,2.1900368233920102e-05
0,0,2.1900368233920102e-05
0,0,2.1900368233920102e-05
0,0,2.1900368233920102e-05
0,0,2.1900368233920102e-05
0,0,2.1900368233920102e-05
0,0,2.1900368233920102e-05
0,0,2.1900368233920102e-05
0,0,2.1900368233920102e-05
0,0,2.1900368233920102e-05
0,0,2.1900368233920102e-05
1,1,0.9999780982689799
0,0,2.1900368233920102e-05
0,0,2.1900368233920102e-05
0,0,2.1900368233920102e-05
0,0,2.1900368233920102e-05
1,1,0.9999780982689799
0,0,2.1688931300343456e-05
0,0,2.1900368233920102e-05
0,0,2.1900368233920102e-05
0,0,2.1900368233920102e-05
0,0,2.1900368233920102e-05
0,0,2.1900368233920102e-05
0,0,2.1900368233920102e-05
0,0,2.1900368233920102e-05
1,1,0.9999780982689799
0,0,2.1900368233920102e-05
0,0,2.1900368233920102e-05
0,0,2.1900368233920102e-05
0,0,2.1900368233920102e-05
0,0,2.1900368233920102e-05
0,0,2.1900368233920102e-05
0,0,2.1849638289488447e-05
0,0,2.1900368233920102e-05
0,0,2.1900368233920102e-05
0,0,2.1900368233920102e-05
0,0,2.1900368233920102e-05
0,0,2.1900368233920102e-05
0,0,2.1900368233920102e-05
0,0,2.1900368233920102e-05
0,0,2.190032900518737e-05
0,0,2.1900368233920102e-05
0,0,2.190032900518737e-05
0,0,2.1900368233920102e-05
0,0,2.1849638289488447e-05
0,0,2.1900368233920102e-05
1,1,0.9999780982689799
0,0,2.1900368233920102e-05
0,0,2.190032900518737e-05
0,0,2.1900368233920102e-05
0,0,2.1900368233920102e-05
0,0,2.1900368233920102e-05
0,0,2.1900368233920102e-05
0,0,2.1900368233920102e-05
0,0,2.1900368233920102e-05
0,0,2.1900368233920102e-05
0,0,2.1900368233920102e-05
0,0,2.1849638289488447e-05
0,0,2.1900368233920102e-05
0,0,2.1900368233920102e-05
0,0,3.543837463717793e-05
0,0,2.1900368233920102e-05
1,1,0.9999780982689799
1,1,0.9999780982689799
0,0,2.1900368233920102e-05
0,0,2.1849638289488447e-05
0,0,2.190032900518737e-05
0,0,2.1688931300343456e-05
0,0,2.1900368233920102e-05
0,0,2.1849638289488447e-05
0,0,2.1900368233920102e-05
0,0,2.1900368233920102e-05
0,0,2.1900368233920102e-05
1,1,0.9999780982689799
0,0,2.1900368233920102e-05
0,0,2.1900368233920102e-05
0,0,2.1900368233920102e-05
0,0,2.1900368233920102e-05
0,0,2.1849638289488447e-05
0,0,2.1900368233920102e-05
0,0,2.1900368233920102e-05
1,1,0.9999780982689799
0,0,2.1900368233920102e-05
1,1,0.9999780982689799
0,0,2.3073620665295798e-05
0,0,2.1900368233920102e-05
0,0,2.1900368233920102e-05
0,0,2.1900368233920102e-05
0,0,2.1900368233920102e-05
0,0,2.1900368233920102e-05
0,0,2.1900368233920102e-05
0,0,2.1900368233920102e-05
0,0,2.1849638289488447e-05
0,0,2.1900368233920102e-05
0,0,2.1900368233920102e-05
0,0,2.1900368233920102e-05
1,1,0.9999780982689799
1,1,0.9999780982689799
0,0,2.1900368233920102e-05
0,0,2.1900368233920102e-05
0,0,2.1900368233920102e-05
0,0,2.1900368233920102e-05
0,0,2.1900368233920102e-05
0,0,2.1900368233920102e-05
0,0,2.1900368233920102e-05
0,0,2.1900368233920102e-05
0,0,2.1900368233920102e-05
1,1,0.9999780982689799
0,0,2.1900368233920102e-05
0,0,2.1900368233920102e-05
0,0,2.1900368233920102e-05
0,0,2.1900368233920102e-05
0,0,2.190032900518737e-05
0,0,2.1900368233920102e-05
0,0,2.1900368233920102e-05
0,0,2.1900368233920102e-05
0,0,2.1900368233920102e-05
1,1,0.9999780982689799
0,0,2.1900368233920102e-05
1,1,0.9999479232862521
1,1,0.9999780982689799
0,0,2.1900368233920102e-05
0,0,2.1900368233920102e-05
0,0,2.1900368233920102e-05
0,0,2.1900368233920102e-05
0,0,2.168382108031741e-05
1,1,0.9999780982689799
0,0,2.1900368233920102e-05
0,0,2.1900368233920102e-05
0,0,2.1900368233920102e-05
0,0,2.190032900518737e-05
0,0,2.190032900518737e-05
0,0,2.1900368233920102e-05
0,0,2.1900368233920102e-05
0,0,2.1900368233920102e-05
0,0,2.1900368233920102e-05
0,0,2.1900368233920102e-05
0,0,2.1216610019343522e-05
0,0,2.1900368233920102e-05
1,1,0.9999780982689799
0,0,5.200463425501017e-05
1,1,0.9999780982689799
0,0,2.1900368233920102e-05
0,0,2.1900368233920102e-05
0,0,2.1900368233920102e-05
0,0,2.1900368233920102e-05
1,1,0.9999780982689799
0,0,2.1900368233920102e-05
0,0,2.1900368233920102e-05
0,0,2.1900368233920102e-05
0,0,2.1900368233920102e-05
1,1,0.9999780982689799
1,1,0.9999780982689799
0,0,2.1900368233920102e-05
0,0,2.1900368233920102e-05
0,0,2.1900368233920102e-05
0,0,2.1900368233920102e-05
0,0,2.1900368233920102e-05
0,0,2.1900368233920102e-05
0,0,2.1900368233920102e-05
0,0,2.1900368233920102e-05
0,0,2.211734066829199e-05
0,0,2.1900368233920102e-05
0,0,2.1900368233920102e-05
0,0,2.1900368233920102e-05
0,0,2.1900368233920102e-05
0,0,2.1900368233920102e-05
0,0,2.1900368233920102e-05
0,0,2.1900368233920102e-05
0,0,2.1900368233920102e-05
0,0,2.1900368233920102e-05
1,1,0.9999780982689799
0,0,2.1900368233920102e-05
0,0,3.661718243365043e-05
0,0,2.1900368233920102e-05
1,1,0.9999780982689799
0,0,2.1900368233920102e-05
0,0,2.1900368233920102e-05
0,0,2.190032900518737e-05
0,0,2.1900368233920102e-05
0,0,2.1900368233920102e-05
0,0,2.1900368233920102e-05
0,0,2.190032900518737e-05
0,0,2.1900368233920102e-05
0,0,2.1900368233920102e-05
0,0,2.1900368233920102e-05
0,0,2.190032900518737e-05
0,0,2.1900368233920102e-05
0,0,2.1900368233920102e-05
0,0,2.1900368233920102e-05
0,0,2.1849638289488447e-05
0,0,2.1900368233920102e-05
0,0,2.1900368233920102e-05
0,0,2.1900368233920102e-05
1,1,0.9999780982689799
0,0,2.1900368233920102e-05
0,0,2.1900368233920102e-05
0,0,2.1900368233920102e-05
0,0,2.1849638289488447e-05
0,0,2.1900368233920102e-05
0,0,2.1900368233920102e-05
0,0,2.182222181106097e-05
0,0,2.1900368233920102e-05
0,0,2.1900368233920102e-05
0,0,2.1900368233920102e-05
0,0,2.1900368233920102e-05
1,1,0.9999780982689799
0,0,2.1849638289488447e-05
0,0,2.1900368233920102e-05
0,0,2.1900368233920102e-05
0,0,2.1900368233920102e-05
0,0,2.1809262908510643e-05
0,0,2.1900368233920102e-05
0,0,2.1900368233920102e-05
0,0,2.1900368233920102e-05
1,1,0.9999780982689799
0,0,2.1900368233920102e-05
0,0,2.1900368233920102e-05
0,0,2.1900368233920102e-05
0,0,2.1900368233920102e-05
0,0,2.1900368233920102e-05
0,0,2.1900368233920102e-05
0,0,2.1900368233920102e-05
0,0,2.1900368233920102e-05
0,0,2.1900368233920102e-05
1,1,0.9999780982689799
0,0,2.1900368233920102e-05
0,0,2.1900368233920102e-05
0,0,2.1900368233920102e-05
0,0,2.1900368233920102e-05
0,0,2.190032900518737e-05
0,0,2.1900368233920102e-05
0,0,2.1900368233920102e-05
0,0,2.1900368233920102e-05
0,0,2.1900368233920102e-05
0,0,2.1900368233920102e-05
1,1,0.9999780982689799
0,0,2.1900368233920102e-05
0,0,2.5569757754494326e-05
1,1,0.9999222929856911
1,1,0.9999780982689799
0,0,2.1900368233920102e-05
0,0,2.1900368233920102e-05
0,0,2.1900368233920102e-05
0,0,2.1900368233920102e-05
1,1,0.9999780982689799
0,0,2.1900368233920102e-05
0,0,2.1900368233920102e-05
0,0,2.1900368233920102e-05
0,0,3.526532446167795e-05
0,0,2.1849638289488447e-05
1,1,0.9999780982689799
0,0,2.1900368233920102e-05
0,0,2.1900368233920102e-05
0,0,2.1900368233920102e-05
0,0,2.1900368233920102e-05
0,0,2.1900368233920102e-05
0,0,2.1900368233920102e-05
1,1,0.9999780982689799
0,0,2.1900368233920102e-05
1,1,0.9999780982689799
0,0,2.1900368233920102e-05
0,0,2.1900368233920102e-05
0,0,2.1900368233920102e-05
0,0,2.1900368233920102e-05
0,0,2.1900368233920102e-05
0,0,2.1900368233920102e-05
0,0,2.1900368233920102e-05
1,1,0.9999780982689799
0,0,2.1900368233920102e-05
0,0,2.1900368233920102e-05
1,1,0.9999780982689799
0,0,2.1900368233920102e-05
0,0,2.1900368233920102e-05
0,0,2.1900368233920102e-05
0,0,2.1900368233920102e-05
0,0,2.1900368233920102e-05
0,0,2.1900368233920102e-05
0,0,2.1900368233920102e-05
0,0,2.1900368233920102e-05
0,0,2.1900368233920102e-05
0,0,2.1900368233920102e-05
0,0,2.1900368233920102e-05
0,0,2.1900368233920102e-05
0,0,2.1900368233920102e-05
0,0,2.1900368233920102e-05
0,0,2.1900368233920102e-05
1,1,0.9999780982689799
1,1,0.9999780982689799
0,0,2.1900368233920102e-05
0,0,2.1900368233920102e-05
0,0,2.1900368233920102e-05
0,0,2.1900368233920102e-05
0,0,2.1849638289488447e-05
0,0,2.1900368233920102e-05
0,0,2.1849638289488447e-05
0,0,2.1900368233920102e-05
1,1,0.9999780982689799
1,1,0.9999780982689799
0,0,2.1900368233920102e-05
0,0,2.1900368233920102e-05
1,1,0.9999780982689799
0,0,2.1900368233920102e-05
0,0,2.1900368233920102e-05
0,0,2.1900368233920102e-05
0,0,2.1900368233920102e-05
0,0,2.1900368233920102e-05
0,0,2.1900368233920102e-05
1,1,0.9999780982689799
0,0,2.1900368233920102e-05
0,0,2.1900368233920102e-05
0,0,2.1900368233920102e-05
1,1,0.9999780982689799
1,1,0.9999780982689799
0,0,2.1330153707727502e-05
1,1,0.9999780982689799
1,1,0.9999780982689799
0,0,2.1900368233920102e-05
0,0,2.1900368233920102e-05
0,0,2.1900368233920102e-05
0,0,2.1900368233920102e-05
0,0,2.1900368233920102e-05
0,0,2.1900368233920102e-05
0,0,2.1900368233920102e-05
0,0,2.1900368233920102e-05
0,0,2.1900368233920102e-05
0,0,2.1900368233920102e-05
0,0,2.1900368233920102e-05
0,0,2.1900368233920102e-05
0,0,2.1900368233920102e-05
0,0,2.1900368233920102e-05
0,0,2.1900368233920102e-05
0,0,2.1900368233920102e-05
0,0,2.190032900518737e-05
0,0,2.1900368233920102e-05
0,0,2.1900368233920102e-05
1,1,0.9999780982689799
0,0,2.1900368233920102e-05
0,0,2.1900368233920102e-05
0,0,2.1900368233920102e-05
0,0,2.1900368233920102e-05
0,0,2.1900368233920102e-05
0,0,2.1900368233920102e-05
0,0,2.1900368233920102e-05
0,0,2.1900368233920102e-05
0,0,2.1900368233920102e-05
0,0,2.1900368233920102e-05
0,0,2.190032900518737e-05
0,0,2.1849638289488447e-05
0,0,2.1900368233920102e-05
0,0,2.1900368233920102e-05
0,0,2.1900368233920102e-05
0,0,2.1900368233920102e-05
1,1,0.9999780982689799
0,0,2.1900368233920102e-05
0,0,2.1900368233920102e-05
0,0,2.1900368233920102e-05
0,0,2.1900368233920102e-05
0,0,2.1900368233920102e-05
0,0,2.1900368233920102e-05
0,0,2.1900368233920102e-05
0,0,2.1900368233920102e-05
1,1,0.9999780982689799
1,1,0.9999782091676533
0,0,2.1849638289488447e-05
0,0,2.1900368233920102e-05
0,0,2.1900368233920102e-05
0,0,2.1900368233920102e-05
1,1,0.9999780982689799
0,0,2.1900368233920102e-05
1,1,0.9999780982689799
0,0,2.1900368233920102e-05
0,0,2.168441260205949e-05
0,0,2.1900368233920102e-05
0,0,2.1900368233920102e-05
0,0,2.1900368233920102e-05
0,0,2.1900368233920102e-05
0,0,2.1900368233920102e-05
0,0,2.1900368233920102e-05
0,0,2.1900368233920102e-05
0,0,2.1900368233920102e-05
0,0,2.1900368233920102e-05
1,1,0.9999780982689799
0,0,0.00020976209277745963
0,0,2.1849638289488447e-05
0,0,2.1900368233920102e-05
0,0,2.1900368233920102e-05
0,0,2.1900368233920102e-05
0,0,2.1900368233920102e-05
0,0,2.1900368233920102e-05
0,0,2.1900368233920102e-05
0,0,2.1900368233920102e-05
0,0,2.190032900518737e-05
0,0,2.1900368233920102e-05
0,0,2.1900368233920102e-05
1,1,0.9999780982689799
0,0,2.1900368233920102e-05
0,0,2.190032900518737e-05
0,0,2.1900368233920102e-05
0,0,2.1849638289488447e-05
0,0,2.190032900518737e-05
0,0,2.180649931902061e-05
0,0,2.1900368233920102e-05
0,0,2.1900368233920102e-05
0,0,2.1900368233920102e-05
0,0,2.1900368233920102e-05
0,0,2.1900368233920102e-05
1,1,0.9999780982689799
1,1,0.9999780982689799
0,0,2.1900368233920102e-05
1,1,0.9999780982689799
0,0,2.190032900518737e-05
0,0,2.1900368233920102e-05
0,0,2.1900368233920102e-05
0,0,2.1850216823955003e-05
0,0,2.1900368233920102e-05
1,1,0.9999780982689799
0,0,2.1900368233920102e-05
0,0,2.1849638289488447e-05
0,0,2.1900368233920102e-05
1,1,0.9999780982689799
1,1,0.9999780982689799
0,0,2.1900368233920102e-05
0,0,2.1900368233920102e-05
0,0,2.0114695838442656e-05
1,1,0.9999780982689799
0,0,2.1900368233920102e-05
0,0,2.1900368233920102e-05
0,0,2.1900368233920102e-05
0,0,2.1900368233920102e-05
1,1,0.9999780982689799
0,0,2.1900368233920102e-05
0,0,2.1900368233920102e-05
0,0,2.1900368233920102e-05
0,0,2.1900368233920102e-05
0,0,2.1900368233920102e-05
1,1,0.9999780982689799
0,0,2.1900368233920102e-05
0,0,2.1900368233920102e-05
0,0,2.1849638289488447e-05
0,0,2.1900368233920102e-05
0,0,2.1900368233920102e-05
0,0,2.190032900518737e-05
0,0,2.1900368233920102e-05
0,0,2.1900368233920102e-05
0,0,2.1900368233920102e-05
0,0,2.1900368233920102e-05
1,1,0.9999780982689799
1,1,0.9999780982689799
1,1,0.9999780982689799
0,0,2.1900368233920102e-05
0,0,2.1900368233920102e-05
0,0,2.1900368233920102e-05
0,0,2.1900368233920102e-05
1,1,0.9999780982689799
0,0,2.1900368233920102e-05
1,1,0.9999780982689799
1,1,0.9999780982689799
0,0,2.1900368233920102e-05
1,1,0.9999780982689799
0,0,2.1900368233920102e-05
0,0,2.1900368233920102e-05
0,0,2.1900368233920102e-05
0,0,2.1900368233920102e-05
0,0,2.190032900518737e-05
1,1,0.9999780982689799
0,0,2.1900368233920102e-05
0,0,2.1900368233920102e-05
0,0,2.1900368233920102e-05
0,0,2.1900368233920102e-05
0,0,2.190032900518737e-05
0,0,2.1849638289488447e-05
0,0,2.1900368233920102e-05
0,0,2.1900368233920102e-05
1,1,0.9999780982689799
0,0,2.1900368233920102e-05
0,0,2.1900368233920102e-05
0,0,2.1900368233920102e-05
0,0,2.1849638289488447e-05
0,0,2.1900368233920102e-05
0,0,2.1900368233920102e-05
0,0,2.1900368233920102e-05
0,0,2.1900368233920102e-05
0,0,2.1900368233920102e-05
0,0,2.1900368233920102e-05
0,0,2.1900368233920102e-05
0,0,2.1900368233920102e-05
0,0,2.1900368233920102e-05
0,0,2.1849638289488447e-05
0,0,2.1900368233920102e-05
1,1,0.9999780982689799
1,1,0.9999780982689799
0,0,2.1900368233920102e-05
0,0,2.190032900518737e-05
0,0,2.1900368233920102e-05
0,0,2.1900368233920102e-05
0,0,2.1900368233920102e-05
0,0,2.1900368233920102e-05
0,0,2.1759094668752983e-05
0,0,2.1900368233920102e-05
0,0,0.0003318260552344548
0,0,2.1900368233920102e-05
0,0,2.1900368233920102e-05
0,0,2.1900368233920102e-05
0,0,2.1900368233920102e-05
0,0,2.1900368233920102e-05
0,0,2.1900368233920102e-05
0,0,2.1900368233920102e-05
0,0,2.1900368233920102e-05
0,0,2.1900368233920102e-05
1,1,0.9999637041174395
0,0,2.190032900518737e-05
0,0,2.1900368233920102e-05
0,0,2.1900368233920102e-05
0,0,2.1900368233920102e-05
0,0,2.1900368233920102e-05
0,0,2.1900368233920102e-05
0,0,2.1900368233920102e-05
0,0,2.1900368233920102e-05
0,0,2.1900368233920102e-05
0,0,0.00013570160351200083
0,0,2.1900368233920102e-05
0,0,2.1900368233920102e-05
0,0,2.1900368233920102e-05
0,0,2.1900368233920102e-05
1,1,0.9999780982689799
0,0,2.1900368233920102e-05
0,0,2.1900368233920102e-05
0,0,2.1900368233920102e-05
0,0,2.1900368233920102e-05
0,0,2.1900368233920102e-05
0,0,2.1900368233920102e-05
1,1,0.9999780982689799
0,0,2.1900368233920102e-05
0,0,2.1900368233920102e-05
0,0,2.1900368233920102e-05
0,0,2.1900368233920102e-05
1,1,0.9999780982689799
1,1,0.9999780982689799
0,0,2.1849104616737714e-05
0,0,2.1900368233920102e-05
0,0,2.1900368233920102e-05
0,0,2.1900368233920102e-05
0,0,2.1900368233920102e-05
0,0,2.1900368233920102e-05
0,0,2.1900368233920102e-05
0,0,7.506954291449322e-05
0,0,2.1900368233920102e-05
0,0,2.1900368233920102e-05
0,0,2.1900368233920102e-05
1,1,0.9999780982689799
0,0,2.1900368233920102e-05
0,0,2.1900368233920102e-05
1,1,0.9999780982689799
1,1,0.9999780982689799
0,0,2.1216610019343522e-05
0,0,2.1900368233920102e-05
0,0,2.1900368233920102e-05
0,0,2.190032900518737e-05
0,0,2.1900368233920102e-05
0,0,2.1900368233920102e-05
1,1,0.9999780982689799
0,0,2.1900368233920102e-05
0,0,2.1900368233920102e-05
0,0,2.1900368233920102e-05
0,0,2.1900368233920102e-05
0,0,2.1900368233920102e-05
0,0,2.190032900518737e-05
0,0,2.1900368233920102e-05
0,0,2.1900368233920102e-05
0,0,2.1849638289488447e-05
0,0,2.1900368233920102e-05
0,0,2.1900368233920102e-05
0,0,2.1900368233920102e-05
0,0,2.1900368233920102e-05
0,0,2.1900368233920102e-05
0,0,2.1900368233920102e-05
0,0,2.1900368233920102e-05
0,0,2.1900368233920102e-05
0,0,2.1900368233920102e-05
0,0,2.1900368233920102e-05
0,0,2.1900368233920102e-05
0,0,2.190032900518737e-05
0,0,2.1900368233920102e-05
1,1,0.9999780982689799
0,0,2.1900368233920102e-05
0,0,2.1900368233920102e-05
0,0,2.1900368233920102e-05
0,0,2.1900368233920102e-05
0,0,2.1900368233920102e-05
0,0,2.1900368233920102e-05
0,0,2.1900368233920102e-05
1,1,0.9999780982689799
1,1,0.9999780982689799
0,0,2.1900368233920102e-05
1,1,0.9999780982689799
0,0,2.1900368233920102e-05
0,0,2.1900368233920102e-05
0,0,2.1900368233920102e-05
0,0,2.1900368233920102e-05
0,0,2.1900368233920102e-05
0,0,2.1900368233920102e-05
0,0,2.1900368233920102e-05
0,0,2.1900368233920102e-05
0,0,2.1900368233920102e-05
0,0,2.1900368233920102e-05
1,1,0.9999780982689799
0,0,2.190032900518737e-05
0,0,2.1900368233920102e-05
0,0,2.1900368233920102e-05
0,0,2.1900368233920102e-05
0,0,2.1900368233920102e-05
0,0,2.1900368233920102e-05
0,0,2.1900368233920102e-05
0,0,2.1900368233920102e-05
0,0,2.1900368233920102e-05
1,1,0.9995018856628597
0,0,2.1900368233920102e-05
0,0,2.1900368233920102e-05
0,0,2.179152769328258e-05
0,0,2.1900368233920102e-05
1,1,0.9999780982689799
0,0,2.1900368233920102e-05
0,0,2.1900368233920102e-05
0,0,2.190032900518737e-05
0,0,2.1900368233920102e-05
0,0,2.1900368233920102e-05
0,0,2.1900368233920102e-05
0,0,2.1900368233920102e-05
1,1,0.9999780982689799
0,0,2.1900368233920102e-05
0,0,2.1900368233920102e-05
0,0,2.1900368233920102e-05
0,0,2.1900368233920102e-05
0,0,2.1900368233920102e-05
0,0,2.1900368233920102e-05
0,0,2.1900368233920102e-05
0,0,2.1900368233920102e-05
0,0,2.1900368233920102e-05
0,0,2.1900368233920102e-05
0,0,2.1900368233920102e-05
0,0,2.190032900518737e-05
1,1,0.9999780982689799
0,0,2.1900368233920102e-05
0,0,2.1900368233920102e-05
0,0,2.1900368233920102e-05
1,1,0.9999386340698638
0,0,2.1900368233920102e-05
1,1,0.9999780982689799
0,0,2.1900368233920102e-05
0,0,2.1900368233920102e-05
0,0,2.1900368233920102e-05
0,0,2.1900368233920102e-05
0,0,2.1900368233920102e-05
0,0,2.1900368233920102e-05
0,0,2.1900368233920102e-05
0,0,2.1900368233920102e-05
0,0,2.1900368233920102e-05
0,0,2.1849638289488447e-05
0,0,2.1849638289488447e-05
0,0,2.1900368233920102e-05
0,0,2.1900368233920102e-05
1,1,0.9999780982689799
0,0,2.1900368233920102e-05
1,1,0.9999780982689799
0,0,2.1900368233920102e-05
0,0,2.1900368233920102e-05
0,0,2.1900368233920102e-05
0,0,2.1900368233920102e-05
0,0,2.1900368233920102e-05
0,0,2.1900368233920102e-05
0,0,2.1900368233920102e-05
0,0,7.325890010721845e-05
0,0,2.1900368233920102e-05
0,0,2.1900368233920102e-05
0,0,2.1900368233920102e-05
0,0,2.1900368233920102e-05
0,0,2.1900368233920102e-05
0,0,2.1900368233920102e-05
0,0,2.1900368233920102e-05
0,0,2.1900368233920102e-05
0,0,2.1900368233920102e-05
1,1,0.9999780982689799
0,0,2.1900368233920102e-05
0,0,2.1900368233920102e-05
0,0,2.1900368233920102e-05
0,0,2.1900368233920102e-05
0,0,2.1900368233920102e-05
0,0,2.1900368233920102e-05
0,0,2.190032900518737e-05
1,1,0.9999780982689799
1,1,0.9999780982689799
1,1,0.9999780982689799
0,0,2.1900368233920102e-05
1,1,0.9999780982689799
1,1,0.9999780982689799
0,0,2.1900368233920102e-05
0,0,2.1900368233920102e-05
0,0,2.1900368233920102e-05
0,0,2.1900368233920102e-05
1,1,0.9999780982689799
0,0,2.1900368233920102e-05
0,0,2.1900368233920102e-05
1,1,0.9999780982689799
0,0,2.1900368233920102e-05
0,0,2.1900368233920102e-05
1,1,0.9999780982689799
0,0,2.1900368233920102e-05
0,0,2.1900368233920102e-05
0,0,2.1900368233920102e-05
0,0,2.1900368233920102e-05
0,0,2.7462986379661386e-05
1,1,0.9999780982689799
1,1,0.9999780982689799
0,0,2.1900368233920102e-05
0,0,2.1900368233920102e-05
0,0,2.1900368233920102e-05
0,0,2.1900368233920102e-05
0,0,2.1900368233920102e-05
0,0,2.1900368233920102e-05
0,0,2.1900368233920102e-05
1,1,0.9999780982689799
0,0,2.1900368233920102e-05
0,0,2.1900368233920102e-05
0,0,2.1900368233920102e-05
0,0,2.1900368233920102e-05
0,0,2.160057294560227e-05
0,0,2.1900368233920102e-05
0,0,2.1900368233920102e-05
0,0,2.1900368233920102e-05
0,0,2.1900368233920102e-05
1,1,0.9999780982689799
0,0,2.1900368233920102e-05
0,0,2.1900368233920102e-05
0,0,2.1900368233920102e-05
1,1,0.9999780982689799
1,1,0.9999780982689799
0,0,2.1900368233920102e-05
0,0,2.1900368233920102e-05
0,0,2.1900368233920102e-05
0,0,2.1900368233920102e-05
0,0,2.1900368233920102e-05
0,0,2.1849638289488447e-05
0,0,2.1900368233920102e-05
1,1,0.9999780982689799
0,0,2.1900368233920102e-05
1,1,0.9999780982689799
0,0,2.1900368233920102e-05
0,0,2.1900368233920102e-05
0,0,2.1900368233920102e-05
0,0,2.190032900518737e-05
0,0,2.1900368233920102e-05
0,0,2.1900368233920102e-05
0,0,2.1900368233920102e-05
0,0,2.1900368233920102e-05
0,0,2.1900368233920102e-05
1,1,0.9999780982689799
0,0,2.1900368233920102e-05
0,0,0.0003452372343829868
0,0,2.1900368233920102e-05
1,1,0.9999780982689799
1,1,0.9999780982689799
0,0,2.1900368233920102e-05
1,1,0.9999780982689799
0,0,2.1849104616737714e-05
0,0,2.1900368233920102e-05
0,0,2.1900368233920102e-05
0,0,2.1900368233920102e-05
0,0,2.1900368233920102e-05
0,0,2.1900368233920102e-05
0,0,2.1900368233920102e-05
1,1,0.9999780982689799
1,1,0.9999780982689799
1,1,0.9999780982689799
1,1,0.9938345179635298
0,0,2.1900368233920102e-05
0,0,2.1900368233920102e-05
0,0,2.1900368233920102e-05
0,0,2.1900368233920102e-05
0,0,2.1900368233920102e-05
0,0,2.1900368233920102e-05
0,0,2.1900368233920102e-05
0,0,2.1900368233920102e-05
1,1,0.9999361682298971
0,0,2.1900368233920102e-05
0,0,2.190032900518737e-05
0,0,2.1900368233920102e-05
0,0,2.1900368233920102e-05
1,1,0.9999780982689799
0,0,2.1900368233920102e-05
1,1,0.9999780982689799
0,0,2.1900368233920102e-05
0,0,2.1900368233920102e-05
0,0,2.1900368233920102e-05
1,1,0.9999780982689799
0,0,2.1900368233920102e-05
1,1,0.9999780982689799
0,0,2.1900368233920102e-05
0,0,2.1900368233920102e-05
0,0,2.1900368233920102e-05
1,1,0.9999780982689799
0,0,2.1900368233920102e-05
0,0,2.2454144816976975e-05
1,1,0.9999780982689799
0,0,1.9436590837724132e-05
0,0,2.1900368233920102e-05
1,1,0.9999780982689799
0,0,2.1900368233920102e-05
0,0,2.1900368233920102e-05
1,1,0.9999780982689799
0,0,2.1849638289488447e-05
0,0,2.1849638289488447e-05
0,0,2.1900368233920102e-05
0,0,2.1900368233920102e-05
0,0,2.1900368233920102e-05
0,0,2.1900368233920102e-05
0,0,9.031698566270206e-05
0,0,2.1900368233920102e-05
1,1,0.9999780982689799
1,1,0.9999780982689799
0,0,2.1900368233920102e-05
0,0,2.1900368233920102e-05
0,0,2.1900368233920102e-05
0,0,2.1900368233920102e-05
0,0,2.1900368233920102e-05
0,0,2.1900368233920102e-05
0,0,2.1900368233920102e-05
0,0,2.1900368233920102e-05
0,0,2.1900368233920102e-05
0,0,2.1900368233920102e-05
0,0,2.1900368233920102e-05
0,0,2.1900368233920102e-05
0,0,2.1900368233920102e-05
0,0,2.190032900518737e-05
0,0,2.1900368233920102e-05
0,0,2.1900368233920102e-05
0,0,2.1900368233920102e-05
0,0,2.1900368233920102e-05
0,0,2.1900368233920102e-05
1,1,0.9999780982689799
0,0,2.1900368233920102e-05
0,0,2.1900368233920102e-05
0,0,2.1900368233920102e-05
0,0,2.1900368233920102e-05
0,0,2.1900368233920102e-05
0,0,2.1900368233920102e-05
1,1,0.9999780982689799
0,0,2.1900368233920102e-05
0,0,2.1900368233920102e-05
0,0,2.1900368233920102e-05
1,1,0.9999780982689799
0,0,2.1900368233920102e-05
0,0,2.1900368233920102e-05
0,0,2.190032900518737e-05
0,0,2.1900368233920102e-05
0,0,2.1900368233920102e-05
0,0,2.1900368233920102e-05
0,0,2.1900368233920102e-05
1,1,0.9999780982689799
0,0,2.1900368233920102e-05
0,0,2.1900368233920102e-05
0,0,2.1900368233920102e-05
0,0,2.1900368233920102e-05
0,0,2.1900368233920102e-05
0,0,2.1849638289488447e-05
0,0,2.1900368233920102e-05
0,0,2.1900368233920102e-05
0,0,2.190032900518737e-05
0,0,2.1900368233920102e-05
0,0,2.1900368233920102e-05
0,0,2.1900368233920102e-05
0,0,2.1900368233920102e-05
0,0,2.1849638289488447e-05
1,1,0.9999780982689799
0,0,2.1900368233920102e-05
0,0,2.1849638289488447e-05
0,0,2.1900368233920102e-05
0,0,3.768430544064581e-05
0,0,2.1900368233920102e-05
1,1,0.9999465500275705
0,0,2.1849638289488447e-05
0,0,3.0273612650564188e-05
0,0,2.1900368233920102e-05
0,0,2.1900368233920102e-05
0,0,2.1900368233920102e-05
0,0,2.190032900518737e-05
1,1,0.9999780982689799
0,0,2.1900368233920102e-05
1,1,0.9999780982689799
0,0,2.1900368233920102e-05
0,0,2.1900368233920102e-05
0,0,2.1900368233920102e-05
0,0,2.1900368233920102e-05
0,0,2.190032900518737e-05
0,0,2.1900368233920102e-05
0,0,2.1900368233920102e-05
0,0,2.1900368233920102e-05
0,0,2.1900368233920102e-05
0,0,2.1900368233920102e-05
0,0,2.1900368233920102e-05
0,0,2.1900368233920102e-05
0,0,2.190032900518737e-05
0,0,2.1900368233920102e-05
0,0,2.1900368233920102e-05
0,0,2.1900368233920102e-05
0,0,2.1900368233920102e-05
0,0,2.1900368233920102e-05
0,0,2.1900368233920102e-05
0,0,2.2273525620650444e-05
1,1,0.9999780982689799
0,0,2.1900368233920102e-05
0,0,2.1900368233920102e-05
0,0,2.1900368233920102e-05
0,0,2.1900368233920102e-05
0,0,2.1900368233920102e-05
0,0,2.1900368233920102e-05
0,0,2.1900368233920102e-05
0,0,2.1900368233920102e-05
0,0,2.1900368233920102e-05
0,0,2.1900368233920102e-05
0,0,2.1900368233920102e-05
1,1,0.9999780982689799
0,0,2.1900368233920102e-05
0,0,2.0840178625791537e-05
0,0,2.190032900518737e-05
0,0,2.1900368233920102e-05
0,0,2.1900368233920102e-05
0,0,2.1900368233920102e-05
0,0,2.1900368233920102e-05
0,0,2.1900368233920102e-05
0,0,2.1384819056136364e-05
0,0,2.1900368233920102e-05
0,0,2.1900368233920102e-05
0,0,2.1900368233920102e-05
0,0,2.1900368233920102e-05
0,0,2.1900368233920102e-05
0,0,2.1900368233920102e-05
0,0,2.1900368233920102e-05
0,0,2.1849638289488447e-05
0,0,2.1900368233920102e-05
0,0,2.1900368233920102e-05
0,0,2.1900368233920102e-05
0,0,2.1900368233920102e-05
1,1,0.9999782115187699
0,0,2.1900368233920102e-05
0,0,2.1900368233920102e-05
0,0,2.1900368233920102e-05
0,0,2.1900368233920102e-05
0,0,2.1900368233920102e-05
0,0,2.1900368233920102e-05
0,0,2.1900368233920102e-05
0,0,2.1900368233920102e-05
1,1,0.9999780982689799
0,0,2.1850216823955003e-05
0,0,2.190032900518737e-05
1,1,0.9999780982689799
0,0,2.1900368233920102e-05
1,1,0.9999780982689799
0,0,2.1900368233920102e-05
1,1,0.9999780982689799
0,0,2.1900368233920102e-05
1,1,0.9999780982689799
1,1,0.9999780982689799
0,0,2.190032900518737e-05
0,0,2.1900368233920102e-05
0,0,2.1900368233920102e-05
0,0,2.1900368233920102e-05
0,0,2.663277637493671e-05
0,0,2.1900368233920102e-05
0,0,2.1900368233920102e-05
0,0,2.1900368233920102e-05
0,0,2.1900368233920102e-05
0,0,2.1900368233920102e-05
1,1,0.9999780982689799
0,0,2.1900368233920102e-05
1,1,0.9999780982689799
0,0,2.1900368233920102e-05
0,0,2.1900368233920102e-05
0,0,2.1900368233920102e-05
1,1,0.9999780982689799
0,0,2.1900368233920102e-05
0,0,2.1900368233920102e-05
0,0,2.1900368233920102e-05
0,0,2.1900368233920102e-05
0,0,2.1849638289488447e-05
1,1,0.9999780982689799
0,0,2.1900368233920102e-05
1,1,0.9999780982689799
0,0,2.1900368233920102e-05
0,0,2.1900368233920102e-05
0,0,2.1900368233920102e-05
0,0,2.1900368233920102e-05
0,0,2.190032900518737e-05
0,0,2.1900368233920102e-05
0,0,2.1900368233920102e-05
0,0,2.180649931902061e-05
1,1,0.9999780982689799
1,1,0.9999780982689799
0,0,2.1900368233920102e-05
0,0,2.1900368233920102e-05
1,1,0.9999780982689799
0,0,2.1900368233920102e-05
0,0,2.1900368233920102e-05
1,1,0.9999780982689799
0,0,2.1900368233920102e-05
0,0,2.1900368233920102e-05
0,0,2.1900368233920102e-05
0,0,2.1900368233920102e-05
0,0,2.1900368233920102e-05
0,0,2.1900368233920102e-05
0,0,2.1900368233920102e-05
0,0,2.1900368233920102e-05
1,1,0.9999780982689799
0,0,2.1900368233920102e-05
0,0,2.1900368233920102e-05
0,0,2.1900368233920102e-05
0,0,2.1900368233920102e-05
0,0,2.190032900518737e-05
0,0,2.1900368233920102e-05
0,0,2.1900368233920102e-05
0,0,2.1900368233920102e-05
0,0,2.1849638289488447e-05
0,0,2.1900368233920102e-05
0,0,2.1900368233920102e-05
0,0,2.1900368233920102e-05
0,0,2.1900368233920102e-05
0,0,2.1900368233920102e-05
1,1,0.9999780982689799
0,0,2.1900368233920102e-05
0,0,2.1900368233920102e-05
0,0,2.1900368233920102e-05
0,0,2.1900368233920102e-05
0,0,2.1900368233920102e-05
0,0,2.1900368233920102e-05
0,0,2.1900368233920102e-05
0,0,2.1849638289488447e-05
0,0,2.1900368233920102e-05
0,0,2.1900368233920102e-05
0,0,2.1900368233920102e-05
0,0,2.1900368233920102e-05
0,0,2.1900368233920102e-05
1,1,0.9999780982689799
0,0,2.1900368233920102e-05
0,0,2.1900368233920102e-05
0,0,2.1900368233920102e-05
0,0,2.1900368233920102e-05
0,0,2.1900368233920102e-05
0,0,2.1900368233920102e-05
0,0,2.1900368233920102e-05
0,0,2.1900368233920102e-05
0,0,2.1900368233920102e-05
1,1,0.9999780982689799
0,0,2.1693070649453014e-05
0,0,2.1900368233920102e-05
0,0,2.1900368233920102e-05
1,1,0.9999780982689799
0,0,2.1900368233920102e-05
0,0,2.1900368233920102e-05
0,0,2.1900368233920102e-05
1,1,0.9999780982689799
0,0,2.1900368233920102e-05
0,0,2.1900368233920102e-05
0,0,2.1900368233920102e-05
0,0,2.190032900518737e-05
0,0,2.1850216823955003e-05
0,0,2.1900368233920102e-05
0,0,0.00013279796130994423
0,0,2.1900368233920102e-05
0,0,2.1900368233920102e-05
0,0,2.1900368233920102e-05
0,0,2.1900368233920102e-05
0,0,2.1900368233920102e-05
0,0,2.190032900518737e-05
0,0,2.1900368233920102e-05
0,0,2.1900368233920102e-05
0,0,2.1900368233920102e-05
0,0,2.1900368233920102e-05
0,0,2.1900368233920102e-05
0,0,2.1900368233920102e-05
0,0,2.1900368233920102e-05
0,0,2.1900368233920102e-05
0,0,2.1900368233920102e-05
0,0,2.190032900518737e-05
0,0,2.1900368233920102e-05
0,0,2.1900368233920102e-05
0,0,2.1900368233920102e-05
0,0,2.1900368233920102e-05
0,0,2.1900368233920102e-05
0,0,2.1900368233920102e-05
0,0,2.1900368233920102e-05
0,0,2.1900368233920102e-05
0,0,2.1900368233920102e-05
0,0,2.1900368233920102e-05
0,0,2.1900368233920102e-05
0,0,2.1900368233920102e-05
0,0,2.1900368233920102e-05
0,0,2.1900368233920102e-05
1,1,0.9997653550729017
0,0,2.1900368233920102e-05
0,0,2.1900368233920102e-05
1,1,0.9999780982689799
0,0,2.1900368233920102e-05
0,0,2.1900368233920102e-05
0,0,2.1900368233920102e-05
0,0,2.1900368233920102e-05
0,0,2.1900368233920102e-05
1,1,0.9999780982689799
0,0,2.1900368233920102e-05
1,1,0.9998137329022345
0,0,2.1900368233920102e-05
0,0,2.1900368233920102e-05
0,0,2.1900368233920102e-05
0,0,2.1900368233920102e-05
0,0,2.1900368233920102e-05
0,0,0.00010839634803487479
0,0,2.1900368233920102e-05
1,1,0.9999780982689799
0,0,2.1900368233920102e-05
1,1,0.9999780982689799
0,0,2.1900368233920102e-05
0,0,2.1900368233920102e-05
0,0,2.1900368233920102e-05
1,1,0.9999780982689799
1,1,0.9999780982689799
0,0,2.1900368233920102e-05
0,0,2.190032900518737e-05
1,1,0.9999753591217391
0,0,2.190032900518737e-05
0,0,2.1900368233920102e-05
1,1,0.9999780982689799
0,0,2.1900368233920102e-05
0,0,2.1900368233920102e-05
1,1,0.9999780982689799
0,0,2.1900368233920102e-05
0,0,2.1849638289488447e-05
0,0,2.1900368233920102e-05
0,0,2.1900368233920102e-05
0,0,2.1849638289488447e-05
0,0,2.1900368233920102e-05
0,0,2.1849638289488447e-05
0,0,2.1900368233920102e-05
0,0,2.1900368233920102e-05
0,0,2.1900368233920102e-05
1,1,0.9999780982689799
0,0,2.1900368233920102e-05
0,0,2.1900368233920102e-05
1,1,0.9999780982689799
0,0,2.1900368233920102e-05
0,0,2.1900368233920102e-05
0,0,2.1900368233920102e-05
0,0,2.1900368233920102e-05
1,1,0.9999780982689799
0,0,2.1900368233920102e-05
0,0,2.1900368233920102e-05
0,0,2.1900368233920102e-05
0,0,2.1849638289488447e-05
0,0,2.1900368233920102e-05
0,0,2.1849638289488447e-05
0,0,2.190032900518737e-05
0,0,2.1900368233920102e-05
0,0,2.1900368233920102e-05
0,0,2.1900368233920102e-05
0,0,2.1900368233920102e-05
1,1,0.9999780982689799
0,0,2.1849638289488447e-05
0,0,2.1900368233920102e-05
0,0,2.1900368233920102e-05
0,0,2.1900368233920102e-05
0,0,2.1900368233920102e-05
0,0,2.1900368233920102e-05
0,0,2.1900368233920102e-05
0,0,2.1900368233920102e-05
0,0,2.1900368233920102e-05
0,0,2.1900368233920102e-05
0,0,2.1900368233920102e-05
0,0,2.1900368233920102e-05
1,1,0.9999771468871277
0,0,2.1900368233920102e-05
0,0,2.1900368233920102e-05
0,0,2.1900368233920102e-05
0,0,2.1900368233920102e-05
0,0,2.1900368233920102e-05
0,0,2.1900368233920102e-05
0,0,2.1900368233920102e-05
0,0,2.1900368233920102e-05
0,0,2.1900368233920102e-05
0,0,2.1900368233920102e-05
0,0,2.1900368233920102e-05
0,0,2.1900368233920102e-05
0,0,2.1900368233920102e-05
0,0,2.1900368233920102e-05
0,0,2.1900368233920102e-05
0,0,2.0677368551811603e-05
0,0,2.1900368233920102e-05
0,0,2.1900368233920102e-05
0,0,2.1900368233920102e-05
1,1,0.9999780982689799
0,0,2.1900368233920102e-05
0,0,2.1900368233920102e-05
0,0,2.1900368233920102e-05
0,0,2.1900368233920102e-05
1,1,0.9999780982689799
0,0,2.1900368233920102e-05
0,0,2.190032900518737e-05
0,0,2.1900368233920102e-05
0,0,2.1849638289488447e-05
1,1,0.9999431729245156
1,1,0.9999780982689799
0,0,2.1900368233920102e-05
1,1,0.9999780982689799
0,0,2.1900368233920102e-05
0,0,2.1900368233920102e-05
0,0,2.1900368233920102e-05
0,0,2.1900368233920102e-05
0,0,2.1900368233920102e-05
0,0,2.1900368233920102e-05
0,0,2.1900368233920102e-05
0,0,2.1900368233920102e-05
0,0,2.1900368233920102e-05
0,0,2.1900368233920102e-05
0,0,2.1900368233920102e-05
0,0,2.190032900518737e-05
0,0,2.1900368233920102e-05
0,0,2.1900368233920102e-05
1,1,0.9999780982689799
0,0,2.190032900518737e-05
0,0,2.1900368233920102e-05
0,0,2.1900368233920102e-05
0,0,2.1900368233920102e-05
0,0,2.1900368233920102e-05
0,0,2.1900368233920102e-05
0,0,2.1900368233920102e-05
0,0,2.1900368233920102e-05
1,1,0.9999780982689799
0,0,2.1900368233920102e-05
1,1,0.9999780982689799
0,0,2.1900368233920102e-05
0,0,2.1900368233920102e-05
0,0,2.1900368233920102e-05
0,0,2.190032900518737e-05
0,0,2.1900368233920102e-05
0,0,4.006010316324474e-05
1,1,0.9999780982689799
1,1,0.9999780982689799
1,1,0.9999780982689799
0,0,2.1900368233920102e-05
0,0,2.1900368233920102e-05
1,1,0.9999780982689799
1,1,0.9999780982689799
0,0,2.1900368233920102e-05
0,0,2.1900368233920102e-05
0,0,2.1900368233920102e-05
0,0,2.1900368233920102e-05
0,0,2.1900368233920102e-05
0,0,2.1900368233920102e-05
0,0,2.1900368233920102e-05
0,0,2.1900368233920102e-05
0,0,2.1900368233920102e-05
0,0,2.1900368233920102e-05
0,0,2.1849638289488447e-05
0,0,2.1900368233920102e-05
1,1,0.9999780982689799
0,0,2.1900368233920102e-05
0,0,2.1900368233920102e-05
0,0,2.1900368233920102e-05
1,1,0.9999780982689799
0,0,2.1900368233920102e-05
0,0,2.1900368233920102e-05
0,0,2.1900368233920102e-05
0,0,2.1900368233920102e-05
0,0,2.1900368233920102e-05
0,0,2.1900368233920102e-05
0,0,2.1900368233920102e-05
0,0,2.1900368233920102e-05
0,0,2.1900368233920102e-05
0,0,2.1900368233920102e-05
0,0,2.1900368233920102e-05
0,0,2.1849638289488447e-05
1,1,0.9999780982689799
0,0,2.1900368233920102e-05
1,1,0.9999780982689799
0,0,2.1900368233920102e-05
0,0,2.1900368233920102e-05
0,0,2.1900368233920102e-05
0,0,2.1900368233920102e-05
0,0,2.1900368233920102e-05
1,1,0.9999780982689799
0,0,2.1900368233920102e-05
0,0,2.1900368233920102e-05
0,0,2.1900368233920102e-05
0,0,2.1900368233920102e-05
0,0,2.1900368233920102e-05
0,0,2.190032900518737e-05
0,0,2.1900368233920102e-05
0,0,9.906133189282882e-05
0,0,2.1900368233920102e-05
0,0,2.1900368233920102e-05
1,1,0.9999780982689799
0,0,2.1900368233920102e-05
0,0,2.1900368233920102e-05
0,0,3.704557592331889e-05
0,0,2.0677368551811603e-05
0,0,2.1900368233920102e-05
0,0,2.1900368233920102e-05
0,0,2.1900368233920102e-05
0,0,2.1900368233920102e-05
0,0,2.1900368233920102e-05
1,1,0.9999780982689799
1,1,0.9999780982689799
0,0,2.1900368233920102e-05
1,1,0.9999780982689799
0,0,2.1900368233920102e-05
0,0,2.1900368233920102e-05
0,0,2.1900368233920102e-05
0,0,2.1900368233920102e-05
0,0,2.1900368233920102e-05
0,0,2.1900368233920102e-05
0,0,2.1900368233920102e-05
0,0,2.1900368233920102e-05
0,0,2.1900368233920102e-05
0,0,2.1900368233920102e-05
0,0,2.1900368233920102e-05
0,0,2.1900368233920102e-05
0,0,2.1900368233920102e-05
0,0,2.1900368233920102e-05
0,0,2.1900368233920102e-05
0,0,2.1900368233920102e-05
0,0,2.1900368233920102e-05
0,0,2.1759094668752983e-05
0,0,2.1900368233920102e-05
0,0,2.1900368233920102e-05
0,0,2.1900368233920102e-05
0,0,2.1900368233920102e-05
0,0,2.1900368233920102e-05
0,0,2.1900368233920102e-05
0,0,2.1900368233920102e-05
0,0,2.1900368233920102e-05
0,0,2.1900368233920102e-05
0,0,2.1900368233920102e-05
0,0,2.1900368233920102e-05
0,0,2.1900368233920102e-05
0,0,2.1900368233920102e-05
0,0,2.1900368233920102e-05
0,0,2.1900368233920102e-05
0,0,2.1900368233920102e-05
1,1,0.9999780982689799
0,0,2.1900368233920102e-05
0,0,2.1900368233920102e-05
0,0,2.190032900518737e-05
0,0,2.1900368233920102e-05
0,0,2.1849638289488447e-05
0,0,2.1900368233920102e-05
0,0,2.1900368233920102e-05
1,1,0.9999780982689799
0,0,2.1900368233920102e-05
0,0,2.190032900518737e-05
1,1,0.9999780982689799
0,0,2.1900368233920102e-05
0,0,2.1900368233920102e-05
0,0,2.1900368233920102e-05
0,0,2.1900368233920102e-05
0,0,2.1849638289488447e-05
0,0,2.1900368233920102e-05
0,0,2.1900368233920102e-05
0,0,2.1900368233920102e-05
0,0,2.1900368233920102e-05
0,0,2.1900368233920102e-05
1,1,0.999978208002879
0,0,2.1900368233920102e-05
0,0,2.1900368233920102e-05
0,0,2.1900368233920102e-05
0,0,2.1900368233920102e-05
0,0,2.1900368233920102e-05
1,1,0.9999780982689799
0,0,2.1900368233920102e-05
0,0,2.1900368233920102e-05
1,1,0.9999780982689799
1,1,0.9999780982689799
1,1,0.9999780982689799
0,0,2.1900368233920102e-05
1,1,0.9999780982689799
0,0,2.1849638289488447e-05
0,0,2.1900368233920102e-05
0,0,2.1900368233920102e-05
1,1,0.9999780982689799
0,0,2.1900368233920102e-05
0,0,2.1900368233920102e-05
0,0,2.1900368233920102e-05
0,0,2.1900368233920102e-05
0,0,2.1900368233920102e-05
0,0,2.1849638289488447e-05
0,0,2.1900368233920102e-05
0,0,2.1900368233920102e-05
1,1,0.9999780982689799
0,0,4.796015959130324e-05
0,0,2.1900368233920102e-05
0,0,2.1849638289488447e-05
0,0,2.1900368233920102e-05
1,1,0.9999780982689799
0,0,2.1900368233920102e-05
0,0,2.1900368233920102e-05
1,1,0.9999780982689799
0,0,2.1900368233920102e-05
0,0,2.1900368233920102e-05
0,0,2.1900368233920102e-05
0,0,2.1900368233920102e-05
0,0,2.1900368233920102e-05
0,0,2.1900368233920102e-05
0,0,2.1900368233920102e-05
1,1,0.9999780982689799
0,0,2.190032900518737e-05
1,1,0.9999780982689799
0,0,2.1900368233920102e-05
0,0,2.1849638289488447e-05
0,0,2.1900368233920102e-05
0,0,2.1900368233920102e-05
1,1,0.999978208002879
0,0,2.1900368233920102e-05
0,0,2.1900368233920102e-05
0,0,2.0653366984922743e-05
0,0,2.1900368233920102e-05
0,0,2.1900368233920102e-05
0,0,2.1900368233920102e-05
0,0,2.1900368233920102e-05
0,0,2.1216610019343522e-05
0,0,2.1900368233920102e-05
0,0,2.1900368233920102e-05
0,0,2.1900368233920102e-05
0,0,2.1900368233920102e-05
0,0,2.1900368233920102e-05
1,1,0.9999780982689799
0,0,2.1900368233920102e-05
0,0,2.1900368233920102e-05
0,0,2.1900368233920102e-05
0,0,2.1900368233920102e-05
0,0,2.1900368233920102e-05
0,0,2.1900368233920102e-05
0,0,2.1900368233920102e-05
0,0,2.1900368233920102e-05
0,0,2.1900368233920102e-05
0,0,2.1900368233920102e-05
0,0,2.1900368233920102e-05
0,0,2.190032900518737e-05
0,0,2.1900368233920102e-05
0,0,2.5423917987116678e-05
0,0,2.190032900518737e-05
0,0,2.1900368233920102e-05
0,0,2.1900368233920102e-05
0,0,2.1900368233920102e-05
0,0,2.1900368233920102e-05
0,0,2.1900368233920102e-05
0,0,2.1900368233920102e-05
0,0,2.1900368233920102e-05
0,0,2.1900368233920102e-05
0,0,2.1900368233920102e-05
1,1,0.9999780982689799
0,0,2.1900368233920102e-05
1,1,0.9999780982689799
0,0,2.1900368233920102e-05
0,0,2.1900368233920102e-05
0,0,2.1900368233920102e-05
0,0,2.1900368233920102e-05
1,1,0.9999780982689799
0,0,2.1900368233920102e-05
0,0,2.1900368233920102e-05
1,1,0.9999780982689799
0,0,2.1900368233920102e-05
0,0,2.1900368233920102e-05
0,0,2.1849638289488447e-05
0,0,2.1900368233920102e-05
0,0,2.1900368233920102e-05
1,1,0.9999780982689799
0,0,2.1900368233920102e-05
0,0,2.1900368233920102e-05
1,1,0.9999780982689799
0,0,2.1900368233920102e-05
1,1,0.9999780982689799
0,0,2.1900368233920102e-05
0,0,2.1900368233920102e-05
0,0,2.1900368233920102e-05
1,1,0.9999780982689799
0,0,2.1900368233920102e-05
0,0,2.1900368233920102e-05
0,0,2.1900368233920102e-05
0,0,2.1900368233920102e-05
0,0,2.1900368233920102e-05
0,0,2.1900368233920102e-05
0,0,2.1900368233920102e-05
0,0,2.1900368233920102e-05
0,0,2.1900368233920102e-05
0,0,2.1900368233920102e-05
1,1,0.9999780982689799
0,0,2.1900368233920102e-05
0,0,2.1900368233920102e-05
1,1,0.9999780982689799
0,0,2.1900368233920102e-05
0,0,2.1900368233920102e-05
0,0,2.1900368233920102e-05
0,0,2.1900368233920102e-05
0,0,2.353972774971165e-05
0,0,2.1900368233920102e-05
0,0,2.1900368233920102e-05
0,0,2.1900368233920102e-05
0,0,2.1900368233920102e-05
0,0,2.1900368233920102e-05
0,0,2.1900368233920102e-05
1,1,0.9999780982689799
0,0,2.1900368233920102e-05
0,0,2.1900368233920102e-05
0,0,2.1900368233920102e-05
0,0,2.1900368233920102e-05
0,0,2.1900368233920102e-05
0,0,2.1900368233920102e-05
1,1,0.9999780982689799
0,0,2.1900368233920102e-05
0,0,2.1900368233920102e-05
0,0,2.1900368233920102e-05
1,1,0.9999577831191075
0,0,2.1849638289488447e-05
0,0,2.1900368233920102e-05
0,0,2.1900368233920102e-05
0,0,2.1900368233920102e-05
0,0,2.1900368233920102e-05
0,0,2.1900368233920102e-05
0,0,2.1900368233920102e-05
0,0,2.141921938388188e-05
0,0,2.1849638289488447e-05
0,0,2.1900368233920102e-05
0,0,2.1900368233920102e-05
0,0,2.190032900518737e-05
0,0,2.1900368233920102e-05
1,1,0.9999751735133356
0,0,2.1900368233920102e-05
0,0,2.1900368233920102e-05
0,0,2.1900368233920102e-05
0,0,2.1900368233920102e-05
0,0,2.1900368233920102e-05
0,0,2.1900368233920102e-05
0,0,2.1900368233920102e-05
0,0,2.1900368233920102e-05
0,0,2.1900368233920102e-05
0,0,2.1900368233920102e-05
0,0,2.1900368233920102e-05
1,1,0.9999780982689799
0,0,2.1900368233920102e-05
0,0,2.1900368233920102e-05
0,0,2.1900368233920102e-05
0,0,2.1900368233920102e-05
1,1,0.9999780982689799
0,0,2.1900368233920102e-05
1,1,0.9999780982689799
1,1,0.9999780982689799
0,0,2.1900368233920102e-05
0,0,2.1900368233920102e-05
0,0,2.1900368233920102e-05
0,0,2.1900368233920102e-05
0,0,2.1900368233920102e-05
0,0,2.1900368233920102e-05
1,1,0.9999780982689799
0,0,2.1900368233920102e-05
0,0,2.1900368233920102e-05
0,0,2.1900368233920102e-05
0,0,2.1900368233920102e-05
0,0,2.1900368233920102e-05
0,0,2.1900368233920102e-05
0,0,2.35437446597984e-05
0,0,2.1900368233920102e-05
0,0,2.1900368233920102e-05
0,0,2.1900368233920102e-05
0,0,2.1900368233920102e-05
0,0,2.1900368233920102e-05
0,0,2.1900368233920102e-05
0,0,2.1900368233920102e-05
0,0,2.1900368233920102e-05
1,1,0.9999780982689799
0,0,2.1900368233920102e-05
0,0,2.1900368233920102e-05
0,0,2.1900368233920102e-05
0,0,2.1900368233920102e-05
0,0,2.1900368233920102e-05
0,0,2.1900368233920102e-05
0,0,2.1900368233920102e-05
0,0,2.1900368233920102e-05
0,0,2.1900368233920102e-05
0,0,2.1900368233920102e-05
0,0,2.1900368233920102e-05
0,0,2.1900368233920102e-05
0,0,2.1900368233920102e-05
0,0,2.1900368233920102e-05
0,0,2.1900368233920102e-05
0,0,2.1900368233920102e-05
0,0,2.1900368233920102e-05
0,0,2.1900368233920102e-05
0,0,2.1900368233920102e-05
0,0,2.1900368233920102e-05
0,0,2.1900368233920102e-05
0,0,2.1900368233920102e-05
0,0,2.1900368233920102e-05
0,0,2.1900368233920102e-05
0,0,2.190032900518737e-05
0,0,2.1900368233920102e-05
1,1,0.9999780982689799
0,0,2.1900368233920102e-05
0,0,2.1900368233920102e-05
0,0,2.1900368233920102e-05
0,0,2.1900368233920102e-05
0,0,2.1900368233920102e-05
0,0,2.1900368233920102e-05
0,0,2.1849638289488447e-05
0,0,2.1900368233920102e-05
0,0,0.0001927203177964308
1,1,0.9999780982689799
0,0,2.1900368233920102e-05
0,0,2.1900368233920102e-05
0,0,2.1900368233920102e-05
0,0,2.1900368233920102e-05
0,0,2.1686938306470504e-05
1,1,0.9999780982689799
1,1,0.9999780982689799
0,0,2.1900368233920102e-05
1,1,0.9999780982689799
0,0,2.1900368233920102e-05
0,0,2.1849638289488447e-05
0,0,2.1900368233920102e-05
0,0,2.1900368233920102e-05
1,1,0.9999780982689799
1,1,0.9999780982689799
0,0,2.190032900518737e-05
0,0,2.1900368233920102e-05
1,1,0.9999781217733866
0,0,2.1900368233920102e-05
0,0,2.1900368233920102e-05
0,0,2.190032900518737e-05
0,0,2.190032900518737e-05
1,1,0.9999780982689799
0,0,2.1900368233920102e-05
1,1,0.9999780982689799
1,1,0.9999780982689799
1,1,0.9999780982689799
0,0,2.1900368233920102e-05
1,1,0.9999780982689799
0,0,2.1900368233920102e-05
0,0,2.1900368233920102e-05
1,1,0.9999780982689799
0,0,2.1900368233920102e-05
0,0,2.1900368233920102e-05
1,1,0.9999780982689799
0,0,2.1900368233920102e-05
0,0,2.1900368233920102e-05
0,0,2.1686938306470504e-05
0,0,2.1900368233920102e-05
0,0,2.1900368233920102e-05
0,0,2.1849638289488447e-05
0,0,2.1849638289488447e-05
0,0,2.1900368233920102e-05
1,1,0.9999780982689799
0,0,2.1849638289488447e-05
0,0,2.705127403032568e-05
0,0,2.1900368233920102e-05
0,0,2.1900368233920102e-05
0,0,2.190032900518737e-05
0,0,2.1900368233920102e-05
0,0,2.1900368233920102e-05
0,0,2.1900368233920102e-05
0,0,2.1900368233920102e-05
0,0,2.1900368233920102e-05
0,0,2.1900368233920102e-05
0,0,2.1900368233920102e-05
0,0,2.1900368233920102e-05
1,1,0.9999780982689799
0,0,2.1900368233920102e-05
1,1,0.9999780982689799
0,0,2.1900368233920102e-05
1,1,0.9999780982689799
0,0,2.1900368233920102e-05
0,0,2.1849638289488447e-05
0,0,2.1900368233920102e-05
0,0,2.1900368233920102e-05
0,0,2.1900368233920102e-05
0,0,2.1900368233920102e-05
0,0,2.1900368233920102e-05
0,0,2.1900368233920102e-05
0,0,2.1900368233920102e-05
0,0,2.1900368233920102e-05
1,1,0.9999780982689799
0,0,2.1900368233920102e-05
1,1,0.9999780982689799
1,1,0.9999780982689799
0,0,2.1900368233920102e-05
0,0,2.1900368233920102e-05
0,0,2.1900368233920102e-05
0,0,2.1900368233920102e-05
0,0,2.1900368233920102e-05
0,0,2.1900368233920102e-05
0,0,2.1900368233920102e-05
1,1,0.9999780982689799
0,0,2.190032900518737e-05
0,0,2.1900368233920102e-05
0,0,2.1900368233920102e-05
0,0,2.1900368233920102e-05
1,1,0.9999780982689799
0,0,2.190032900518737e-05
0,0,2.1900368233920102e-05
0,0,2.1900368233920102e-05
0,0,2.1900368233920102e-05
0,0,2.190032900518737e-05
1,1,0.9999780982689799
0,0,2.1900368233920102e-05
0,0,2.1900368233920102e-05
0,0,2.1900368233920102e-05
0,0,2.1900368233920102e-05
1,1,0.9999780982689799
1,1,0.9999780982689799
0,0,2.1900368233920102e-05
0,0,2.7079953416148974e-05
0,0,2.1900368233920102e-05
1,1,0.9999780982689799
0,0,2.1900368233920102e-05
0,0,2.1900368233920102e-05
0,0,2.1900368233920102e-05
0,0,2.1900368233920102e-05
0,0,2.1900368233920102e-05
0,0,2.1900368233920102e-05
0,0,2.1900368233920102e-05
1,1,0.9999780982689799
1,1,0.9999780982689799
0,0,2.1900368233920102e-05
1,1,0.9389763873085147
0,0,2.1900368233920102e-05
0,0,2.1900368233920102e-05
0,0,2.1900368233920102e-05
0,0,2.1900368233920102e-05
0,0,2.1900368233920102e-05
0,0,2.1849638289488447e-05
0,0,2.190032900518737e-05
0,0,2.190032900518737e-05
0,0,3.66487822815892e-05
0,0,2.1900368233920102e-05
1,1,0.9998199212177331
0,0,2.1900368233920102e-05
0,0,2.1900368233920102e-05
0,0,2.1900368233920102e-05
1,1,0.9999780982689799
0,0,2.190032900518737e-05
0,0,2.1900368233920102e-05
0,0,2.1900368233920102e-05
0,0,2.1900368233920102e-05
0,0,2.1900368233920102e-05
0,0,2.1900368233920102e-05
1,1,0.9999782075518043
0,0,2.1900368233920102e-05
1,1,0.9999780982689799
0,0,2.1900368233920102e-05
0,0,2.1900368233920102e-05
0,0,2.190032900518737e-05
0,0,2.1850810655113965e-05
1,1,0.9999780982689799
0,0,2.1900368233920102e-05
0,0,2.1900368233920102e-05
0,0,2.1900368233920102e-05
0,0,2.1900368233920102e-05
0,0,2.1900368233920102e-05
1,1,0.9999780982689799
0,0,2.1900368233920102e-05
0,0,2.1688931300343456e-05
0,0,2.1900368233920102e-05
0,0,2.190032900518737e-05
0,0,2.1849638289488447e-05
0,0,2.1900368233920102e-05
0,0,2.1900368233920102e-05
0,0,2.1900368233920102e-05
1,1,0.9999780982689799
0,0,2.1900368233920102e-05
0,0,2.190032900518737e-05
0,0,2.1900368233920102e-05
0,0,2.1900368233920102e-05
0,0,2.1900368233920102e-05
0,0,2.1900368233920102e-05
0,0,2.1900368233920102e-05
0,0,2.1900368233920102e-05
0,0,2.1900368233920102e-05
0,0,2.1900368233920102e-05
0,0,2.1900368233920102e-05
0,0,2.1900368233920102e-05
0,0,2.1900368233920102e-05
0,0,2.1900368233920102e-05
0,0,2.1900368233920102e-05
0,0,2.1900368233920102e-05
1,1,0.9999780982689799
0,0,2.1900368233920102e-05
0,0,2.1849638289488447e-05
0,0,2.190032900518737e-05
0,0,2.1900368233920102e-05
0,0,2.1900368233920102e-05
1,1,0.9999780982689799
0,0,2.1900368233920102e-05
0,0,2.1900368233920102e-05
0,0,2.1900368233920102e-05
0,0,2.1900368233920102e-05
0,0,2.1900368233920102e-05
0,0,2.1900368233920102e-05
1,1,0.9999780982689799
0,0,2.1900368233920102e-05
1,1,0.9999780982689799
0,0,2.1900368233920102e-05
0,0,2.1900368233920102e-05
1,1,0.9999780982689799
0,0,2.1900368233920102e-05
0,0,2.1900368233920102e-05
0,0,2.1900368233920102e-05
0,0,2.1900368233920102e-05
0,0,2.1900368233920102e-05
0,0,2.1900368233920102e-05
0,0,2.1900368233920102e-05
0,0,2.1900368233920102e-05
0,0,2.1900368233920102e-05
0,0,2.1900368233920102e-05
0,0,2.1900368233920102e-05
0,0,2.1900368233920102e-05
1,1,0.9999780982689799
0,0,2.1900368233920102e-05
0,0,2.1900368233920102e-05
0,0,2.1900368233920102e-05
1,1,0.9999780982689799
0,0,2.1900368233920102e-05
1,1,0.9999780982689799
0,0,2.1900368233920102e-05
1,1,0.9999551341475603
0,0,2.1900368233920102e-05
0,0,2.1900368233920102e-05
0,0,2.1849638289488447e-05
0,0,2.1900368233920102e-05
0,0,2.1900368233920102e-05
0,0,2.1850810655113965e-05
0,0,2.1900368233920102e-05
0,0,2.1900368233920102e-05
0,0,2.1900368233920102e-05
0,0,2.1900368233920102e-05
0,0,2.1900368233920102e-05
0,0,2.1900368233920102e-05
0,0,2.1900368233920102e-05
0,0,2.1900368233920102e-05
0,0,2.1900368233920102e-05
0,0,2.1900368233920102e-05
0,0,2.1900368233920102e-05
0,0,2.1849638289488447e-05
0,0,2.1900368233920102e-05
0,0,2.1900368233920102e-05
0,0,2.1900368233920102e-05
0,0,2.1900368233920102e-05
0,0,2.1900368233920102e-05
0,0,2.1900368233920102e-05
0,0,2.1900368233920102e-05
0,0,2.1900368233920102e-05
0,0,2.1900368233920102e-05
1,1,0.9999780982689799
0,0,2.190032900518737e-05
1,1,0.9999780982689799
0,0,2.190032900518737e-05
0,0,2.1900368233920102e-05
0,0,2.1900368233920102e-05
0,0,2.1900368233920102e-05
0,0,2.1900368233920102e-05
1,1,0.9999780982689799
0,0,2.1900368233920102e-05
0,0,2.1900368233920102e-05
0,0,2.1900368233920102e-05
0,0,2.1900368233920102e-05
0,0,2.1900368233920102e-05
0,0,2.1900368233920102e-05
0,0,2.1900368233920102e-05
0,0,2.1900368233920102e-05
0,0,2.1900368233920102e-05
0,0,2.1900368233920102e-05
0,0,2.1900368233920102e-05
0,0,2.1900368233920102e-05
0,0,2.1900368233920102e-05
0,0,2.1900368233920102e-05
0,0,2.1900368233920102e-05
0,0,2.1900368233920102e-05
1,1,0.9999780982689799
1,1,0.9999780982689799
0,0,2.1900368233920102e-05
0,0,2.1900368233920102e-05
0,0,2.1900368233920102e-05
0,0,2.1849638289488447e-05
0,0,2.1900368233920102e-05
0,0,2.1900368233920102e-05
1,1,0.9999595974906975
0,0,2.1900368233920102e-05
0,0,2.1900368233920102e-05
0,0,2.1900368233920102e-05
1,1,0.9999409235579456
0,0,2.1900368233920102e-05
0,0,2.1900368233920102e-05
0,0,2.1900368233920102e-05
0,0,2.1900368233920102e-05
0,0,2.1900368233920102e-05
0,0,2.1849638289488447e-05
0,0,2.1900368233920102e-05
1,1,0.9999780982689799
0,0,2.1900368233920102e-05
0,0,2.1900368233920102e-05
0,0,2.1900368233920102e-05
0,0,2.1900368233920102e-05
0,0,2.1900368233920102e-05
1,1,0.9999780982689799
0,0,2.1900368233920102e-05
1,1,0.9999780982689799
0,0,2.190032900518737e-05
0,0,2.1900368233920102e-05
0,0,2.179152769328258e-05
0,0,2.1900368233920102e-05
0,0,2.1900368233920102e-05
0,0,2.1900368233920102e-05
0,0,2.1900368233920102e-05
0,0,2.1849638289488447e-05
0,0,2.1900368233920102e-05
0,0,2.1900368233920102e-05
0,0,2.1900368233920102e-05
0,0,2.1900368233920102e-05
0,0,2.1900368233920102e-05
0,0,2.1900368233920102e-05
0,0,2.1900368233920102e-05
0,0,2.1900368233920102e-05
0,0,2.1900368233920102e-05
0,0,2.1900368233920102e-05
1,1,0.9999780982689799
0,0,2.1900368233920102e-05
1,1,0.9999780982689799
1,1,0.9999780982689799
0,0,2.1900368233920102e-05
0,0,2.1900368233920102e-05
0,0,2.1900368233920102e-05
0,0,2.1900368233920102e-05
0,0,2.160057294560227e-05
0,0,2.1900368233920102e-05
0,0,2.1900368233920102e-05
1,1,0.9999780982689799
0,0,2.1900368233920102e-05
0,0,2.1900368233920102e-05
1,1,0.9999780982689799
0,0,2.1900368233920102e-05
0,0,2.1900368233920102e-05
1,1,0.9999780982689799
0,0,2.1900368233920102e-05
0,0,2.1900368233920102e-05
0,0,2.1900368233920102e-05
0,0,2.1900368233920102e-05
0,0,2.1900368233920102e-05
0,0,2.1900368233920102e-05
0,0,2.1900368233920102e-05
0,0,2.1900368233920102e-05
1,1,0.9999781037580394
0,0,2.1849638289488447e-05
0,0,2.1900368233920102e-05
0,0,2.1900368233920102e-05
0,0,2.1900368233920102e-05
0,0,2.1900368233920102e-05
0,0,2.1900368233920102e-05
0,0,2.1900368233920102e-05
0,0,2.1900368233920102e-05
0,0,2.1900368233920102e-05
0,0,2.1900368233920102e-05
0,0,2.1900368233920102e-05
0,0,2.1900368233920102e-05
0,0,2.1900368233920102e-05
0,0,2.1549952490974703e-05
1,1,0.9999780982689799
0,0,2.1900368233920102e-05
0,0,2.1900368233920102e-05
0,0,2.1849638289488447e-05
0,0,2.1900368233920102e-05
0,0,2.1900368233920102e-05
0,0,2.1900368233920102e-05
0,0,2.1900368233920102e-05
0,0,2.1900368233920102e-05
0,0,2.1900368233920102e-05
0,0,2.1900368233920102e-05
0,0,2.1900368233920102e-05
0,0,2.1900368233920102e-05
0,0,2.1900368233920102e-05
1,1,0.9999780982689799
0,0,2.1900368233920102e-05
0,0,2.1900368233920102e-05
0,0,2.1900368233920102e-05
0,0,2.1900368233920102e-05
1,1,0.9999780982689799
0,0,2.1900368233920102e-05
0,0,2.1849638289488447e-05
0,0,2.1900368233920102e-05
0,0,2.1900368233920102e-05
1,1,0.9999780982689799
0,0,2.1900368233920102e-05
0,0,2.1900368233920102e-05
0,0,2.1849638289488447e-05
0,0,2.1900368233920102e-05
1,1,0.9999780982689799
0,0,2.3712803851020147e-05
0,0,2.1900368233920102e-05
0,0,2.1900368233920102e-05
0,0,2.1900368233920102e-05
0,0,2.1849638289488447e-05
0,0,2.1900368233920102e-05
0,0,2.1849638289488447e-05
0,0,2.1900368233920102e-05
0,0,2.1900368233920102e-05
0,0,2.1900368233920102e-05
0,0,2.1900368233920102e-05
0,0,2.1900368233920102e-05
0,0,2.1849638289488447e-05
1,1,0.9999780982689799
0,0,2.1900368233920102e-05
0,0,2.1900368233920102e-05
0,0,3.852454884936494e-05
0,0,2.1900368233920102e-05
0,0,2.1900368233920102e-05
0,0,2.190032900518737e-05
0,0,2.1900368233920102e-05
0,0,2.1900368233920102e-05
0,0,2.1900368233920102e-05
1,1,0.9999780982689799
0,0,2.1849638289488447e-05
0,0,2.1900368233920102e-05
0,0,2.1849638289488447e-05
0,0,2.1900368233920102e-05
0,0,2.1900368233920102e-05
0,0,2.180649931902061e-05
0,0,2.1849638289488447e-05
0,0,2.1900368233920102e-05
0,0,2.1900368233920102e-05
0,0,2.1900368233920102e-05
0,0,2.1900368233920102e-05
1,1,0.9999780982689799
0,0,2.1900368233920102e-05
0,0,2.1849638289488447e-05
0,0,2.1900368233920102e-05
0,0,2.1900368233920102e-05
0,0,2.190032900518737e-05
0,0,2.1900368233920102e-05
1,1,0.9999780982689799
0,0,2.1900368233920102e-05
0,0,2.1900368233920102e-05
0,0,2.1900368233920102e-05
1,1,0.9999780982689799
0,0,2.1513849908440825e-05
0,0,2.1900368233920102e-05
0,0,2.1900368233920102e-05
0,0,2.1900368233920102e-05
0,0,2.1900368233920102e-05
0,0,2.1900368233920102e-05
1,1,0.9999780982689799
0,0,2.1900368233920102e-05
0,0,2.1900368233920102e-05
0,0,2.1900368233920102e-05
0,0,2.1900368233920102e-05
0,0,2.1900368233920102e-05
0,0,2.1900368233920102e-05
0,0,2.1900368233920102e-05
0,0,2.1900368233920102e-05
0,0,2.190032900518737e-05
0,0,2.1900368233920102e-05
0,0,2.1900368233920102e-05
0,0,2.190032900518737e-05
0,0,2.1900368233920102e-05
0,0,2.1900368233920102e-05
0,0,2.1900368233920102e-05
1,1,0.9999780982689799
0,0,3.661718243365043e-05
0,0,2.1900368233920102e-05
0,0,2.1900368233920102e-05
0,0,2.1900368233920102e-05
0,0,2.1900368233920102e-05
0,0,2.1900368233920102e-05
0,0,2.1900368233920102e-05
0,0,2.1900368233920102e-05
0,0,2.1900368233920102e-05
0,0,2.1900368233920102e-05
0,0,2.1900368233920102e-05
0,0,2.1900368233920102e-05
0,0,2.1900368233920102e-05
0,0,2.1900368233920102e-05
0,0,2.1900368233920102e-05
0,0,2.1900368233920102e-05
0,0,2.1900368233920102e-05
0,0,2.1900368233920102e-05
0,0,2.1900368233920102e-05
0,0,2.1849638289488447e-05
0,0,2.1900368233920102e-05
0,0,2.1900368233920102e-05
0,0,2.1900368233920102e-05
0,0,2.1809262908510643e-05
0,0,2.1900368233920102e-05
0,0,2.1900368233920102e-05
0,0,2.1900368233920102e-05
0,0,2.1900368233920102e-05
0,0,2.1900368233920102e-05
1,1,0.9999780982689799
1,1,0.9999780982689799
0,0,2.1900368233920102e-05
0,0,2.1900368233920102e-05
0,0,2.1900368233920102e-05
0,0,2.1219298852346862e-05
1,1,0.9999780982689799
0,0,2.1900368233920102e-05
0,0,2.1900368233920102e-05
1,1,0.9999780982689799
0,0,2.1900368233920102e-05
0,0,2.1900368233920102e-05
0,0,2.1900368233920102e-05
0,0,2.1849104616737714e-05
1,1,0.9999780982689799
0,0,2.1900368233920102e-05
0,0,2.1900368233920102e-05
0,0,2.1900368233920102e-05
1,1,0.9999780982689799
0,0,2.190032900518737e-05
0,0,2.3332397561467826e-05
0,0,2.1900368233920102e-05
0,0,2.1900368233920102e-05
1,1,0.9999780982689799
0,0,2.179152769328258e-05
0,0,2.1900368233920102e-05
1,1,0.9999780982689799
0,0,2.1900368233920102e-05
0,0,2.1900368233920102e-05
1,1,0.9999780982689799
0,0,2.1900368233920102e-05
0,0,2.190032900518737e-05
0,0,2.1900368233920102e-05
0,0,2.1900368233920102e-05
0,0,2.1849638289488447e-05
1,1,0.9999780982689799
0,0,2.1900368233920102e-05
1,1,0.9999780982689799
0,0,2.1900368233920102e-05
0,0,2.1900368233920102e-05
0,0,2.1900368233920102e-05
0,0,2.1900368233920102e-05
0,0,2.1900368233920102e-05
0,0,2.1900368233920102e-05
0,0,2.1900368233920102e-05
0,0,2.1900368233920102e-05
0,0,2.1900368233920102e-05
0,0,2.1900368233920102e-05
0,0,2.1900368233920102e-05
0,0,2.1900368233920102e-05
0,0,2.1900368233920102e-05
0,0,2.1900368233920102e-05
0,0,2.1900368233920102e-05
0,0,2.1900368233920102e-05
0,0,2.1900368233920102e-05
0,0,2.1900368233920102e-05
0,0,2.1900368233920102e-05
0,0,2.1900368233920102e-05
0,0,2.190032900518737e-05
0,0,2.1900368233920102e-05
0,0,2.1900368233920102e-05
0,0,2.190032900518737e-05
0,0,2.1900368233920102e-05
0,0,2.1900368233920102e-05
1,1,0.9999780982689799
0,0,2.1900368233920102e-05
1,1,0.9999780982689799
0,0,2.1900368233920102e-05
0,0,2.1900368233920102e-05
0,0,2.1900368233920102e-05
0,0,2.1900368233920102e-05
0,0,2.1900368233920102e-05
0,0,2.1900368233920102e-05
0,0,2.1900368233920102e-05
0,0,2.1900368233920102e-05
0,0,2.1900368233920102e-05
0,0,2.1900368233920102e-05
1,1,0.9999780982689799
0,0,2.190032900518737e-05
0,0,2.1900368233920102e-05
0,0,2.190032900518737e-05
0,0,2.1900368233920102e-05
0,0,2.1849638289488447e-05
0,0,2.1900368233920102e-05
1,1,0.9999780982689799
0,0,2.1900368233920102e-05
0,0,2.1900368233920102e-05
0,0,2.1900368233920102e-05
0,0,2.1900368233920102e-05
0,0,2.1900368233920102e-05
0,0,2.1900368233920102e-05
0,0,2.1900368233920102e-05
0,0,2.1849638289488447e-05
0,0,2.1900368233920102e-05
0,0,2.1900368233920102e-05
0,0,2.190032900518737e-05
0,0,2.1900368233920102e-05
0,0,2.1196967139631593e-05
0,0,2.1900368233920102e-05
1,1,0.9999780982689799
0,0,2.1900368233920102e-05
0,0,2.1900368233920102e-05
0,0,2.1900368233920102e-05
0,0,2.1900368233920102e-05
0,0,2.1900368233920102e-05
0,0,2.1900368233920102e-05
0,0,2.1900368233920102e-05
0,0,2.1759094668752983e-05
0,0,2.1900368233920102e-05
0,0,2.1900368233920102e-05
0,0,2.1900368233920102e-05
0,0,2.1417020612663264e-05
0,0,2.190032900518737e-05
1,1,0.9999780982689799
1,1,0.9999780982689799
0,0,2.1900368233920102e-05
1,1,0.9999780982689799
0,0,2.1900368233920102e-05
0,0,2.1900368233920102e-05
0,0,2.1900368233920102e-05
0,0,2.1900368233920102e-05
1,1,0.9999780982689799
0,0,2.1900368233920102e-05
0,0,2.1900368233920102e-05
0,0,2.1900368233920102e-05
0,0,2.1900368233920102e-05
0,0,2.190032900518737e-05
1,1,0.9999780982689799
0,0,2.1900368233920102e-05
0,0,2.1900368233920102e-05
0,0,2.1759094668752983e-05
0,0,2.1849638289488447e-05
0,0,2.1900368233920102e-05
0,0,2.1900368233920102e-05
0,0,2.1900368233920102e-05
0,0,2.1900368233920102e-05
0,0,2.1900368233920102e-05
0,0,2.180649931902061e-05
0,0,2.1900368233920102e-05
0,0,2.1900368233920102e-05
0,0,2.1900368233920102e-05
0,0,2.1900368233920102e-05
0,0,2.1900368233920102e-05
0,0,2.1900368233920102e-05
0,0,2.1849638289488447e-05
0,0,2.1900368233920102e-05
0,0,2.1900368233920102e-05
0,0,2.1900368233920102e-05
0,0,2.1900368233920102e-05
0,0,2.1900368233920102e-05
0,0,2.1900368233920102e-05
0,0,2.1900368233920102e-05
0,0,2.3073620665295798e-05
0,0,2.1900368233920102e-05
0,0,2.1900368233920102e-05
0,0,2.1900368233920102e-05
0,0,2.1900368233920102e-05
0,0,2.1900368233920102e-05
1,1,0.9999780982689799
0,0,2.1900368233920102e-05
0,0,2.1900368233920102e-05
0,0,2.1900368233920102e-05
0,0,2.1900368233920102e-05
0,0,2.1900368233920102e-05
0,0,2.190032900518737e-05
0,0,2.1900368233920102e-05
0,0,2.1900368233920102e-05
0,0,2.1900368233920102e-05
0,0,2.1900368233920102e-05
1,1,0.9999780982689799
0,0,2.1900368233920102e-05
0,0,2.1900368233920102e-05
0,0,2.1900368233920102e-05
0,0,2.180649931902061e-05
0,0,2.1900368233920102e-05
0,0,2.1900368233920102e-05
0,0,2.1900368233920102e-05
0,0,2.1900368233920102e-05
0,0,2.1900368233920102e-05
0,0,2.190032900518737e-05
0,0,2.1900368233920102e-05
0,0,2.1900368233920102e-05
0,0,2.1900368233920102e-05
0,0,2.1900368233920102e-05
0,0,2.1900368233920102e-05
1,1,0.9999780982689799
0,0,3.091739503264085e-05
0,0,2.1900368233920102e-05
0,0,2.1900368233920102e-05
0,0,2.1900368233920102e-05
0,0,2.1900368233920102e-05
0,0,2.190032900518737e-05
0,0,2.190032900518737e-05
1,1,0.9999780982689799
1,1,0.9999780982689799
0,0,2.1900368233920102e-05
0,0,2.1900368233920102e-05
0,0,2.1900368233920102e-05
0,0,2.1900368233920102e-05
0,0,2.1900368233920102e-05
0,0,2.1900368233920102e-05
1,1,0.9999780982689799
0,0,2.1900368233920102e-05
0,0,2.1900368233920102e-05
0,0,2.1900368233920102e-05
0,0,2.1900368233920102e-05
0,0,2.1900368233920102e-05
0,0,2.1900368233920102e-05
0,0,2.1900368233920102e-05
0,0,2.1900368233920102e-05
0,0,2.1900368233920102e-05
0,0,2.1900368233920102e-05
0,0,2.190032900518737e-05
0,0,2.2681802941829723e-05
0,0,2.1849638289488447e-05
0,0,2.1900368233920102e-05
1,1,0.9999780982689799
1,1,0.9999780982689799
0,0,2.1900368233920102e-05
0,0,0.00022963516813963823
1,1,0.9999780982689799
0,0,2.1900368233920102e-05
0,0,2.190032900518737e-05
0,0,2.1900368233920102e-05
1,1,0.9999780982689799
0,0,2.1900368233920102e-05
0,0,2.1900368233920102e-05
1,1,0.9999780982689799
0,0,2.1900368233920102e-05
0,0,2.1900368233920102e-05
0,0,2.1900368233920102e-05
0,0,2.1900368233920102e-05
1,1,0.9999780982689799
0,0,2.1900368233920102e-05
0,0,2.1900368233920102e-05
0,0,2.1900368233920102e-05
0,0,2.1900368233920102e-05
1,1,0.9999780982689799
0,0,2.1900368233920102e-05
0,0,2.1900368233920102e-05
0,0,2.190032900518737e-05
1,1,0.9999780982689799
0,0,2.1900368233920102e-05
0,0,2.1900368233920102e-05
1,1,0.9999780982689799
0,0,2.1900368233920102e-05
0,0,2.1900368233920102e-05
1,1,0.9999780982689799
0,0,2.1900368233920102e-05
1,1,0.9999780982689799
0,0,2.1900368233920102e-05
0,0,2.190032900518737e-05
0,0,2.1900368233920102e-05
0,0,2.1849638289488447e-05
0,0,2.1900368233920102e-05
0,0,2.1900368233920102e-05
0,0,2.1900368233920102e-05
0,0,2.1900368233920102e-05
0,0,2.1900368233920102e-05
0,0,2.1900368233920102e-05
0,0,2.1900368233920102e-05
0,0,2.1900368233920102e-05
0,0,2.1900368233920102e-05
1,1,0.9999780982689799
0,0,2.1900368233920102e-05
0,0,2.1900368233920102e-05
0,0,2.1900368233920102e-05
1,1,0.9999780982689799
1,1,0.9999780982689799
1,1,0.9999780982689799
1,1,0.9999736156867095
0,0,2.1900368233920102e-05
0,0,2.190032900518737e-05
0,0,2.1900368233920102e-05
0,0,2.1900368233920102e-05
0,0,2.1900368233920102e-05
0,0,2.1900368233920102e-05
0,0,2.1900368233920102e-05
0,0,2.1900368233920102e-05
0,0,2.1900368233920102e-05
0,0,2.1900368233920102e-05
0,0,2.1900368233920102e-05
0,0,2.180649931902061e-05
0,0,2.1900368233920102e-05
0,0,2.1900368233920102e-05
0,0,2.1900368233920102e-05
0,0,2.1900368233920102e-05
0,0,2.1900368233920102e-05
0,0,2.1900368233920102e-05
0,0,2.1900368233920102e-05
1,1,0.9999780982689799
0,0,2.1900368233920102e-05
0,0,2.1900368233920102e-05
0,0,2.1900368233920102e-05
0,0,2.1900368233920102e-05
0,0,2.1900368233920102e-05
1,1,0.9999780982689799
0,0,2.1900368233920102e-05
0,0,2.1900368233920102e-05
0,0,2.1900368233920102e-05
0,0,2.1900368233920102e-05
0,0,2.1900368233920102e-05
0,0,2.1849638289488447e-05
0,0,2.1900368233920102e-05
0,0,3.093062385709794e-05
0,0,2.1900368233920102e-05
0,0,2.1900368233920102e-05
0,0,2.1900368233920102e-05
0,0,2.1900368233920102e-05
0,0,2.1900368233920102e-05
0,0,2.1900368233920102e-05
0,0,2.1900368233920102e-05
0,0,2.1900368233920102e-05
0,0,2.1900368233920102e-05
0,0,2.1900368233920102e-05
0,0,2.1900368233920102e-05
0,0,2.1849638289488447e-05
0,0,2.1900368233920102e-05
0,0,2.190032900518737e-05
1,1,0.9999780982689799
0,0,2.1900368233920102e-05
0,0,3.970218864256049e-05
0,0,2.1900368233920102e-05
1,1,0.9999780982689799
0,0,2.1900368233920102e-05
0,0,2.1900368233920102e-05
1,1,0.9999780982689799
0,0,2.1900368233920102e-05
0,0,2.1849638289488447e-05
0,0,2.1900368233920102e-05
0,0,2.1900368233920102e-05
0,0,2.1900368233920102e-05
0,0,2.190032900518737e-05
0,0,2.1900368233920102e-05
0,0,2.1900368233920102e-05
0,0,2.1900368233920102e-05
0,0,2.1900368233920102e-05
1,1,0.9999780982689799
0,0,2.1900368233920102e-05
0,0,2.1900368233920102e-05
0,0,2.1900368233920102e-05
0,0,2.1900368233920102e-05
0,0,2.1900368233920102e-05
0,0,2.1900368233920102e-05
0,0,2.1900368233920102e-05
0,0,2.1900368233920102e-05
0,0,2.1849638289488447e-05
0,0,2.190032900518737e-05
0,0,2.1900368233920102e-05
0,0,2.1900368233920102e-05
0,0,2.1900368233920102e-05
0,0,2.1900368233920102e-05
0,0,2.1900368233920102e-05
0,0,2.1900368233920102e-05
0,0,2.1900368233920102e-05
0,0,2.1849638289488447e-05
0,0,2.1900368233920102e-05
0,0,2.1900368233920102e-05
0,0,2.1900368233920102e-05
0,0,2.1900368233920102e-05
0,0,2.1849638289488447e-05
0,0,2.1900368233920102e-05
0,0,2.190032900518737e-05
0,0,2.1900368233920102e-05
0,0,2.1900368233920102e-05
0,0,2.1900368233920102e-05
0,0,2.1900368233920102e-05
0,0,2.1900368233920102e-05
0,0,2.1900368233920102e-05
1,1,0.9999780982689799
0,0,2.1900368233920102e-05
0,0,2.1900368233920102e-05
0,0,2.1900368233920102e-05
0,0,2.1849638289488447e-05
0,0,2.1900368233920102e-05
0,0,2.1900368233920102e-05
1,1,0.9999780982689799
0,0,2.1900368233920102e-05
0,0,2.1900368233920102e-05
0,0,2.1900368233920102e-05
0,0,2.1900368233920102e-05
0,0,2.1849638289488447e-05
1,1,0.9999780982689799
0,0,2.1849638289488447e-05
0,0,2.1900368233920102e-05
1,1,0.9999780982689799
0,0,2.1900368233920102e-05
1,1,0.9999780982689799
0,0,2.1900368233920102e-05
0,0,2.1900368233920102e-05
0,0,2.1900368233920102e-05
0,0,2.1900368233920102e-05
0,0,2.1900368233920102e-05
0,0,2.1900368233920102e-05
0,0,2.1900368233920102e-05
0,0,2.1900368233920102e-05
0,0,2.1900368233920102e-05
0,0,2.1900368233920102e-05
0,0,2.1900368233920102e-05
0,0,2.1849638289488447e-05
0,0,2.1900368233920102e-05
0,0,2.1900368233920102e-05
0,0,2.1900368233920102e-05
1,1,0.9999780982689799
1,1,0.9999780982689799
0,0,2.1900368233920102e-05
0,0,2.1900368233920102e-05
0,0,2.1849638289488447e-05
0,0,2.5569757754494326e-05
0,0,2.1900368233920102e-05
0,0,2.1900368233920102e-05
0,0,2.1900368233920102e-05
0,0,2.1900368233920102e-05
0,0,2.1849638289488447e-05
0,0,2.1900368233920102e-05
0,0,2.1900368233920102e-05
1,1,0.9999780982689799
0,0,2.1900368233920102e-05
0,0,2.1900368233920102e-05
0,0,2.1900368233920102e-05
0,0,2.1900368233920102e-05
0,0,2.1900368233920102e-05
1,1,0.9999780982689799
0,0,2.1900368233920102e-05
0,0,2.1900368233920102e-05
0,0,2.1900368233920102e-05
0,0,2.1900368233920102e-05
0,0,2.1900368233920102e-05
0,0,2.1900368233920102e-05
0,0,2.1900368233920102e-05
0,0,2.1900368233920102e-05
0,0,2.1900368233920102e-05
0,0,2.1900368233920102e-05
0,0,2.1900368233920102e-05
0,0,4.006010316324474e-05
0,0,2.1900368233920102e-05
1,1,0.9999780982689799
0,0,2.1900368233920102e-05
0,0,2.1900368233920102e-05
0,0,2.1900368233920102e-05
0,0,2.1900368233920102e-05
0,0,2.1900368233920102e-05
0,0,2.1900368233920102e-05
0,0,2.1900368233920102e-05
0,0,2.1900368233920102e-05
0,0,2.1900368233920102e-05
0,0,2.1900368233920102e-05
0,0,2.1900368233920102e-05
0,0,2.1900368233920102e-05
0,0,0.0005914786246142626
1,1,0.9999780982689799
0,0,2.1900368233920102e-05
0,0,2.1900368233920102e-05
0,0,2.1900368233920102e-05
0,0,2.1900368233920102e-05
0,0,2.1900368233920102e-05
0,0,2.1900368233920102e-05
0,0,2.1900368233920102e-05
0,0,2.1900368233920102e-05
0,0,2.1900368233920102e-05
0,0,2.1900368233920102e-05
0,0,2.1900368233920102e-05
0,0,2.190032900518737e-05
0,0,2.1900368233920102e-05
1,1,0.9999756423137031
0,0,2.190032900518737e-05
1,1,0.9999780982689799
0,0,2.1900368233920102e-05
0,0,2.1900368233920102e-05
0,0,2.1900368233920102e-05
0,0,2.1900368233920102e-05
0,0,2.1900368233920102e-05
0,0,2.1900368233920102e-05
0,0,2.1849638289488447e-05
0,0,2.1900368233920102e-05
0,0,2.1900368233920102e-05
0,0,7.924601265798576e-05
1,1,0.9999780982689799
0,0,2.1900368233920102e-05
0,0,2.1900368233920102e-05
0,0,2.1900368233920102e-05
0,0,2.1900368233920102e-05
1,1,0.9999780982689799
0,0,2.190032900518737e-05
0,0,2.1900368233920102e-05
0,0,2.1900368233920102e-05
0,0,2.1900368233920102e-05
0,0,2.1900368233920102e-05
0,0,2.1900368233920102e-05
0,0,2.1900368233920102e-05
0,0,2.190032900518737e-05
1,1,0.9999780982689799
0,0,2.1900368233920102e-05
0,0,2.1900368233920102e-05
0,0,2.1900368233920102e-05
0,0,2.7143878639170743e-05
0,0,2.1900368233920102e-05
0,0,2.1900368233920102e-05
0,0,2.1900368233920102e-05
0,0,2.1850810655113965e-05
0,0,2.1900368233920102e-05
0,0,2.1900368233920102e-05
0,0,2.1900368233920102e-05
0,0,2.1900368233920102e-05
0,0,2.1900368233920102e-05
1,1,0.9999780982689799
0,0,2.1900368233920102e-05
0,0,2.190032900518737e-05
1,1,0.9999780982689799
0,0,2.1900368233920102e-05
1,1,0.9999780982689799
0,0,2.1900368233920102e-05
0,0,2.1900368233920102e-05
0,0,2.1900368233920102e-05
0,0,2.180649931902061e-05
1,1,0.9999780982689799
0,0,2.1900368233920102e-05
0,0,2.1900368233920102e-05
0,0,2.1900368233920102e-05
0,0,2.1900368233920102e-05
0,0,2.1900368233920102e-05
0,0,2.1900368233920102e-05
0,0,2.1900368233920102e-05
0,0,2.1900368233920102e-05
0,0,2.1900368233920102e-05
1,1,0.9999780982689799
0,0,2.1900368233920102e-05
0,0,2.1900368233920102e-05
0,0,2.1900368233920102e-05
1,1,0.9999780982689799
1,1,0.9999780982689799
0,0,2.3754520989194338e-05
0,0,2.1900368233920102e-05
0,0,2.1900368233920102e-05
0,0,2.168382108031741e-05
0,0,2.1900368233920102e-05
0,0,2.1900368233920102e-05
0,0,2.1900368233920102e-05
0,0,2.1900368233920102e-05
0,0,2.1900368233920102e-05
0,0,2.1900368233920102e-05
0,0,2.1900368233920102e-05
0,0,2.1900368233920102e-05
0,0,2.1900368233920102e-05
0,0,2.1900368233920102e-05
0,0,2.1900368233920102e-05
0,0,2.1900368233920102e-05
0,0,2.1900368233920102e-05
0,0,2.1716809773558755e-05
0,0,2.1900368233920102e-05
0,0,2.1900368233920102e-05
1,1,0.9999780982689799
0,0,2.1900368233920102e-05
0,0,2.1900368233920102e-05
0,0,2.1900368233920102e-05
0,0,2.1900368233920102e-05
0,0,2.1900368233920102e-05
0,0,2.1900368233920102e-05
0,0,2.1900368233920102e-05
1,1,0.9999780982689799
0,0,2.1900368233920102e-05
0,0,2.1900368233920102e-05
0,0,2.1900368233920102e-05
0,0,2.1900368233920102e-05
0,0,2.1900368233920102e-05
0,0,2.190032900518737e-05
0,0,2.1900368233920102e-05
0,0,2.1900368233920102e-05
1,1,0.9999769490527665
0,0,2.1900368233920102e-05
0,0,2.1900368233920102e-05
1,1,0.9999780982689799
1,1,0.9999780982689799
0,0,2.7029286446977173e-05
0,0,2.1900368233920102e-05
0,0,2.1900368233920102e-05
0,0,2.1900368233920102e-05
0,0,2.1900368233920102e-05
0,0,2.1849638289488447e-05
0,0,2.1900368233920102e-05
1,1,0.9999780982689799
0,0,2.1900368233920102e-05
1,1,0.9999780982689799
0,0,2.1900368233920102e-05
0,0,2.1900368233920102e-05
0,0,2.1900368233920102e-05
0,0,2.1900368233920102e-05
1,1,0.9999780982689799
0,0,2.190032900518737e-05
1,1,0.9999780982689799
0,0,2.0867796886894442e-05
0,0,2.1900368233920102e-05
0,0,2.1900368233920102e-05
0,0,2.1900368233920102e-05
0,0,2.1900368233920102e-05
0,0,2.1900368233920102e-05
1,1,0.9999780982689799
1,1,0.9999784708428616
0,0,2.1900368233920102e-05
0,0,2.1900368233920102e-05
0,0,2.1900368233920102e-05
0,0,2.1900368233920102e-05
0,0,2.1900368233920102e-05
1,1,0.9981761248931067
0,0,2.1900368233920102e-05
0,0,2.1900368233920102e-05
0,0,2.1900368233920102e-05
0,0,2.1900368233920102e-05
0,0,2.1900368233920102e-05
0,0,2.1900368233920102e-05
0,0,2.1900368233920102e-05
0,0,2.1900368233920102e-05
0,0,2.1900368233920102e-05
0,0,2.1900368233920102e-05
1,1,0.9999780982689799
0,0,2.1900368233920102e-05
0,0,2.1900368233920102e-05
0,0,2.1900368233920102e-05
0,0,2.163765449622024e-05
0,0,2.1900368233920102e-05
0,0,2.1900368233920102e-05
0,0,2.1900368233920102e-05
0,0,4.5544882945404666e-05
0,0,2.1900368233920102e-05
1,1,0.9999780982689799
0,0,2.1900368233920102e-05
0,0,2.1900368233920102e-05
0,0,2.1900368233920102e-05
0,0,2.090399073659348e-05
0,0,2.1900368233920102e-05
0,0,2.1900368233920102e-05
1,1,0.9999780982689799
0,0,2.1900368233920102e-05
0,0,2.1900368233920102e-05
0,0,2.160057294560227e-05
1,1,0.9999780982689799
0,0,2.1900368233920102e-05
0,0,2.1900368233920102e-05
1,1,0.9999780982689799
0,0,2.1900368233920102e-05
0,0,2.1900368233920102e-05
0,0,2.1900368233920102e-05
0,0,2.1900368233920102e-05
0,0,2.1900368233920102e-05
0,0,2.3925084016662695e-05
0,0,2.1900368233920102e-05
0,0,2.1900368233920102e-05
0,0,2.1900368233920102e-05
0,0,2.1900368233920102e-05
0,0,2.1900368233920102e-05
0,0,2.1900368233920102e-05
0,0,2.1900368233920102e-05
0,0,2.1900368233920102e-05
0,0,2.1900368233920102e-05
0,0,2.1900368233920102e-05
0,0,2.1900368233920102e-05
0,0,2.190032900518737e-05
1,1,0.9999780982689799
0,0,2.1900368233920102e-05
0,0,2.1900368233920102e-05
1,1,0.9999780982689799
0,0,2.1900368233920102e-05
0,0,2.1900368233920102e-05
0,0,2.1900368233920102e-05
1,1,0.9999780982689799
0,0,2.1849638289488447e-05
0,0,2.1900368233920102e-05
0,0,2.1849638289488447e-05
0,0,2.1900368233920102e-05
0,0,2.1900368233920102e-05
0,0,2.1900368233920102e-05
0,0,2.1900368233920102e-05
0,0,2.1900368233920102e-05
0,0,2.1900368233920102e-05
0,0,2.1900368233920102e-05
0,0,2.1900368233920102e-05
0,0,2.1900368233920102e-05
0,0,2.1900368233920102e-05
0,0,2.1900368233920102e-05
0,0,2.1900368233920102e-05
0,0,2.1900368233920102e-05
0,0,2.1900368233920102e-05
0,0,2.1900368233920102e-05
0,0,2.1900368233920102e-05
0,0,2.1900368233920102e-05
0,0,2.1900368233920102e-05
1,1,0.9999780982689799
1,1,0.9999780982689799
0,0,2.1900368233920102e-05
0,0,2.1900368233920102e-05
0,0,2.1900368233920102e-05
0,0,2.1900368233920102e-05
0,0,2.1900368233920102e-05
0,0,2.1900368233920102e-05
0,0,2.1900368233920102e-05
0,0,2.1900368233920102e-05
0,0,2.1900368233920102e-05
0,0,2.1900368233920102e-05
0,0,2.1900368233920102e-05
0,0,2.1849638289488447e-05
0,0,2.1900368233920102e-05
0,0,2.1759094668752983e-05
0,0,2.1900368233920102e-05
1,1,0.9999780982689799
0,0,2.1900368233920102e-05
0,0,2.1900368233920102e-05
0,0,2.1900368233920102e-05
0,0,2.1900368233920102e-05
0,0,2.1900368233920102e-05
1,1,0.9999780982689799
0,0,2.1900368233920102e-05
1,1,0.9999780982689799
0,0,2.1900368233920102e-05
1,1,0.9999780982689799
0,0,2.1900368233920102e-05
0,0,2.1900368233920102e-05
0,0,2.1900368233920102e-05
0,0,2.1900368233920102e-05
0,0,2.1900368233920102e-05
0,0,2.1900368233920102e-05
1,1,0.9999780982689799
0,0,2.1900368233920102e-05
0,0,2.1900368233920102e-05
0,0,2.1900368233920102e-05
0,0,2.1900368233920102e-05
0,0,2.1900368233920102e-05
0,0,2.1900368233920102e-05
0,0,2.1900368233920102e-05
0,0,2.1900368233920102e-05
0,0,2.1849638289488447e-05
0,0,2.1900368233920102e-05
0,0,2.1900368233920102e-05
0,0,2.1900368233920102e-05
0,0,2.1900368233920102e-05
1,1,0.9999780982689799
0,0,2.1900368233920102e-05
0,0,2.1900368233920102e-05
0,0,2.1900368233920102e-05
0,0,2.1900368233920102e-05
0,0,2.1900368233920102e-05
0,0,2.1900368233920102e-05
0,0,2.1900368233920102e-05
0,0,2.1900368233920102e-05
0,0,2.1900368233920102e-05
0,0,2.1900368233920102e-05
0,0,2.1900368233920102e-05
1,1,0.9999780982689799
0,0,2.1900368233920102e-05
0,0,2.1900368233920102e-05
1,1,0.9999780982689799
0,0,2.1900368233920102e-05
1,1,0.9999780982689799
0,0,2.1900368233920102e-05
0,0,2.1900368233920102e-05
0,0,2.1900368233920102e-05
0,0,0.00023498094294933139
0,0,2.1900368233920102e-05
0,0,2.1900368233920102e-05
0,0,2.1900368233920102e-05
0,0,2.1900368233920102e-05
0,0,2.1900368233920102e-05
0,0,2.190032900518737e-05
0,0,2.1900368233920102e-05
0,0,2.1900368233920102e-05
0,0,2.1900368233920102e-05
0,0,2.1900368233920102e-05
0,0,2.1900368233920102e-05
1,1,0.9999780982689799
1,1,0.9999780982689799
0,0,2.1900368233920102e-05
0,0,2.1315347899293143e-05
1,1,0.9999780982689799
0,0,2.1900368233920102e-05
0,0,2.1900368233920102e-05
0,0,2.1900368233920102e-05
0,0,2.1900368233920102e-05
0,0,2.1900368233920102e-05
0,0,2.1900368233920102e-05
1,1,0.9999780982689799
0,0,2.1900368233920102e-05
0,0,2.1900368233920102e-05
0,0,2.1900368233920102e-05
1,1,0.9999780982689799
0,0,2.1900368233920102e-05
0,0,2.190032900518737e-05
0,0,2.1900368233920102e-05
0,0,2.1849638289488447e-05
0,0,2.1900368233920102e-05
0,0,2.1900368233920102e-05
0,0,2.1900368233920102e-05
0,0,2.1900368233920102e-05
0,0,2.1900368233920102e-05
0,0,2.1900368233920102e-05
1,1,0.9999780982689799
0,0,2.1900368233920102e-05
0,0,2.1900368233920102e-05
0,0,2.1160039167297895e-05
0,0,2.1900368233920102e-05
0,0,2.1900368233920102e-05
0,0,2.1900368233920102e-05
0,0,2.1900368233920102e-05
0,0,2.1900368233920102e-05
0,0,2.1900368233920102e-05
0,0,2.1900368233920102e-05
0,0,2.1900368233920102e-05
0,0,2.1900368233920102e-05
0,0,2.1900368233920102e-05
0,0,2.1900368233920102e-05
0,0,2.1900368233920102e-05
0,0,2.1900368233920102e-05
1,1,0.9999780982689799
0,0,2.1900368233920102e-05
1,1,0.9999780982689799
0,0,2.1900368233920102e-05
0,0,2.1900368233920102e-05
0,0,2.1900368233920102e-05
0,0,2.1849638289488447e-05
0,0,2.241634027821289e-05
0,0,2.1900368233920102e-05
0,0,2.1900368233920102e-05
0,0,2.1900368233920102e-05
0,0,2.1900368233920102e-05
0,0,2.1900368233920102e-05
0,0,2.1900368233920102e-05
1,1,0.9999780982689799
0,0,2.1900368233920102e-05
0,0,2.1900368233920102e-05
0,0,2.1900368233920102e-05
0,0,2.1900368233920102e-05
0,0,2.190032900518737e-05
0,0,2.1900368233920102e-05
0,0,2.1900368233920102e-05
0,0,2.1900368233920102e-05
1,1,0.9999780982689799
0,0,2.1900368233920102e-05
0,0,2.1900368233920102e-05
0,0,2.1900368233920102e-05
0,0,2.1900368233920102e-05
0,0,2.1900368233920102e-05
0,0,2.1900368233920102e-05
0,0,2.1900368233920102e-05
0,0,2.1900368233920102e-05
0,0,2.1900368233920102e-05
0,0,2.1900368233920102e-05
0,0,2.1900368233920102e-05
0,0,2.1900368233920102e-05
0,0,2.1900368233920102e-05
0,0,2.1900368233920102e-05
0,0,2.1900368233920102e-05
0,0,2.1900368233920102e-05
0,0,2.190032900518737e-05
0,0,2.1900368233920102e-05
0,0,2.1900368233920102e-05
0,0,2.1900368233920102e-05
0,0,2.1900368233920102e-05
0,0,2.1900368233920102e-05
0,0,2.1900368233920102e-05
0,0,2.1900368233920102e-05
0,0,2.1900368233920102e-05
0,0,2.1900368233920102e-05
0,0,2.1900368233920102e-05
0,0,2.1900368233920102e-05
0,0,2.1900368233920102e-05
1,1,0.9999780982689799
0,0,2.1900368233920102e-05
0,0,2.1900368233920102e-05
0,0,2.1900368233920102e-05
0,0,2.1759094668752983e-05
0,0,2.1900368233920102e-05
0,0,2.1900368233920102e-05
0,0,2.190032900518737e-05
1,1,0.9999780982689799
0,0,2.1900368233920102e-05
0,0,2.1900368233920102e-05
0,0,2.1849638289488447e-05
0,0,2.1900368233920102e-05
0,0,2.1900368233920102e-05
0,0,2.1900368233920102e-05
1,1,0.9999780982689799
0,0,2.1900368233920102e-05
0,0,2.1900368233920102e-05
0,0,2.1900368233920102e-05
0,0,2.1900368233920102e-05
0,0,2.1900368233920102e-05
0,0,2.190032900518737e-05
0,0,2.1900368233920102e-05
0,0,2.1850216823955003e-05
0,0,2.1900368233920102e-05
0,0,2.1900368233920102e-05
1,1,0.9999780982689799
0,0,2.1900368233920102e-05
0,0,2.1900368233920102e-05
0,0,2.190032900518737e-05
0,0,2.1900368233920102e-05
0,0,2.1900368233920102e-05
0,0,2.1900368233920102e-05
0,0,2.1900368233920102e-05
0,0,2.1900368233920102e-05
0,0,2.1900368233920102e-05
0,0,2.1900368233920102e-05
1,1,0.9999780982689799
0,0,2.1900368233920102e-05
0,0,2.1900368233920102e-05
0,0,2.190032900518737e-05
0,0,2.1900368233920102e-05
0,0,2.1900368233920102e-05
0,0,2.1900368233920102e-05
0,0,2.1900368233920102e-05
0,0,2.1900368233920102e-05
0,0,2.1900368233920102e-05
0,0,2.1900368233920102e-05
0,0,2.1900368233920102e-05
0,0,2.1900368233920102e-05
0,0,2.1900368233920102e-05
0,0,2.1900368233920102e-05
1,1,0.9999780982689799
0,0,2.1900368233920102e-05
1,1,0.9999780982689799
0,0,2.1900368233920102e-05
1,1,0.9999780982689799
0,0,2.1900368233920102e-05
0,0,2.1900368233920102e-05
0,0,2.1900368233920102e-05
0,0,2.1900368233920102e-05
0,0,2.1900368233920102e-05
0,0,2.1900368233920102e-05
0,0,2.1900368233920102e-05
0,0,2.1900368233920102e-05
0,0,2.1900368233920102e-05
1,1,0.9999780982689799
1,1,0.9999780982689799
0,0,2.1900368233920102e-05
0,0,2.1900368233920102e-05
0,0,2.1900368233920102e-05
0,0,2.1900368233920102e-05
0,0,2.1900368233920102e-05
0,0,2.1900368233920102e-05
0,0,2.1900368233920102e-05
0,0,2.1900368233920102e-05
0,0,2.1900368233920102e-05
0,0,2.1900368233920102e-05
0,0,0.00023990362156567677
0,0,2.1900368233920102e-05
0,0,2.1900368233920102e-05
0,0,2.1900368233920102e-05
1,1,0.9999780982689799
0,0,2.1900368233920102e-05
0,0,2.1900368233920102e-05
1,1,0.9999780982689799
0,0,2.1900368233920102e-05
0,0,2.1900368233920102e-05
0,0,2.1900368233920102e-05
0,0,2.1900368233920102e-05
0,0,2.1900368233920102e-05
0,0,2.190032900518737e-05
0,0,2.1900368233920102e-05
0,0,2.1900368233920102e-05
0,0,2.1900368233920102e-05
0,0,2.1900368233920102e-05
0,0,2.1900368233920102e-05
0,0,2.1900368233920102e-05
0,0,2.1900368233920102e-05
1,1,0.9999780982689799
0,0,2.1900368233920102e-05
0,0,2.1900368233920102e-05
0,0,2.1849638289488447e-05
0,0,2.1900368233920102e-05
0,0,2.1900368233920102e-05
0,0,2.1900368233920102e-05
0,0,2.1900368233920102e-05
0,0,2.1900368233920102e-05
0,0,2.1900368233920102e-05
0,0,2.1900368233920102e-05
1,1,0.9999780982689799
1,1,0.9999764060331445
0,0,2.1900368233920102e-05
0,0,2.1900368233920102e-05
0,0,2.1900368233920102e-05
0,0,2.1900368233920102e-05
0,0,2.1900368233920102e-05
0,0,2.1900368233920102e-05
0,0,2.1900368233920102e-05
0,0,2.1900368233920102e-05
0,0,2.1900368233920102e-05
0,0,2.1900368233920102e-05
1,1,0.9999780982689799
1,1,0.9999763865810104
0,0,2.1900368233920102e-05
0,0,2.1900368233920102e-05
0,0,2.1900368233920102e-05
0,0,2.1900368233920102e-05
0,0,2.1900368233920102e-05
1,1,0.9999780982689799
0,0,2.1900368233920102e-05
0,0,2.1900368233920102e-05
0,0,2.1900368233920102e-05
0,0,2.1900368233920102e-05
0,0,2.1900368233920102e-05
0,0,2.1900368233920102e-05
0,0,2.1900368233920102e-05
0,0,2.190032900518737e-05
1,1,0.9999780982689799
0,0,2.1849638289488447e-05
1,1,0.9999780982689799
0,0,2.1900368233920102e-05
0,0,2.1900368233920102e-05
0,0,2.1900368233920102e-05
0,0,2.1900368233920102e-05
0,0,2.1900368233920102e-05
0,0,2.190032900518737e-05
0,0,2.1900368233920102e-05
1,1,0.9999780982689799
0,0,2.1900368233920102e-05
0,0,2.1900368233920102e-05
1,1,0.9999780982689799
0,0,2.1900368233920102e-05
0,0,2.1900368233920102e-05
0,0,2.1849638289488447e-05
0,0,2.1900368233920102e-05
0,0,2.1900368233920102e-05
0,0,2.1900368233920102e-05
0,0,2.1900368233920102e-05
0,0,2.1900368233920102e-05
0,0,2.1849638289488447e-05
0,0,2.1849638289488447e-05
0,0,2.1900368233920102e-05
0,0,2.1849638289488447e-05
0,0,2.1900368233920102e-05
0,0,2.1849638289488447e-05
1,1,0.9999780982689799
0,0,2.1900368233920102e-05
0,0,2.1900368233920102e-05
0,0,2.1900368233920102e-05
1,1,0.9999780982689799
0,0,2.1900368233920102e-05
0,0,2.1219298852346862e-05
1,1,0.9999780982689799
0,0,2.1900368233920102e-05
0,0,2.1900368233920102e-05
0,0,2.1849638289488447e-05
0,0,2.1900368233920102e-05
1,1,0.9999780982689799
0,0,2.1900368233920102e-05
0,0,2.1900368233920102e-05
0,0,2.1900368233920102e-05
0,0,2.1900368233920102e-05
0,0,2.1900368233920102e-05
0,0,3.6578837044228765e-05
0,0,2.1900368233920102e-05
0,0,2.1900368233920102e-05
0,0,2.1900368233920102e-05
1,1,0.9999780982689799
0,0,2.1900368233920102e-05
0,0,2.1900368233920102e-05
0,0,2.1900368233920102e-05
0,0,2.190032900518737e-05
0,0,2.1900368233920102e-05
0,0,2.1849638289488447e-05
0,0,2.1900368233920102e-05
0,0,2.1900368233920102e-05
0,0,2.1900368233920102e-05
0,0,2.1900368233920102e-05
0,0,2.1900368233920102e-05
0,0,2.1900368233920102e-05
1,1,0.9999780982689799
0,0,2.1900368233920102e-05
0,0,2.1900368233920102e-05
0,0,2.1900368233920102e-05
0,0,2.1900368233920102e-05
1,1,0.9999780982689799
0,0,2.1900368233920102e-05
1,1,0.9999780982689799
0,0,2.1900368233920102e-05
0,0,2.1900368233920102e-05
0,0,2.1900368233920102e-05
0,0,2.1900368233920102e-05
0,0,2.1900368233920102e-05
1,1,0.9999417572533326
0,0,2.1849638289488447e-05
1,1,0.9999780982689799
0,0,2.168441260205949e-05
0,0,2.1900368233920102e-05
0,0,2.1900368233920102e-05
0,0,2.1900368233920102e-05
0,0,2.190032900518737e-05
0,0,2.1900368233920102e-05
0,0,2.1900368233920102e-05
0,0,2.6728651339025777e-05
1,1,0.9999780982689799
1,1,0.9999780982689799
0,0,2.1900368233920102e-05
1,1,0.9999781014634648
0,0,2.1900368233920102e-05
1,1,0.9999780982689799
1,1,0.9999780982689799
0,0,2.1900368233920102e-05
1,1,0.9999780982689799
0,0,2.1900368233920102e-05
1,1,0.9999780982689799
0,0,2.1900368233920102e-05
1,1,0.9999780982689799
1,1,0.9999780982689799
0,0,2.1900368233920102e-05
0,0,2.1900368233920102e-05
1,1,0.9999780982689799
0,0,2.1900368233920102e-05
0,0,2.1900368233920102e-05
1,1,0.9999780982689799
0,0,2.1900368233920102e-05
0,0,2.1900368233920102e-05
0,0,2.1900368233920102e-05
0,0,2.1849638289488447e-05
0,0,2.1900368233920102e-05
0,0,3.0273612650564188e-05
1,1,0.9999780982689799
0,0,2.1900368233920102e-05
0,0,2.1900368233920102e-05
0,0,2.1900368233920102e-05
1,1,0.9999780982689799
0,0,2.1900368233920102e-05
0,0,2.1900368233920102e-05
0,0,2.1900368233920102e-05
1,1,0.9968309989249646
0,0,2.1900368233920102e-05
0,0,2.1900368233920102e-05
0,0,2.1900368233920102e-05
0,0,2.190032900518737e-05
0,0,2.1900368233920102e-05
0,0,2.1900368233920102e-05
0,0,2.1900368233920102e-05
0,0,2.1900368233920102e-05
0,0,2.1900368233920102e-05
0,0,2.1900368233920102e-05
0,0,2.1900368233920102e-05
0,0,2.1900368233920102e-05
1,1,0.9999780982689799
0,0,2.1900368233920102e-05
0,0,2.1900368233920102e-05
0,0,2.1900368233920102e-05
0,0,2.549238183341626e-05
0,0,2.1900368233920102e-05
0,0,3.267827844823389e-05
0,0,2.190032900518737e-05
0,0,2.1900368233920102e-05
0,0,2.1900368233920102e-05
0,0,2.1900368233920102e-05
0,0,2.1900368233920102e-05
0,0,2.1900368233920102e-05
0,0,2.1900368233920102e-05
0,0,2.1900368233920102e-05
0,0,2.1900368233920102e-05
0,0,2.1900368233920102e-05
1,1,0.9999780982689799
0,0,2.1849638289488447e-05
1,1,0.9999780982689799
0,0,0.0002804975598135536
0,0,2.1900368233920102e-05
0,0,2.1900368233920102e-05
0,0,2.1900368233920102e-05
0,0,2.1850810655113965e-05
0,0,2.1900368233920102e-05
0,0,2.1900368233920102e-05
0,0,2.1900368233920102e-05
0,0,2.1900368233920102e-05
0,0,2.1900368233920102e-05
0,0,2.180649931902061e-05
0,0,2.1900368233920102e-05
1,1,0.9999780982689799
0,0,2.190032900518737e-05
0,0,2.1900368233920102e-05
0,0,2.1900368233920102e-05
0,0,2.1900368233920102e-05
0,0,2.1900368233920102e-05
0,0,2.1900368233920102e-05
0,0,2.1900368233920102e-05
0,0,2.1900368233920102e-05
0,0,2.1900368233920102e-05
0,0,2.1900368233920102e-05
0,0,2.1900368233920102e-05
0,0,2.1900368233920102e-05
0,0,2.1900368233920102e-05
0,0,2.1900368233920102e-05
1,1,0.9999609705251588
0,0,2.1900368233920102e-05
0,0,2.1900368233920102e-05
0,0,2.1900368233920102e-05
0,0,2.1900368233920102e-05
0,0,2.1900368233920102e-05
0,0,2.1900368233920102e-05
1,1,0.9999780982689799
1,1,0.9999780982689799
0,0,2.1900368233920102e-05
0,0,2.1900368233920102e-05
0,0,2.1900368233920102e-05
0,0,2.1849638289488447e-05
0,0,2.1900368233920102e-05
1,1,0.9999780982689799
0,0,2.1900368233920102e-05
0,0,2.1900368233920102e-05
0,0,2.1900368233920102e-05
0,0,2.1900368233920102e-05
0,0,2.1900368233920102e-05
0,0,2.1759094668752983e-05
0,0,2.1900368233920102e-05
0,0,2.1900368233920102e-05
0,0,2.1900368233920102e-05
0,0,2.1900368233920102e-05
0,0,2.1900368233920102e-05
0,0,2.1900368233920102e-05
0,0,2.1900368233920102e-05
0,0,2.1900368233920102e-05
1,1,0.9999780982689799
0,0,2.1900368233920102e-05
0,0,2.1849638289488447e-05
0,0,2.1900368233920102e-05
0,0,2.1900368233920102e-05
0,0,2.1900368233920102e-05
0,0,2.1900368233920102e-05
0,0,2.1900368233920102e-05
0,0,2.1900368233920102e-05
0,0,2.1900368233920102e-05
0,0,2.1900368233920102e-05
0,0,2.1900368233920102e-05
0,0,2.1900368233920102e-05
0,0,2.1900368233920102e-05
0,0,2.1900368233920102e-05
1,1,0.9999780982689799
1,1,0.9999780982689799
0,0,2.1900368233920102e-05
0,0,2.1900368233920102e-05
0,0,2.1900368233920102e-05
0,0,2.1900368233920102e-05
0,0,2.1900368233920102e-05
0,0,2.2681802941829723e-05
0,0,2.1900368233920102e-05
0,0,2.1900368233920102e-05
1,1,0.9999780982689799
0,0,2.1900368233920102e-05
1,1,0.9999780982689799
0,0,2.190032900518737e-05
1,1,0.9999780982689799
0,0,2.1900368233920102e-05
0,0,2.1900368233920102e-05
0,0,2.1900368233920102e-05
1,1,0.9999780982689799
0,0,2.1900368233920102e-05
0,0,2.1900368233920102e-05
0,0,2.1900368233920102e-05
0,0,2.1900368233920102e-05
0,0,2.1900368233920102e-05
0,0,2.1900368233920102e-05
0,0,2.1900368233920102e-05
0,0,2.1900368233920102e-05
0,0,2.1900368233920102e-05
0,0,2.1900368233920102e-05
0,0,2.1900368233920102e-05
0,0,2.1900368233920102e-05
0,0,2.1900368233920102e-05
0,0,2.1900368233920102e-05
0,0,2.1900368233920102e-05
0,0,2.1900368233920102e-05
0,0,2.1900368233920102e-05
0,0,2.1900368233920102e-05
0,0,2.1900368233920102e-05
0,0,2.1900368233920102e-05
0,0,2.1900368233920102e-05
0,0,2.1900368233920102e-05
0,0,2.1900368233920102e-05
0,0,2.1900368233920102e-05
1,1,0.9999780982689799
1,1,0.9999780982689799
0,0,2.1849638289488447e-05
0,0,2.1900368233920102e-05
0,0,2.1900368233920102e-05
0,0,2.1900368233920102e-05
0,0,2.8775541458979647e-05
0,0,2.1900368233920102e-05
0,0,2.1900368233920102e-05
1,1,0.9999780982689799
0,0,2.1900368233920102e-05
0,0,2.1900368233920102e-05
0,0,2.1900368233920102e-05
1,1,0.9999780982689799
0,0,2.1900368233920102e-05
0,0,2.1900368233920102e-05
0,0,2.1900368233920102e-05
0,0,2.1900368233920102e-05
0,0,2.1900368233920102e-05
0,0,2.1900368233920102e-05
1,1,0.9999780982689799
0,0,2.1900368233920102e-05
0,0,2.1900368233920102e-05
0,0,2.1900368233920102e-05
0,0,2.1900368233920102e-05
0,0,2.1900368233920102e-05
0,0,2.1900368233920102e-05
0,0,2.1900368233920102e-05
0,0,2.1849638289488447e-05
1,1,0.9999780982689799
0,0,2.1900368233920102e-05
0,0,2.1900368233920102e-05
0,0,2.1900368233920102e-05
0,0,2.1900368233920102e-05
0,0,2.1849638289488447e-05
0,0,2.1900368233920102e-05
1,1,0.9999780982689799
0,0,2.1900368233920102e-05
1,1,0.9999780982689799
1,1,0.9999780982689799
0,0,2.1900368233920102e-05
0,0,2.1900368233920102e-05
1,1,0.9999780982689799
0,0,2.1900368233920102e-05
0,0,2.1900368233920102e-05
0,0,2.1900368233920102e-05
0,0,2.1900368233920102e-05
0,0,2.1900368233920102e-05
1,1,0.9999780982689799
0,0,2.1900368233920102e-05
0,0,2.1900368233920102e-05
0,0,2.1900368233920102e-05
0,0,2.1900368233920102e-05
0,0,2.1900368233920102e-05
0,0,2.1900368233920102e-05
0,0,2.1900368233920102e-05
0,0,2.1900368233920102e-05
0,0,2.1849638289488447e-05
1,1,0.9999780982689799
0,0,2.1900368233920102e-05
0,0,2.1900368233920102e-05
0,0,2.1900368233920102e-05
1,1,0.9999780982689799
0,0,2.1900368233920102e-05
0,0,2.1900368233920102e-05
0,0,2.1849638289488447e-05
0,0,2.1900368233920102e-05
0,0,2.1849638289488447e-05
0,0,2.1900368233920102e-05
0,0,2.1900368233920102e-05
0,0,2.1900368233920102e-05
0,0,2.1900368233920102e-05
0,0,2.1900368233920102e-05
0,0,2.1900368233920102e-05
0,0,2.1900368233920102e-05
0,0,2.1900368233920102e-05
0,0,2.1900368233920102e-05
0,0,2.1900368233920102e-05
0,0,2.1900368233920102e-05
0,0,2.190032900518737e-05
0,0,2.1900368233920102e-05
0,0,2.1900368233920102e-05
0,0,2.1900368233920102e-05
0,0,2.1900368233920102e-05
0,0,2.1900368233920102e-05
0,0,2.1900368233920102e-05
0,0,2.1900368233920102e-05
0,0,2.1900368233920102e-05
0,0,2.1849638289488447e-05
0,0,2.1900368233920102e-05
0,0,2.190032900518737e-05
0,0,2.1900368233920102e-05
0,0,2.1900368233920102e-05
0,0,2.1900368233920102e-05
1,1,0.9999780982689799
0,0,2.1900368233920102e-05
0,0,2.1900368233920102e-05
0,0,2.1900368233920102e-05
0,0,2.1900368233920102e-05
0,0,2.1900368233920102e-05
0,0,2.1900368233920102e-05
0,0,2.1900368233920102e-05
0,0,2.1900368233920102e-05
1,1,0.9999780982689799
0,0,2.1900368233920102e-05
0,0,2.1900368233920102e-05
0,0,2.1900368233920102e-05
1,1,0.9999780982689799
0,0,2.1900368233920102e-05
0,0,2.1900368233920102e-05
0,0,2.1900368233920102e-05
0,0,2.1900368233920102e-05
0,0,2.1900368233920102e-05
0,0,2.1900368233920102e-05
1,1,0.9999780982689799
0,0,2.1849638289488447e-05
0,0,2.1900368233920102e-05
0,0,2.1900368233920102e-05
1,1,0.9999780982689799
0,0,2.1900368233920102e-05
0,0,2.1900368233920102e-05
0,0,2.1900368233920102e-05
1,1,0.9999780982689799
0,0,2.1900368233920102e-05
0,0,2.1900368233920102e-05
0,0,2.1900368233920102e-05
0,0,2.1849638289488447e-05
0,0,2.1790331985549958e-05
1,1,0.9999780982689799
0,0,2.1900368233920102e-05
0,0,2.1849638289488447e-05
0,0,2.1900368233920102e-05
0,0,2.1900368233920102e-05
0,0,2.1900368233920102e-05
0,0,2.1900368233920102e-05
0,0,2.1900368233920102e-05
0,0,2.1900368233920102e-05
0,0,2.1900368233920102e-05
1,1,0.9999780982689799
0,0,2.180649931902061e-05
0,0,2.1900368233920102e-05
0,0,2.1900368233920102e-05
0,0,2.1900368233920102e-05
0,0,2.1900368233920102e-05
0,0,0.00010890335430761864
0,0,2.1849638289488447e-05
0,0,2.1900368233920102e-05
0,0,2.1900368233920102e-05
0,0,2.1900368233920102e-05
0,0,2.2681802941829723e-05
0,0,2.1900368233920102e-05
0,0,2.1900368233920102e-05
0,0,2.1900368233920102e-05
0,0,2.1900368233920102e-05
0,0,2.1900368233920102e-05
0,0,2.1900368233920102e-05
0,0,2.1900368233920102e-05
0,0,2.1900368233920102e-05
1,1,0.9999780982689799
0,0,2.1900368233920102e-05
0,0,2.1900368233920102e-05
0,0,2.1900368233920102e-05
0,0,2.1900368233920102e-05
0,0,2.1900368233920102e-05
0,0,2.1900368233920102e-05
0,0,2.1900368233920102e-05
0,0,2.1900368233920102e-05
0,0,2.190032900518737e-05
0,0,2.1900368233920102e-05
0,0,2.1900368233920102e-05
0,0,2.1900368233920102e-05
1,1,0.9999780982689799
0,0,2.1900368233920102e-05
0,0,2.1900368233920102e-05
1,1,0.9999780982689799
0,0,2.1900368233920102e-05
1,1,0.9999780982689799
1,1,0.9999437439268494
0,0,2.1900368233920102e-05
0,0,2.1900368233920102e-05
1,1,0.9999780982689799
0,0,2.1900368233920102e-05
0,0,2.1900368233920102e-05
0,0,2.1900368233920102e-05
0,0,2.1900368233920102e-05
0,0,2.1900368233920102e-05
0,0,2.1900368233920102e-05
0,0,2.1900368233920102e-05
0,0,2.663272866956889e-05
1,1,0.9999780982689799
0,0,2.1900368233920102e-05
0,0,2.1900368233920102e-05
0,0,2.1900368233920102e-05
0,0,2.1900368233920102e-05
0,0,2.1900368233920102e-05
0,0,2.1900368233920102e-05
0,0,2.1900368233920102e-05
0,0,2.1900368233920102e-05
1,1,0.9999780982689799
0,0,2.1900368233920102e-05
0,0,2.1900368233920102e-05
0,0,2.1900368233920102e-05
0,0,2.1900368233920102e-05
0,0,2.1900368233920102e-05
0,0,2.1900368233920102e-05
0,0,2.1900368233920102e-05
0,0,2.1900368233920102e-05
0,0,2.1900368233920102e-05
0,0,2.1900368233920102e-05
0,0,2.1759094668752983e-05
0,0,2.1900368233920102e-05
0,0,2.1849638289488447e-05
1,1,0.9999780982689799
0,0,2.1900368233920102e-05
0,0,2.1900368233920102e-05
0,0,2.1900368233920102e-05
0,0,2.1900368233920102e-05
0,0,2.1900368233920102e-05
0,0,2.1900368233920102e-05
0,0,2.1900368233920102e-05
0,0,2.1849638289488447e-05
0,0,2.1900368233920102e-05
0,0,2.1900368233920102e-05
0,0,2.1900368233920102e-05
0,0,2.1900368233920102e-05
0,0,2.1900368233920102e-05
1,1,0.9999780982689799
0,0,2.1900368233920102e-05
0,0,2.1900368233920102e-05
0,0,2.1900368233920102e-05
0,0,2.1900368233920102e-05
1,1,0.9999780982689799
0,0,2.1900368233920102e-05
0,0,2.1900368233920102e-05
0,0,2.1900368233920102e-05
0,0,2.1900368233920102e-05
1,1,0.9998445548136221
0,0,2.1900368233920102e-05
0,0,2.1900368233920102e-05
0,0,2.1900368233920102e-05
0,0,2.1900368233920102e-05
0,0,2.1900368233920102e-05
1,1,0.9979855215438049
0,0,2.1900368233920102e-05
0,0,2.1900368233920102e-05
0,0,2.1900368233920102e-05
0,0,2.1900368233920102e-05
0,0,2.1900368233920102e-05
0,0,2.1900368233920102e-05
0,0,2.1900368233920102e-05
0,0,2.1900368233920102e-05
0,0,2.1900368233920102e-05
1,1,0.9999780982689799
0,0,2.1900368233920102e-05
0,0,2.1900368233920102e-05
0,0,2.1900368233920102e-05
0,0,2.1900368233920102e-05
0,0,2.1900368233920102e-05
0,0,2.1900368233920102e-05
0,0,2.1900368233920102e-05
0,0,2.1900368233920102e-05
0,0,2.1900368233920102e-05
0,0,2.1849638289488447e-05
0,0,2.1900368233920102e-05
0,0,2.1900368233920102e-05
0,0,2.1900368233920102e-05
0,0,2.1849638289488447e-05
1,1,0.9999780982689799
0,0,2.1900368233920102e-05
0,0,2.1900368233920102e-05
0,0,2.1900368233920102e-05
1,1,0.9999780982689799
0,0,2.1900368233920102e-05
0,0,2.1900368233920102e-05
0,0,2.1900368233920102e-05
0,0,2.1900368233920102e-05
0,0,2.1900368233920102e-05
0,0,2.1900368233920102e-05
0,0,2.1900368233920102e-05
0,0,2.1900368233920102e-05
0,0,2.190032900518737e-05
0,0,2.1900368233920102e-05
0,0,2.1900368233920102e-05
0,0,2.1900368233920102e-05
0,0,2.1900368233920102e-05
1,1,0.9999780982689799
0,0,2.190032900518737e-05
1,1,0.9999780982689799
0,0,2.1900368233920102e-05
0,0,2.1900368233920102e-05
0,0,2.1900368233920102e-05
0,0,2.1900368233920102e-05
1,1,0.9999780982689799
1,1,0.9999780982689799
0,0,2.1900368233920102e-05
1,1,0.9999780982689799
0,0,2.1900368233920102e-05
0,0,2.1900368233920102e-05
1,1,0.9999780982689799
1,1,0.9999780982689799
0,0,2.1900368233920102e-05
0,0,2.1900368233920102e-05
1,1,0.9999780982689799
0,0,2.1900368233920102e-05
0,0,2.1900368233920102e-05
1,1,0.9999780982689799
0,0,2.1900368233920102e-05
0,0,2.1900368233920102e-05
0,0,2.1900368233920102e-05
0,0,2.190032900518737e-05
1,1,0.9999780982689799
0,0,2.1900368233920102e-05
0,0,2.1900368233920102e-05
0,0,2.1900368233920102e-05
0,0,2.1900368233920102e-05
0,0,2.190032900518737e-05
0,0,2.1900368233920102e-05
0,0,2.1900368233920102e-05
0,0,2.1900368233920102e-05
0,0,2.1900368233920102e-05
0,0,2.1809262908510643e-05
0,0,2.1900368233920102e-05
0,0,2.1900368233920102e-05
0,0,2.179152769328258e-05
0,0,2.1900368233920102e-05
1,1,0.9999396936334993
0,0,2.365283808238331e-05
0,0,2.1900368233920102e-05
0,0,2.1900368233920102e-05
0,0,2.1900368233920102e-05
0,0,2.1900368233920102e-05
1,1,0.9999780982689799
0,0,2.1849638289488447e-05
0,0,2.1900368233920102e-05
1,1,0.9999780982689799
0,0,2.1900368233920102e-05
0,0,2.1900368233920102e-05
0,0,2.1900368233920102e-05
0,0,2.1849638289488447e-05
1,1,0.9999780982689799
1,1,0.9999780982689799
0,0,2.1849638289488447e-05
0,0,2.1900368233920102e-05
0,0,2.1900368233920102e-05
0,0,2.1849638289488447e-05
0,0,2.1900368233920102e-05
0,0,2.1900368233920102e-05
0,0,2.1900368233920102e-05
1,1,0.9999780982689799
1,1,0.9999780982689799
0,0,2.3332397561467826e-05
0,0,2.1849638289488447e-05
0,0,2.190032900518737e-05
0,0,2.1900368233920102e-05
1,1,0.9999780982689799
0,0,2.1900368233920102e-05
1,1,0.9999780982689799
0,0,2.1900368233920102e-05
0,0,2.1900368233920102e-05
0,0,2.1900368233920102e-05
0,0,2.1900368233920102e-05
1,1,0.9999780982689799
1,1,0.9999780982689799
0,0,2.1900368233920102e-05
0,0,2.1900368233920102e-05
0,0,2.1900368233920102e-05
1,1,0.9999780982689799
0,0,2.1900368233920102e-05
0,0,2.1900368233920102e-05
0,0,2.1900368233920102e-05
1,1,0.9999780982689799
0,0,2.1900368233920102e-05
0,0,2.1900368233920102e-05
0,0,2.1900368233920102e-05
0,0,2.1900368233920102e-05
0,0,2.1900368233920102e-05
0,0,2.1900368233920102e-05
0,0,2.1216610019343522e-05
0,0,2.1900368233920102e-05
0,0,2.1849638289488447e-05
0,0,2.2785936231559553e-05
0,0,2.190032900518737e-05
0,0,2.1900368233920102e-05
0,0,2.1900368233920102e-05
1,1,0.9999780982689799
0,0,2.1900368233920102e-05
0,0,2.1849638289488447e-05
0,0,2.1900368233920102e-05
1,1,0.9999780982689799
0,0,2.1900368233920102e-05
0,0,2.1900368233920102e-05
0,0,2.1900368233920102e-05
0,0,2.1900368233920102e-05
1,1,0.9999771143323503
0,0,2.1900368233920102e-05
0,0,2.1900368233920102e-05
0,0,2.1900368233920102e-05
0,0,2.1900368233920102e-05
0,0,2.1900368233920102e-05
1,1,0.9999780982689799
0,0,2.1900368233920102e-05
0,0,2.1900368233920102e-05
0,0,2.1900368233920102e-05
0,0,2.1900368233920102e-05
0,0,2.1809262908510643e-05
0,0,2.1900368233920102e-05
0,0,2.1900368233920102e-05
0,0,2.1900368233920102e-05
0,0,2.1900368233920102e-05
1,1,0.9999782075518043
0,0,2.1900368233920102e-05
1,1,0.9999780982689799
0,0,2.1900368233920102e-05
0,0,2.1900368233920102e-05
0,0,2.1900368233920102e-05
0,0,2.1900368233920102e-05
1,1,0.9999780982689799
0,0,2.1900368233920102e-05
0,0,2.1900368233920102e-05
0,0,2.190032900518737e-05
0,0,2.1900368233920102e-05
0,0,2.1900368233920102e-05
0,0,2.190032900518737e-05
0,0,2.1900368233920102e-05
0,0,2.1849638289488447e-05
0,0,2.1849638289488447e-05
1,1,0.9999780982689799
0,0,2.1849638289488447e-05
0,0,2.1900368233920102e-05
0,0,2.1900368233920102e-05
0,0,2.1900368233920102e-05
0,0,2.1900368233920102e-05
1,1,0.9999780982689799
1,1,0.9999780982689799
1,1,0.9999783867456417
0,0,2.1900368233920102e-05
0,0,2.1900368233920102e-05
0,0,2.1900368233920102e-05
0,0,2.1900368233920102e-05
0,0,2.1849638289488447e-05
0,0,2.1900368233920102e-05
0,0,2.190032900518737e-05
0,0,2.1900368233920102e-05
0,0,2.1900368233920102e-05
0,0,2.1900368233920102e-05
0,0,2.1900368233920102e-05
1,1,0.9999780982689799
1,1,0.9999780982689799
0,0,2.4647354293713673e-05
0,0,2.1900368233920102e-05
0,0,2.1900368233920102e-05
0,0,2.1849638289488447e-05
0,0,2.1900368233920102e-05
0,0,2.1849638289488447e-05
0,0,2.1900368233920102e-05
0,0,2.1900368233920102e-05
1,1,0.9999780982689799
0,0,2.1900368233920102e-05
0,0,2.1849638289488447e-05
0,0,2.353972774971165e-05
0,0,2.1900368233920102e-05
0,0,2.1900368233920102e-05
0,0,2.1900368233920102e-05
1,1,0.9999780982689799
1,1,0.9999780982689799
0,0,2.1900368233920102e-05
0,0,2.190032900518737e-05
0,0,2.1900368233920102e-05
0,0,2.1900368233920102e-05
0,0,2.1900368233920102e-05
0,0,2.1900368233920102e-05
1,1,0.9986981030153906
0,0,2.1900368233920102e-05
0,0,2.1900368233920102e-05
0,0,2.1900368233920102e-05
0,0,2.1900368233920102e-05
0,0,2.1900368233920102e-05
0,0,2.1900368233920102e-05
0,0,2.1900368233920102e-05
0,0,2.1900368233920102e-05
0,0,2.1849638289488447e-05
1,1,0.9999780982689799
0,0,2.1216610019343522e-05
1,1,0.9999780982689799
0,0,2.1900368233920102e-05
1,1,0.9999780982689799
0,0,2.1900368233920102e-05
0,0,2.1900368233920102e-05
0,0,2.1900368233920102e-05
0,0,2.1900368233920102e-05
0,0,2.1900368233920102e-05
0,0,2.1900368233920102e-05
0,0,2.1900368233920102e-05
0,0,2.1900368233920102e-05
0,0,2.1900368233920102e-05
0,0,2.1900368233920102e-05
0,0,2.1900368233920102e-05
1,1,0.9999780982689799
1,1,0.9999780982689799
1,1,0.9999780982689799
0,0,2.1900368233920102e-05
0,0,2.1900368233920102e-05
0,0,2.1900368233920102e-05
0,0,2.1900368233920102e-05
1,1,0.9999780982689799
0,0,2.1900368233920102e-05
0,0,2.1900368233920102e-05
1,1,0.9999780982689799
0,0,2.1900368233920102e-05
0,0,2.1900368233920102e-05
1,1,0.9999780982689799
0,0,2.1900368233920102e-05
0,0,2.227147890965637e-05
1,1,0.9999780982689799
0,0,2.1900368233920102e-05
0,0,2.1849638289488447e-05
0,0,2.1900368233920102e-05
0,0,2.1900368233920102e-05
0,0,2.1900368233920102e-05
0,0,2.1900368233920102e-05
0,0,2.1900368233920102e-05
0,0,2.1900368233920102e-05
0,0,2.1900368233920102e-05
0,0,2.1849638289488447e-05
0,0,2.1900368233920102e-05
0,0,2.190032900518737e-05
0,0,2.1900368233920102e-05
0,0,2.1900368233920102e-05
0,0,2.1900368233920102e-05
0,0,2.1849638289488447e-05
0,0,2.1900368233920102e-05
0,0,2.1900368233920102e-05
0,0,2.1900368233920102e-05
0,0,2.1900368233920102e-05
0,0,2.5569757754494326e-05
0,0,2.1900368233920102e-05
0,0,2.1900368233920102e-05
0,0,2.1900368233920102e-05
0,0,2.1900368233920102e-05
0,0,2.1900368233920102e-05
0,0,2.1900368233920102e-05
0,0,2.190032900518737e-05
0,0,2.1900368233920102e-05
0,0,2.1900368233920102e-05
0,0,2.1900368233920102e-05
0,0,2.1900368233920102e-05
0,0,2.1900368233920102e-05
0,0,2.190032900518737e-05
0,0,2.1900368233920102e-05
0,0,2.1900368233920102e-05
0,0,2.1849638289488447e-05
1,1,0.9999780982689799
0,0,2.1900368233920102e-05
0,0,2.1900368233920102e-05
0,0,2.1900368233920102e-05
0,0,2.1900368233920102e-05
0,0,2.1900368233920102e-05
1,1,0.9999780982689799
0,0,2.1900368233920102e-05
0,0,2.1900368233920102e-05
0,0,2.1900368233920102e-05
0,0,2.1900368233920102e-05
0,0,2.1900368233920102e-05
0,0,2.1900368233920102e-05
0,0,2.1900368233920102e-05
0,0,2.1900368233920102e-05
0,0,2.1900368233920102e-05
0,0,2.1900368233920102e-05
0,0,2.1900368233920102e-05
0,0,2.1900368233920102e-05
0,0,2.1900368233920102e-05
0,0,2.1900368233920102e-05
0,0,2.1900368233920102e-05
0,0,2.1900368233920102e-05
0,0,2.1900368233920102e-05
0,0,2.1900368233920102e-05
0,0,2.1900368233920102e-05
0,0,2.190032900518737e-05
0,0,2.1900368233920102e-05
0,0,2.1900368233920102e-05
0,0,2.1900368233920102e-05
0,0,2.729347504378237e-05
1,1,0.9999726989136953
0,0,2.1849638289488447e-05
0,0,2.1900368233920102e-05
1,1,0.9999780982689799
0,0,2.1900368233920102e-05
0,0,2.1900368233920102e-05
0,0,2.1900368233920102e-05
0,0,2.1900368233920102e-05
0,0,2.1900368233920102e-05
0,0,2.1900368233920102e-05
0,0,2.1900368233920102e-05
0,0,2.1849638289488447e-05
0,0,2.1849638289488447e-05
0,0,2.1900368233920102e-05
0,0,2.1900368233920102e-05
0,0,2.1900368233920102e-05
0,0,2.1900368233920102e-05
0,0,3.091739503264085e-05
0,0,2.1900368233920102e-05
0,0,2.1900368233920102e-05
0,0,2.1900368233920102e-05
0,0,2.1900368233920102e-05
1,1,0.9999780982689799
0,0,2.1900368233920102e-05
0,0,2.1900368233920102e-05
1,1,0.9999780982689799
0,0,2.1900368233920102e-05
0,0,2.1900368233920102e-05
0,0,2.1900368233920102e-05
0,0,2.1900368233920102e-05
0,0,2.1900368233920102e-05
0,0,2.190032900518737e-05
0,0,2.1900368233920102e-05
0,0,2.1900368233920102e-05
1,1,0.9999780982689799
0,0,2.1900368233920102e-05
0,0,2.1900368233920102e-05
1,1,0.9999780982689799
0,0,2.190032900518737e-05
0,0,2.1900368233920102e-05
0,0,2.1900368233920102e-05
0,0,2.1900368233920102e-05
1,1,0.9999780982689799
0,0,2.1900368233920102e-05
0,0,2.1900368233920102e-05
0,0,2.1900368233920102e-05
0,0,2.1900368233920102e-05
0,0,2.1900368233920102e-05
0,0,2.1900368233920102e-05
0,0,2.1900368233920102e-05
0,0,2.1900368233920102e-05
0,0,2.1900368233920102e-05
0,0,2.1900368233920102e-05
1,1,0.9999780982689799
0,0,0.0020380768478217206
0,0,2.1900368233920102e-05
0,0,2.1900368233920102e-05
0,0,2.1900368233920102e-05
0,0,2.1900368233920102e-05
0,0,2.1900368233920102e-05
0,0,2.1900368233920102e-05
1,1,0.9999780982689799
1,1,0.9999780982689799
0,0,2.1849638289488447e-05
0,0,2.1900368233920102e-05
0,0,2.1900368233920102e-05
0,0,2.1900368233920102e-05
0,0,2.1900368233920102e-05
0,0,2.1900368233920102e-05
1,1,0.9999780982689799
0,0,2.1900368233920102e-05
0,0,2.1900368233920102e-05
0,0,2.1900368233920102e-05
0,0,2.1900368233920102e-05
0,0,2.1900368233920102e-05
0,0,2.1900368233920102e-05
1,1,0.9999780982689799
0,0,2.353972774971165e-05
0,0,2.1900368233920102e-05
0,0,2.1687515762987353e-05
0,0,2.1900368233920102e-05
0,0,2.1900368233920102e-05
0,0,2.190032900518737e-05
0,0,2.1900368233920102e-05
0,0,2.1900368233920102e-05
0,0,2.1900368233920102e-05
0,0,2.1900368233920102e-05
0,0,2.190032900518737e-05
0,0,2.1900368233920102e-05
0,0,2.1900368233920102e-05
0,0,2.1900368233920102e-05
1,1,0.9999780982689799
0,0,2.1900368233920102e-05
1,1,0.9999780982689799
0,0,2.1900368233920102e-05
0,0,2.1900368233920102e-05
0,0,2.190032900518737e-05
0,0,2.1900368233920102e-05
0,0,2.1900368233920102e-05
0,0,2.1900368233920102e-05
0,0,2.1759094668752983e-05
0,0,2.1900368233920102e-05
0,0,2.1900368233920102e-05
0,0,2.1900368233920102e-05
0,0,2.1900368233920102e-05
0,0,2.1900368233920102e-05
0,0,2.1900368233920102e-05
0,0,2.1900368233920102e-05
0,0,2.1900368233920102e-05
0,0,2.1900368233920102e-05
0,0,2.1900368233920102e-05
1,1,0.9999780982689799
0,0,2.1900368233920102e-05
0,0,2.1900368233920102e-05
1,1,0.9999780982689799
0,0,2.1900368233920102e-05
0,0,2.1900368233920102e-05
1,1,0.9999780982689799
0,0,2.1900368233920102e-05
1,1,0.9999780982689799
0,0,2.1900368233920102e-05
0,0,2.1900368233920102e-05
0,0,2.1900368233920102e-05
0,0,2.1900368233920102e-05
1,1,0.9999780982689799
1,1,0.9999780982689799
0,0,2.1900368233920102e-05
0,0,2.1900368233920102e-05
0,0,2.1900368233920102e-05
1,1,0.9999780982689799
0,0,2.1900368233920102e-05
0,0,2.1900368233920102e-05
0,0,2.1849638289488447e-05
0,0,2.1900368233920102e-05
0,0,2.1900368233920102e-05
0,0,2.1900368233920102e-05
0,0,2.1900368233920102e-05
0,0,2.190032900518737e-05
0,0,2.1900368233920102e-05
0,0,2.1900368233920102e-05
0,0,2.1900368233920102e-05
0,0,2.1900368233920102e-05
0,0,2.190032900518737e-05
0,0,2.1900368233920102e-05
1,1,0.9999780982689799
1,1,0.9999780982689799
0,0,2.1900368233920102e-05
0,0,2.1900368233920102e-05
0,0,2.1900368233920102e-05
0,0,2.1900368233920102e-05
0,0,2.1849638289488447e-05
0,0,2.2681802941829723e-05
0,0,2.1900368233920102e-05
1,1,0.9999780982689799
0,0,2.1900368233920102e-05
1,1,0.9999780982689799
0,0,2.1900368233920102e-05
0,0,2.1900368233920102e-05
0,0,2.1900368233920102e-05
1,1,0.9999780982689799
0,0,2.1900368233920102e-05
0,0,2.1216610019343522e-05
0,0,2.1900368233920102e-05
0,0,2.179152769328258e-05
0,0,2.1900368233920102e-05
1,1,0.9999780982689799
0,0,2.1900368233920102e-05
1,1,0.9999780982689799
0,0,2.1900368233920102e-05
0,0,2.1849638289488447e-05
0,0,2.1900368233920102e-05
1,1,0.9999780982689799
0,0,2.1900368233920102e-05
1,1,0.9999780982689799
0,0,2.1900368233920102e-05
0,0,2.1900368233920102e-05
0,0,2.1900368233920102e-05
0,0,2.1900368233920102e-05
0,0,2.1900368233920102e-05
0,0,2.1900368233920102e-05
0,0,2.1900368233920102e-05
0,0,2.1900368233920102e-05
0,0,2.1900368233920102e-05
0,0,2.1900368233920102e-05
0,0,2.1900368233920102e-05
1,1,0.9999780982689799
1,1,0.9999780982689799
1,1,0.9999780982689799
0,0,2.1900368233920102e-05
0,0,2.1900368233920102e-05
0,0,2.1900368233920102e-05
1,1,0.9999780982689799
0,0,2.1900368233920102e-05
0,0,2.1900368233920102e-05
0,0,2.1900368233920102e-05
0,0,2.1900368233920102e-05
0,0,2.1900368233920102e-05
1,1,0.9999780982689799
0,0,2.1900368233920102e-05
0,0,2.1849638289488447e-05
0,0,2.190032900518737e-05
0,0,2.190032900518737e-05
0,0,2.1900368233920102e-05
0,0,2.1900368233920102e-05
0,0,2.1900368233920102e-05
0,0,2.1900368233920102e-05
0,0,2.1900368233920102e-05
0,0,2.1900368233920102e-05
0,0,2.1900368233920102e-05
0,0,2.1900368233920102e-05
0,0,2.1900368233920102e-05
0,0,2.1900368233920102e-05
1,1,0.9999277360437019
0,0,2.179152769328258e-05
0,0,2.1900368233920102e-05
0,0,2.1900368233920102e-05
0,0,2.1900368233920102e-05
0,0,2.1900368233920102e-05
0,0,2.1900368233920102e-05
0,0,2.1686938306470504e-05
0,0,2.1900368233920102e-05
0,0,2.1900368233920102e-05
0,0,2.1900368233920102e-05
0,0,2.1900368233920102e-05
1,1,0.9999780982689799
0,0,2.1900368233920102e-05
0,0,2.1900368233920102e-05
0,0,2.1900368233920102e-05
0,0,2.1900368233920102e-05
0,0,2.1900368233920102e-05
0,0,2.1900368233920102e-05
0,0,2.1900368233920102e-05
0,0,2.1900368233920102e-05
1,1,0.9999780982689799
1,1,0.9999780982689799
0,0,2.1900368233920102e-05
0,0,2.1900368233920102e-05
0,0,2.1900368233920102e-05
0,0,2.1900368233920102e-05
0,0,2.1900368233920102e-05
0,0,2.1900368233920102e-05
0,0,2.1900368233920102e-05
0,0,2.1900368233920102e-05
0,0,2.1900368233920102e-05
0,0,2.190032900518737e-05
0,0,2.1900368233920102e-05
1,1,0.9999780982689799
0,0,2.1900368233920102e-05
0,0,2.1900368233920102e-05
0,0,2.1900368233920102e-05
0,0,2.1900368233920102e-05
0,0,2.1900368233920102e-05
0,0,2.1900368233920102e-05
0,0,2.1900368233920102e-05
0,0,2.1900368233920102e-05
0,0,2.1900368233920102e-05
1,1,0.9999780982689799
0,0,2.1900368233920102e-05
1,1,0.9999780982689799
0,0,2.190032900518737e-05
0,0,2.1900368233920102e-05
0,0,2.1900368233920102e-05
0,0,2.1900368233920102e-05
1,1,0.9999780982689799
0,0,2.1900368233920102e-05
0,0,2.1900368233920102e-05
0,0,2.1900368233920102e-05
0,0,2.1900368233920102e-05
0,0,2.1900368233920102e-05
0,0,2.190032900518737e-05
0,0,2.1900368233920102e-05
0,0,2.1900368233920102e-05
1,1,0.9999780982689799
0,0,2.1900368233920102e-05
0,0,2.1900368233920102e-05
0,0,2.1900368233920102e-05
1,1,0.9999780982689799
0,0,2.1849638289488447e-05
0,0,2.1900368233920102e-05
0,0,2.1900368233920102e-05
0,0,2.1900368233920102e-05
0,0,2.1900368233920102e-05
0,0,2.1900368233920102e-05
0,0,2.1900368233920102e-05
0,0,2.1900368233920102e-05
0,0,2.1900368233920102e-05
0,0,2.1900368233920102e-05
0,0,2.1900368233920102e-05
1,1,0.9999780982689799
0,0,2.1900368233920102e-05
0,0,2.1900368233920102e-05
0,0,2.179152769328258e-05
0,0,2.1900368233920102e-05
0,0,2.1900368233920102e-05
0,0,2.1900368233920102e-05
1,1,0.9999780982689799
0,0,2.1900368233920102e-05
0,0,2.1900368233920102e-05
0,0,2.1900368233920102e-05
0,0,2.1900368233920102e-05
0,0,2.1900368233920102e-05
0,0,2.1900368233920102e-05
0,0,2.1900368233920102e-05
0,0,2.1900368233920102e-05
0,0,2.1900368233920102e-05
0,0,2.1900368233920102e-05
0,0,2.1900368233920102e-05
0,0,2.1900368233920102e-05
0,0,2.1900368233920102e-05
0,0,2.1900368233920102e-05
0,0,2.1900368233920102e-05
0,0,2.1900368233920102e-05
0,0,2.1900368233920102e-05
1,1,0.9999780982689799
0,0,2.1900368233920102e-05
0,0,2.1900368233920102e-05
1,1,0.9999638384086238
0,0,2.1900368233920102e-05
0,0,2.1900368233920102e-05
0,0,2.2681802941829723e-05
0,0,2.1900368233920102e-05
0,0,2.1900368233920102e-05
0,0,2.1900368233920102e-05
0,0,2.1900368233920102e-05
0,0,2.1900368233920102e-05
0,0,2.1900368233920102e-05
0,0,2.1900368233920102e-05
0,0,2.1900368233920102e-05
0,0,2.1900368233920102e-05
0,0,2.1900368233920102e-05
0,0,2.1900368233920102e-05
0,0,2.1900368233920102e-05
0,0,2.1900368233920102e-05
0,0,2.1900368233920102e-05
0,0,2.190032900518737e-05
0,0,2.3441493158276658e-05
0,0,2.1900368233920102e-05
0,0,2.081266074972635e-05
0,0,2.1900368233920102e-05
0,0,2.1900368233920102e-05
1,1,0.9999780982689799
0,0,2.1900368233920102e-05
0,0,2.1900368233920102e-05
0,0,0.0032093341351924795
0,0,2.1900368233920102e-05
0,0,2.1900368233920102e-05
0,0,2.1900368233920102e-05
0,0,2.1900368233920102e-05
0,0,2.190032900518737e-05
0,0,2.1900368233920102e-05
1,1,0.9999780982689799
0,0,2.1900368233920102e-05
1,1,0.9999780982689799
0,0,2.1900368233920102e-05
1,1,0.9999780982689799
0,0,2.190032900518737e-05
0,0,2.1900368233920102e-05
0,0,2.1759094668752983e-05
0,0,2.1900368233920102e-05
0,0,2.1900368233920102e-05
1,1,0.9999780982689799
1,1,0.9999780982689799
0,0,2.1900368233920102e-05
0,0,2.1900368233920102e-05
0,0,2.190032900518737e-05
0,0,2.1900368233920102e-05
1,1,0.9999780982689799
0,0,2.1900368233920102e-05
0,0,2.1900368233920102e-05
0,0,2.1900368233920102e-05
1,1,0.9999780982689799
0,0,2.190032900518737e-05
0,0,2.1900368233920102e-05
0,0,2.1900368233920102e-05
0,0,2.1900368233920102e-05
0,0,2.180649931902061e-05
0,0,2.190032900518737e-05
0,0,2.1900368233920102e-05
0,0,2.1900368233920102e-05
0,0,2.1900368233920102e-05
0,0,2.1900368233920102e-05
0,0,2.1900368233920102e-05
0,0,2.1900368233920102e-05
0,0,2.1900368233920102e-05
0,0,2.1900368233920102e-05
0,0,2.1900368233920102e-05
0,0,2.1900368233920102e-05
0,0,2.1900368233920102e-05
0,0,2.1900368233920102e-05
0,0,2.1900368233920102e-05
1,1,0.9999780982689799
0,0,2.1900368233920102e-05
0,0,2.1900368233920102e-05
0,0,2.1900368233920102e-05
1,1,0.9998213753685332
0,0,2.1900368233920102e-05
0,0,2.1900368233920102e-05
0,0,2.1900368233920102e-05
0,0,2.190032900518737e-05
0,0,2.1900368233920102e-05
1,1,0.9999780982689799
0,0,2.1900368233920102e-05
0,0,2.1900368233920102e-05
0,0,2.190032900518737e-05
0,0,2.1900368233920102e-05
0,0,2.1900368233920102e-05
0,0,2.6148484396805966e-05
0,0,2.190032900518737e-05
0,0,2.1900368233920102e-05
0,0,2.4178331629475493e-05
0,0,2.1900368233920102e-05
0,0,2.1900368233920102e-05
1,1,0.9999780982689799
0,0,2.1900368233920102e-05
0,0,2.190032900518737e-05
0,0,2.179152769328258e-05
0,0,2.1900368233920102e-05
0,0,2.1900368233920102e-05
1,1,0.9999780982689799
0,0,2.1900368233920102e-05
0,0,2.190032900518737e-05
0,0,2.190032900518737e-05
0,0,2.1849638289488447e-05
0,0,2.1900368233920102e-05
0,0,2.1900368233920102e-05
0,0,2.1900368233920102e-05
0,0,2.1900368233920102e-05
0,0,2.1900368233920102e-05
0,0,2.1900368233920102e-05
0,0,2.1900368233920102e-05
0,0,2.1900368233920102e-05
0,0,2.1900368233920102e-05
0,0,2.1900368233920102e-05
1,1,0.9999780982689799
0,0,2.190032900518737e-05
0,0,2.1900368233920102e-05
0,0,2.1900368233920102e-05
0,0,2.1900368233920102e-05
0,0,2.1900368233920102e-05
0,0,2.1900368233920102e-05
1,1,0.9999780982689799
0,0,2.1900368233920102e-05
0,0,2.1900368233920102e-05
0,0,2.1900368233920102e-05
0,0,2.1900368233920102e-05
0,0,2.1900368233920102e-05
1,1,0.9999780982689799
0,0,2.1900368233920102e-05
1,1,0.9999780982689799
0,0,2.1900368233920102e-05
0,0,2.1900368233920102e-05
0,0,2.1900368233920102e-05
0,0,2.1900368233920102e-05
1,1,0.9999780982689799
0,0,2.1849638289488447e-05
0,0,2.1900368233920102e-05
0,0,2.1900368233920102e-05
1,1,0.9999780982689799
0,0,0.000816785436777159
0,0,2.1900368233920102e-05
0,0,2.1900368233920102e-05
0,0,2.1900368233920102e-05
1,1,0.9999780982689799
0,0,2.1900368233920102e-05
0,0,2.1900368233920102e-05
0,0,2.1900368233920102e-05
0,0,2.1900368233920102e-05
1,1,0.9999780982689799
0,0,2.1900368233920102e-05
0,0,2.1900368233920102e-05
0,0,2.1900368233920102e-05
0,0,2.1900368233920102e-05
0,0,2.1849638289488447e-05
1,1,0.9999780982689799
0,0,2.1900368233920102e-05
0,0,2.1900368233920102e-05
1,1,0.9999780982689799
0,0,2.1900368233920102e-05
0,0,2.1900368233920102e-05
0,0,2.1900368233920102e-05
0,0,2.1900368233920102e-05
1,1,0.9999780982689799
0,0,2.1900368233920102e-05
0,0,2.1900368233920102e-05
1,1,0.9999780982689799
0,0,2.1849638289488447e-05
0,0,2.1900368233920102e-05
1,1,0.9999780982689799
1,1,0.9999780982689799
0,0,2.1900368233920102e-05
0,0,2.1900368233920102e-05
0,0,2.1900368233920102e-05
0,0,2.1900368233920102e-05
0,0,2.1900368233920102e-05
0,0,2.1900368233920102e-05
0,0,2.1900368233920102e-05
0,0,2.1900368233920102e-05
0,0,2.1900368233920102e-05
0,0,2.1900368233920102e-05
0,0,2.1900368233920102e-05
0,0,2.190032900518737e-05
0,0,2.1900368233920102e-05
0,0,2.1900368233920102e-05
0,0,2.1900368233920102e-05
0,0,2.1900368233920102e-05
0,0,2.1900368233920102e-05
0,0,2.1900368233920102e-05
0,0,2.1900368233920102e-05
1,1,0.9999780982689799
1,1,0.9999780982689799
0,0,2.1849638289488447e-05
0,0,2.1849638289488447e-05
1,1,0.9999780982689799
0,0,2.1900368233920102e-05
0,0,2.1900368233920102e-05
0,0,2.1900368233920102e-05
0,0,2.1900368233920102e-05
0,0,2.1900368233920102e-05
0,0,2.1900368233920102e-05
0,0,2.1900368233920102e-05
1,1,0.9999780982689799
0,0,2.1900368233920102e-05
0,0,2.1900368233920102e-05
0,0,2.1900368233920102e-05
0,0,2.1900368233920102e-05
0,0,2.1900368233920102e-05
0,0,2.1900368233920102e-05
0,0,2.1900368233920102e-05
0,0,2.1900368233920102e-05
0,0,2.190032900518737e-05
0,0,2.1900368233920102e-05
1,1,0.9999780982689799
0,0,2.1900368233920102e-05
1,1,0.9999693194015754
1,1,0.9999780982689799
1,1,0.9999780982689799
0,0,2.1900368233920102e-05
0,0,2.1900368233920102e-05
0,0,2.1900368233920102e-05
0,0,2.1900368233920102e-05
0,0,2.1900368233920102e-05
0,0,2.1900368233920102e-05
0,0,2.1900368233920102e-05
0,0,2.1900368233920102e-05
0,0,2.1900368233920102e-05
0,0,2.1900368233920102e-05
0,0,2.1900368233920102e-05
0,0,2.1849638289488447e-05
0,0,2.1900368233920102e-05
0,0,2.1900368233920102e-05
0,0,2.1900368233920102e-05
0,0,2.1900368233920102e-05
0,0,2.1849638289488447e-05
0,0,2.1900368233920102e-05
1,1,0.9999780982689799
0,0,2.1850810655113965e-05
0,0,2.1900368233920102e-05
0,0,2.1900368233920102e-05
0,0,2.1900368233920102e-05
0,0,2.1900368233920102e-05
0,0,2.1900368233920102e-05
0,0,2.190032900518737e-05
0,0,2.1900368233920102e-05
0,0,2.1900368233920102e-05
1,1,0.9999780982689799
0,0,2.1900368233920102e-05
0,0,2.1900368233920102e-05
0,0,2.1900368233920102e-05
0,0,2.1900368233920102e-05
0,0,2.190032900518737e-05
0,0,2.1900368233920102e-05
0,0,2.1900368233920102e-05
1,1,0.9999780982689799
0,0,2.1900368233920102e-05
0,0,2.1900368233920102e-05
0,0,2.190032900518737e-05
0,0,2.1900368233920102e-05
1,1,0.9999780982689799
1,1,0.9999780982689799
1,1,0.9999780982689799
0,0,2.1900368233920102e-05
0,0,2.1900368233920102e-05
0,0,2.190032900518737e-05
0,0,2.1900368233920102e-05
0,0,6.528948470427753e-05
0,0,2.1900368233920102e-05
0,0,2.1900368233920102e-05
1,1,0.9999780982689799
1,1,0.9999780982689799
0,0,2.1900368233920102e-05
0,0,2.1900368233920102e-05
0,0,2.1900368233920102e-05
0,0,2.190032900518737e-05
0,0,2.1900368233920102e-05
0,0,2.190032900518737e-05
0,0,2.1900368233920102e-05
0,0,2.1900368233920102e-05
0,0,2.1900368233920102e-05
0,0,2.1900368233920102e-05
1,1,0.9999780982689799
0,0,2.1900368233920102e-05
0,0,2.1900368233920102e-05
0,0,2.1900368233920102e-05
0,0,2.1900368233920102e-05
0,0,2.1900368233920102e-05
0,0,2.1900368233920102e-05
1,1,0.9999780982689799
0,0,2.0840178625791537e-05
0,0,2.1900368233920102e-05
0,0,2.1900368233920102e-05
0,0,2.1900368233920102e-05
0,0,2.1900368233920102e-05
0,0,2.1900368233920102e-05
0,0,2.1900368233920102e-05
1,1,0.9999780982689799
1,1,0.9999780982689799
0,0,2.1900368233920102e-05
0,0,2.1900368233920102e-05
1,1,0.9999780982689799
0,0,2.1900368233920102e-05
0,0,2.1900368233920102e-05
0,0,2.1900368233920102e-05
0,0,2.1900368233920102e-05
0,0,2.1900368233920102e-05
0,0,2.1900368233920102e-05
0,0,2.1849638289488447e-05
1,1,0.9999780982689799
0,0,2.1900368233920102e-05
0,0,2.1900368233920102e-05
0,0,2.1900368233920102e-05
1,1,0.9999780982689799
0,0,2.1900368233920102e-05
0,0,2.1900368233920102e-05
0,0,2.1900368233920102e-05
0,0,2.190032900518737e-05
1,1,0.9999780982689799
0,0,2.1900368233920102e-05
0,0,2.1900368233920102e-05
0,0,2.1900368233920102e-05
0,0,2.1900368233920102e-05
0,0,2.1900368233920102e-05
0,0,2.1900368233920102e-05
1,1,0.9999780982689799
0,0,2.1900368233920102e-05
0,0,2.160057294560227e-05
0,0,2.1900368233920102e-05
0,0,2.1900368233920102e-05
0,0,2.1900368233920102e-05
0,0,2.1900368233920102e-05
0,0,2.2681802941829723e-05
0,0,2.1900368233920102e-05
1,1,0.9999780982689799
0,0,2.1900368233920102e-05
0,0,2.1900368233920102e-05
0,0,2.1849638289488447e-05
0,0,2.1900368233920102e-05
0,0,2.1900368233920102e-05
0,0,2.1900368233920102e-05
0,0,2.1900368233920102e-05
1,1,0.9999780982689799
1,1,0.9999780982689799
0,0,2.1900368233920102e-05
0,0,2.1900368233920102e-05
0,0,2.1900368233920102e-05
1,1,0.9999780982689799
0,0,2.1900368233920102e-05
0,0,2.190032900518737e-05
0,0,2.1900368233920102e-05
0,0,2.1900368233920102e-05
0,0,2.1900368233920102e-05
0,0,2.1849638289488447e-05
0,0,2.1900368233920102e-05
0,0,2.1900368233920102e-05
0,0,2.1900368233920102e-05
0,0,2.1900368233920102e-05
0,0,2.1900368233920102e-05
0,0,2.1900368233920102e-05
0,0,2.1900368233920102e-05
0,0,2.1900368233920102e-05
0,0,2.1900368233920102e-05
0,0,2.1900368233920102e-05
0,0,2.1900368233920102e-05
0,0,2.1900368233920102e-05
0,0,2.1900368233920102e-05
0,0,2.1900368233920102e-05
0,0,2.1900368233920102e-05
1,1,0.9999780982689799
0,0,2.1900368233920102e-05
0,0,2.1739509709530557e-05
0,0,2.1900368233920102e-05
0,0,2.1900368233920102e-05
0,0,2.1900368233920102e-05
0,0,2.1900368233920102e-05
0,0,2.1900368233920102e-05
0,0,2.1900368233920102e-05
0,0,2.1900368233920102e-05
0,0,2.1900368233920102e-05
0,0,2.1900368233920102e-05
0,0,2.1900368233920102e-05
0,0,2.1900368233920102e-05
0,0,2.1900368233920102e-05
0,0,2.190032900518737e-05
0,0,2.190032900518737e-05
0,0,2.1900368233920102e-05
0,0,2.1900368233920102e-05
0,0,2.1900368233920102e-05
1,1,0.9999780982689799
0,0,2.1900368233920102e-05
0,0,2.1900368233920102e-05
0,0,2.1900368233920102e-05
0,0,2.190032900518737e-05
0,0,2.1900368233920102e-05
0,0,2.1900368233920102e-05
0,0,2.1900368233920102e-05
0,0,2.1900368233920102e-05
0,0,2.1900368233920102e-05
0,0,2.1900368233920102e-05
0,0,2.1900368233920102e-05
0,0,2.1900368233920102e-05
0,0,2.1900368233920102e-05
1,1,0.9999780982689799
0,0,2.1900368233920102e-05
0,0,2.1900368233920102e-05
0,0,2.1900368233920102e-05
1,1,0.9999780982689799
0,0,2.1900368233920102e-05
0,0,2.1900368233920102e-05
0,0,2.1900368233920102e-05
0,0,2.1900368233920102e-05
0,0,2.1900368233920102e-05
0,0,2.1900368233920102e-05
0,0,2.1900368233920102e-05
0,0,2.1900368233920102e-05
0,0,2.1900368233920102e-05
0,0,2.190032900518737e-05
1,1,0.9999780982689799
1,1,0.9999780982689799
0,0,2.1900368233920102e-05
1,1,0.9999780982689799
0,0,2.1900368233920102e-05
0,0,2.1900368233920102e-05
0,0,2.1900368233920102e-05
0,0,2.1900368233920102e-05
0,0,2.1849638289488447e-05
0,0,2.1900368233920102e-05
0,0,2.1900368233920102e-05
0,0,2.1900368233920102e-05
0,0,2.1900368233920102e-05
0,0,2.1900368233920102e-05
0,0,2.1900368233920102e-05
0,0,2.1900368233920102e-05
0,0,2.1900368233920102e-05
0,0,2.1900368233920102e-05
1,1,0.9999780982689799
0,0,2.1900368233920102e-05
0,0,2.1900368233920102e-05
1,1,0.9999780982689799
0,0,2.1900368233920102e-05
0,0,2.1900368233920102e-05
1,1,0.9999780982689799
0,0,2.1900368233920102e-05
0,0,2.1900368233920102e-05
0,0,2.1900368233920102e-05
1,1,0.9999780982689799
0,0,2.1900368233920102e-05
0,0,2.1900368233920102e-05
0,0,2.1900368233920102e-05
0,0,2.1900368233920102e-05
0,0,2.1900368233920102e-05
0,0,2.1849638289488447e-05
1,1,0.9999780982689799
0,0,2.1900368233920102e-05
0,0,2.1900368233920102e-05
1,1,0.9999780982689799
0,0,2.190032900518737e-05
0,0,2.1900368233920102e-05
0,0,2.1900368233920102e-05
0,0,2.1900368233920102e-05
0,0,2.190032900518737e-05
0,0,2.1900368233920102e-05
0,0,2.1900368233920102e-05
0,0,2.1850810655113965e-05
0,0,2.1900368233920102e-05
1,1,0.9999780982689799
1,1,0.9999780982689799
0,0,2.1900368233920102e-05
0,0,2.1900368233920102e-05
1,1,0.9999780982689799
0,0,2.1900368233920102e-05
0,0,2.1900368233920102e-05
0,0,2.1900368233920102e-05
0,0,2.182222181106097e-05
0,0,2.1900368233920102e-05
0,0,2.1900368233920102e-05
0,0,2.1900368233920102e-05
0,0,2.1900368233920102e-05
0,0,2.1900368233920102e-05
1,1,0.9999780982689799
0,0,2.1900368233920102e-05
0,0,4.888820341104292e-05
1,1,0.9999578350233305
0,0,2.1900368233920102e-05
0,0,2.1900368233920102e-05
0,0,2.1900368233920102e-05
0,0,2.1900368233920102e-05
0,0,2.1900368233920102e-05
0,0,2.1900368233920102e-05
0,0,2.1900368233920102e-05
0,0,2.1900368233920102e-05
0,0,2.1900368233920102e-05
0,0,2.1900368233920102e-05
0,0,2.1900368233920102e-05
0,0,2.1900368233920102e-05
0,0,2.1900368233920102e-05
0,0,2.1900368233920102e-05
0,0,2.1900368233920102e-05
1,1,0.9999780982689799
0,0,2.1900368233920102e-05
0,0,2.1900368233920102e-05
0,0,2.1900368233920102e-05
0,0,2.1900368233920102e-05
0,0,2.1900368233920102e-05
0,0,2.190032900518737e-05
0,0,2.1900368233920102e-05
0,0,2.1900368233920102e-05
0,0,2.1900368233920102e-05
0,0,2.1900368233920102e-05
0,0,2.1900368233920102e-05
0,0,2.190032900518737e-05
1,1,0.9999780982689799
0,0,0.0006322727926699575
1,1,0.9999780982689799
1,1,0.9999780982689799
0,0,2.1900368233920102e-05
0,0,2.1900368233920102e-05
1,1,0.9999782072978199
0,0,2.1900368233920102e-05
0,0,2.1900368233920102e-05
0,0,2.3754520989194338e-05
0,0,2.1900368233920102e-05
0,0,2.1900368233920102e-05
0,0,2.1900368233920102e-05
0,0,2.1900368233920102e-05
0,0,2.1900368233920102e-05
0,0,2.1900368233920102e-05
1,1,0.9999780982689799
0,0,2.1900368233920102e-05
1,1,0.9999780982689799
0,0,2.1900368233920102e-05
0,0,2.1900368233920102e-05
0,0,2.1900368233920102e-05
0,0,2.1900368233920102e-05
0,0,2.1849638289488447e-05
0,0,2.1900368233920102e-05
0,0,2.1900368233920102e-05
0,0,2.1900368233920102e-05
0,0,2.1900368233920102e-05
0,0,2.1900368233920102e-05
0,0,2.1900368233920102e-05
1,1,0.9999780982689799
1,1,0.9999780982689799
0,0,2.1900368233920102e-05
0,0,2.1900368233920102e-05
1,1,0.9999780982689799
1,1,0.9999780982689799
0,0,2.1900368233920102e-05
0,0,2.1900368233920102e-05
0,0,2.1900368233920102e-05
0,0,2.1900368233920102e-05
0,0,2.1900368233920102e-05
0,0,2.1900368233920102e-05
0,0,2.1900368233920102e-05
0,0,2.1900368233920102e-05
0,0,2.1900368233920102e-05
0,0,2.1900368233920102e-05
0,0,2.190032900518737e-05
1,1,0.9999780982689799
1,1,0.9999780982689799
0,0,2.190032900518737e-05
0,0,2.1900368233920102e-05
0,0,2.1900368233920102e-05
0,0,2.1900368233920102e-05
0,0,2.1900368233920102e-05
0,0,2.1900368233920102e-05
0,0,2.1900368233920102e-05
1,1,0.9999780982689799
0,0,2.1900368233920102e-05
0,0,2.1849638289488447e-05
0,0,2.1900368233920102e-05
0,0,2.1900368233920102e-05
0,0,2.1900368233920102e-05
1,1,0.9999780982689799
0,0,2.1900368233920102e-05
1,1,0.9999780982689799
0,0,2.1900368233920102e-05
0,0,2.1900368233920102e-05
0,0,2.1900368233920102e-05
0,0,2.179152769328258e-05
1,1,0.9631759365580628
0,0,2.1900368233920102e-05
0,0,2.1900368233920102e-05
0,0,2.1900368233920102e-05
1,1,0.9999780982689799
0,0,2.1900368233920102e-05
1,1,0.9999780982689799
1,1,0.9999780982689799
0,0,2.1900368233920102e-05
0,0,2.1900368233920102e-05
0,0,2.1900368233920102e-05
1,1,0.9999780982689799
0,0,2.190032900518737e-05
0,0,2.1900368233920102e-05
0,0,2.1900368233920102e-05
0,0,2.1900368233920102e-05
0,0,2.1900368233920102e-05
0,0,2.1900368233920102e-05
1,1,0.9999780982689799
0,0,2.190032900518737e-05
0,0,2.190032900518737e-05
0,0,2.1900368233920102e-05
0,0,2.1900368233920102e-05
0,0,2.1900368233920102e-05
0,0,2.1900368233920102e-05
0,0,2.1900368233920102e-05
0,0,2.1900368233920102e-05
1,1,0.9999780982689799
0,0,2.1900368233920102e-05
0,0,2.1900368233920102e-05
0,0,2.1900368233920102e-05
1,1,0.9999780982689799
0,0,2.1900368233920102e-05
0,0,2.1900368233920102e-05
0,0,2.1900368233920102e-05
0,0,2.1900368233920102e-05
0,0,2.1900368233920102e-05
0,0,2.1900368233920102e-05
0,0,2.190032900518737e-05
0,0,6.143874906923244e-05
0,0,2.1900368233920102e-05
0,0,2.190032900518737e-05
0,0,2.1900368233920102e-05
0,0,2.1900368233920102e-05
0,0,2.1900368233920102e-05
0,0,2.1900368233920102e-05
0,0,2.190032900518737e-05
0,0,2.1900368233920102e-05
0,0,2.1900368233920102e-05
0,0,2.1900368233920102e-05
0,0,2.1900368233920102e-05
0,0,2.1900368233920102e-05
0,0,2.1900368233920102e-05
0,0,2.1849638289488447e-05
0,0,2.1849638289488447e-05
0,0,2.1900368233920102e-05
0,0,0.0001415215075905153
0,0,2.1900368233920102e-05
0,0,2.1849638289488447e-05
0,0,2.1900368233920102e-05
0,0,2.1900368233920102e-05
0,0,2.1900368233920102e-05
0,0,2.1900368233920102e-05
0,0,2.1900368233920102e-05
0,0,2.1900368233920102e-05
0,0,2.190032900518737e-05
0,0,2.1900368233920102e-05
0,0,2.1900368233920102e-05
0,0,2.1900368233920102e-05
0,0,2.1900368233920102e-05
0,0,2.1900368233920102e-05
0,0,2.1900368233920102e-05
0,0,2.1900368233920102e-05
0,0,2.1900368233920102e-05
0,0,2.1900368233920102e-05
0,0,2.1900368233920102e-05
0,0,2.1900368233920102e-05
0,0,2.1849638289488447e-05
0,0,2.1759094668752983e-05
0,0,2.1900368233920102e-05
1,1,0.9999780982689799
0,0,2.1900368233920102e-05
0,0,2.1900368233920102e-05
1,1,0.9999780982689799
0,0,2.1900368233920102e-05
1,1,0.9999780982689799
0,0,2.1900368233920102e-05
1,1,0.9999780982689799
0,0,2.1900368233920102e-05
1,1,0.9999780982689799
0,0,2.1900368233920102e-05
0,0,2.1900368233920102e-05
0,0,2.1900368233920102e-05
0,0,2.1900368233920102e-05
0,0,2.1900368233920102e-05
0,0,2.1900368233920102e-05
0,0,2.1900368233920102e-05
0,0,2.1900368233920102e-05
0,0,2.1900368233920102e-05
1,1,0.9999780982689799
0,0,2.1900368233920102e-05
0,0,2.1900368233920102e-05
0,0,2.1900368233920102e-05
1,1,0.9999780982689799
0,0,2.1900368233920102e-05
0,0,2.1900368233920102e-05
0,0,2.1900368233920102e-05
0,0,2.1900368233920102e-05
0,0,2.1900368233920102e-05
0,0,2.1900368233920102e-05
0,0,7.740627596316857e-05
0,0,2.1900368233920102e-05
0,0,2.1900368233920102e-05
1,1,0.9999780982689799
0,0,2.1900368233920102e-05
0,0,2.1900368233920102e-05
0,0,2.1900368233920102e-05
0,0,2.1900368233920102e-05
0,0,2.1900368233920102e-05
1,1,0.9999780982689799
1,1,0.9999780982689799
0,0,2.1900368233920102e-05
0,0,2.1900368233920102e-05
0,0,2.1900368233920102e-05
0,0,2.1900368233920102e-05
0,0,2.1900368233920102e-05
0,0,2.1849638289488447e-05
0,0,2.1900368233920102e-05
0,0,2.1900368233920102e-05
0,0,2.1900368233920102e-05
0,0,2.1900368233920102e-05
0,0,2.1900368233920102e-05
0,0,2.1900368233920102e-05
0,0,2.1809262908510643e-05
0,0,2.1900368233920102e-05
0,0,2.1900368233920102e-05
0,0,2.1849638289488447e-05
0,0,2.1900368233920102e-05
0,0,2.1900368233920102e-05
0,0,2.1900368233920102e-05
0,0,2.1900368233920102e-05
0,0,2.1900368233920102e-05
0,0,2.1900368233920102e-05
0,0,2.1900368233920102e-05
0,0,2.1900368233920102e-05
0,0,2.1900368233920102e-05
0,0,2.1900368233920102e-05
0,0,2.1900368233920102e-05
0,0,2.1900368233920102e-05
0,0,2.1900368233920102e-05
0,0,2.1900368233920102e-05
0,0,2.1900368233920102e-05
0,0,2.1900368233920102e-05
1,1,0.9999780982689799
0,0,2.1900368233920102e-05
0,0,2.1900368233920102e-05
0,0,2.1900368233920102e-05
0,0,2.1900368233920102e-05
0,0,2.1900368233920102e-05
0,0,2.1900368233920102e-05
0,0,2.1900368233920102e-05
0,0,2.1900368233920102e-05
0,0,2.1900368233920102e-05
0,0,2.1900368233920102e-05
0,0,2.1900368233920102e-05
0,0,2.1849638289488447e-05
0,0,2.1900368233920102e-05
0,0,2.1900368233920102e-05
0,0,2.1900368233920102e-05
0,0,2.1900368233920102e-05
0,0,2.1900368233920102e-05
0,0,2.1900368233920102e-05
0,0,2.1900368233920102e-05
0,0,2.1900368233920102e-05
0,0,2.1900368233920102e-05
0,0,2.1759094668752983e-05
0,0,2.1900368233920102e-05
0,0,2.1900368233920102e-05
0,0,2.1900368233920102e-05
0,0,2.1900368233920102e-05
0,0,2.0283932469611053e-05
1,1,0.9999780982689799
1,1,0.9999780982689799
0,0,2.1900368233920102e-05
0,0,2.1900368233920102e-05
1,1,0.9999671066834228
0,0,2.1900368233920102e-05
0,0,2.1900368233920102e-05
0,0,2.1900368233920102e-05
0,0,2.180649931902061e-05
0,0,2.1900368233920102e-05
1,1,0.9999780982689799
0,0,2.1900368233920102e-05
0,0,2.1900368233920102e-05
1,1,0.9999780982689799
0,0,2.1900368233920102e-05
0,0,2.1900368233920102e-05
0,0,2.1900368233920102e-05
0,0,2.1900368233920102e-05
0,0,2.1900368233920102e-05
0,0,2.1900368233920102e-05
0,0,2.1900368233920102e-05
0,0,2.1687155409893536e-05
0,0,2.1900368233920102e-05
0,0,2.1900368233920102e-05
0,0,2.1900368233920102e-05
0,0,2.1900368233920102e-05
0,0,2.1900368233920102e-05
0,0,2.1900368233920102e-05
0,0,2.1849638289488447e-05
1,1,0.9999780982689799
0,0,2.1900368233920102e-05
1,1,0.9999780982689799
0,0,2.1900368233920102e-05
0,0,2.1900368233920102e-05
0,0,2.1900368233920102e-05
1,1,0.9999780982689799
0,0,2.1900368233920102e-05
0,0,2.1900368233920102e-05
0,0,2.1900368233920102e-05
0,0,4.222037434785212e-05
0,0,2.1900368233920102e-05
0,0,2.1900368233920102e-05
0,0,2.1900368233920102e-05
0,0,2.1900368233920102e-05
0,0,2.1900368233920102e-05
0,0,2.1900368233920102e-05
0,0,2.1900368233920102e-05
0,0,2.1900368233920102e-05
0,0,2.1900368233920102e-05
0,0,2.1900368233920102e-05
0,0,2.1900368233920102e-05
0,0,2.1900368233920102e-05
1,1,0.9999780982689799
0,0,2.1900368233920102e-05
0,0,2.1900368233920102e-05
0,0,2.1900368233920102e-05
0,0,2.1900368233920102e-05
0,0,2.1900368233920102e-05
0,0,2.1900368233920102e-05
0,0,2.190032900518737e-05
0,0,2.1900368233920102e-05
0,0,2.1900368233920102e-05
0,0,2.1900368233920102e-05
0,0,2.1900368233920102e-05
0,0,2.1900368233920102e-05
0,0,2.1900368233920102e-05
0,0,2.1900368233920102e-05
0,0,2.1900368233920102e-05
0,0,2.1900368233920102e-05
0,0,2.1900368233920102e-05
0,0,2.1900368233920102e-05
0,0,2.1900368233920102e-05
1,1,0.9999780982689799
0,0,2.1900368233920102e-05
0,0,2.1849638289488447e-05
0,0,2.1900368233920102e-05
0,0,2.1850216823955003e-05
0,0,2.1900368233920102e-05
0,0,2.1900368233920102e-05
0,0,2.1900368233920102e-05
0,0,2.1900368233920102e-05
0,0,2.1849638289488447e-05
0,0,2.190032900518737e-05
0,0,2.1900368233920102e-05
0,0,2.1900368233920102e-05
1,1,0.9999780982689799
0,0,2.1900368233920102e-05
0,0,2.1900368233920102e-05
0,0,2.1900368233920102e-05
0,0,2.1900368233920102e-05
0,0,2.1900368233920102e-05
0,0,2.1900368233920102e-05
0,0,2.1900368233920102e-05
1,1,0.9999780982689799
1,1,0.9999780982689799
0,0,2.1900368233920102e-05
0,0,2.1900368233920102e-05
1,1,0.9999780982689799
0,0,2.1900368233920102e-05
0,0,2.1900368233920102e-05
0,0,2.1900368233920102e-05
1,1,0.9999780982689799
0,0,2.190032900518737e-05
1,1,0.9995176359095437
0,0,2.1900368233920102e-05
0,0,2.1900368233920102e-05
0,0,2.1900368233920102e-05
0,0,2.1900368233920102e-05
0,0,2.1900368233920102e-05
0,0,2.1900368233920102e-05
0,0,2.1900368233920102e-05
0,0,2.1900368233920102e-05
0,0,2.1900368233920102e-05
0,0,2.1900368233920102e-05
0,0,2.1900368233920102e-05
0,0,2.1900368233920102e-05
0,0,2.1900368233920102e-05
0,0,2.1900368233920102e-05
0,0,2.1900368233920102e-05
1,1,0.9999780982689799
0,0,2.1900368233920102e-05
0,0,2.1900368233920102e-05
0,0,2.1900368233920102e-05
0,0,2.182222181106097e-05
0,0,2.1900368233920102e-05
0,0,2.1900368233920102e-05
0,0,2.1900368233920102e-05
0,0,2.1900368233920102e-05
1,1,0.9999780982689799
0,0,2.1900368233920102e-05
1,1,0.9999780982689799
0,0,2.1900368233920102e-05
0,0,2.1900368233920102e-05
0,0,2.1900368233920102e-05
0,0,2.1900368233920102e-05
0,0,2.1900368233920102e-05
0,0,2.1900368233920102e-05
1,1,0.9999780982689799
0,0,2.1900368233920102e-05
0,0,2.1900368233920102e-05
0,0,2.1900368233920102e-05
0,0,2.1900368233920102e-05
1,1,0.9999780982689799
0,0,2.190032900518737e-05
0,0,2.1900368233920102e-05
0,0,2.1900368233920102e-05
1,1,0.9999780982689799
0,0,2.190032900518737e-05
0,0,2.1900368233920102e-05
0,0,2.1900368233920102e-05
0,0,2.1900368233920102e-05
0,0,2.1900368233920102e-05
1,1,0.9999780982689799
0,0,2.1900368233920102e-05
0,0,2.1900368233920102e-05
0,0,2.1900368233920102e-05
0,0,2.1900368233920102e-05
0,0,2.1900368233920102e-05
0,0,2.1900368233920102e-05
0,0,2.1900368233920102e-05
0,0,2.1900368233920102e-05
0,0,2.1900368233920102e-05
0,0,2.1900368233920102e-05
0,0,2.1900368233920102e-05
0,0,2.1900368233920102e-05
0,0,2.1900368233920102e-05
1,1,0.9999780982689799
1,1,0.9999780982689799
1,1,0.9999780982689799
0,0,2.1900368233920102e-05
1,1,0.9999780982689799
0,0,2.1900368233920102e-05
0,0,2.1900368233920102e-05
0,0,2.1900368233920102e-05
1,1,0.999978101010185
0,0,2.1900368233920102e-05
1,1,0.9999780982689799
0,0,2.1900368233920102e-05
1,1,0.9999780982689799
0,0,2.1900368233920102e-05
1,1,0.9999780982689799
0,0,2.1900368233920102e-05
0,0,2.1900368233920102e-05
0,0,2.1900368233920102e-05
0,0,2.1900368233920102e-05
0,0,2.180649931902061e-05
0,0,2.1900368233920102e-05
0,0,2.1900368233920102e-05
0,0,2.1900368233920102e-05
0,0,2.1900368233920102e-05
0,0,2.1900368233920102e-05
0,0,2.1900368233920102e-05
0,0,2.1900368233920102e-05
0,0,2.1849638289488447e-05
0,0,2.190032900518737e-05
0,0,2.1900368233920102e-05
0,0,2.1900368233920102e-05
0,0,2.1900368233920102e-05
0,0,2.1900368233920102e-05
1,1,0.9999780982689799
0,0,2.190032900518737e-05
1,1,0.9999780982689799
0,0,2.1900368233920102e-05
0,0,2.1900368233920102e-05
0,0,2.1900368233920102e-05
0,0,2.1900368233920102e-05
0,0,2.1900368233920102e-05
0,0,2.1900368233920102e-05
0,0,2.1900368233920102e-05
0,0,2.1900368233920102e-05
0,0,2.1900368233920102e-05
0,0,2.1900368233920102e-05
0,0,2.190032900518737e-05
0,0,2.1900368233920102e-05
0,0,2.1900368233920102e-05
0,0,2.1900368233920102e-05
0,0,2.1900368233920102e-05
0,0,2.1900368233920102e-05
0,0,2.1900368233920102e-05
0,0,2.1900368233920102e-05
0,0,6.619749884809748e-05
0,0,2.1900368233920102e-05
0,0,2.1900368233920102e-05
0,0,2.1900368233920102e-05
0,0,2.1900368233920102e-05
0,0,2.1900368233920102e-05
0,0,2.1900368233920102e-05
0,0,2.1900368233920102e-05
1,1,0.9999780982689799
0,0,2.1900368233920102e-05
1,1,0.9999780982689799
0,0,2.1900368233920102e-05
0,0,2.1900368233920102e-05
0,0,2.1900368233920102e-05
1,1,0.9998596792964952
0,0,2.1900368233920102e-05
0,0,2.1900368233920102e-05
0,0,2.1900368233920102e-05
1,1,0.9999780982689799
0,0,2.6148484396805966e-05
0,0,2.1900368233920102e-05
1,1,0.9999780982689799
0,0,2.1900368233920102e-05
0,0,2.1849638289488447e-05
0,0,2.1900368233920102e-05
0,0,2.1900368233920102e-05
1,1,0.9999780982689799
0,0,2.1900368233920102e-05
0,0,2.1900368233920102e-05
0,0,2.1900368233920102e-05
0,0,2.180649931902061e-05
0,0,2.1900368233920102e-05
1,1,0.9999780982689799
1,1,0.9999780982689799
0,0,2.1900368233920102e-05
0,0,2.1900368233920102e-05
0,0,2.1900368233920102e-05
1,1,0.9999780982689799
1,1,0.9999780982689799
0,0,2.1900368233920102e-05
0,0,2.1849638289488447e-05
0,0,2.190032900518737e-05
0,0,2.1900368233920102e-05
0,0,2.1900368233920102e-05
1,1,0.9999780982689799
0,0,2.1900368233920102e-05
0,0,2.1900368233920102e-05
1,1,0.9999780982689799
0,0,2.1900368233920102e-05
0,0,2.1900368233920102e-05
0,0,2.1900368233920102e-05
0,0,2.190032900518737e-05
0,0,2.1900368233920102e-05
0,0,2.1900368233920102e-05
1,1,0.9999780982689799
0,0,2.1900368233920102e-05
0,0,2.1849638289488447e-05
0,0,3.800575657951884e-05
1,1,0.9999780982689799
0,0,2.1900368233920102e-05
0,0,2.1900368233920102e-05
0,0,2.1900368233920102e-05
0,0,2.1849638289488447e-05
1,1,0.9999780982689799
0,0,2.1900368233920102e-05
0,0,2.1900368233920102e-05
0,0,2.190032900518737e-05
0,0,2.1900368233920102e-05
0,0,2.1900368233920102e-05
0,0,2.1900368233920102e-05
0,0,2.1900368233920102e-05
0,0,2.1900368233920102e-05
0,0,2.1900368233920102e-05
0,0,2.1900368233920102e-05
0,0,2.1900368233920102e-05
0,0,2.1900368233920102e-05
0,0,2.1900368233920102e-05
0,0,2.1900368233920102e-05
1,1,0.9999496501601497
0,0,2.1900368233920102e-05
0,0,2.1900368233920102e-05
0,0,2.1849638289488447e-05
0,0,2.1900368233920102e-05
0,0,2.1900368233920102e-05
1,1,0.9999780982689799
0,0,2.1900368233920102e-05
0,0,2.1900368233920102e-05
0,0,2.1900368233920102e-05
0,0,2.1900368233920102e-05
0,0,2.1900368233920102e-05
0,0,2.1900368233920102e-05
1,1,0.9999780982689799
0,0,2.1900368233920102e-05
1,1,0.9999780982689799
0,0,2.1759094668752983e-05
0,0,2.1900368233920102e-05
0,0,2.1900368233920102e-05
0,0,2.1900368233920102e-05
1,1,0.9999780982689799
0,0,2.1900368233920102e-05
0,0,2.1900368233920102e-05
0,0,2.1900368233920102e-05
0,0,2.1900368233920102e-05
0,0,2.1900368233920102e-05
0,0,2.190032900518737e-05
0,0,2.1900368233920102e-05
0,0,2.1900368233920102e-05
0,0,2.1900368233920102e-05
0,0,2.1900368233920102e-05
0,0,2.1900368233920102e-05
1,1,0.9999780982689799
0,0,2.1900368233920102e-05
0,0,2.1900368233920102e-05
0,0,2.1900368233920102e-05
0,0,2.1900368233920102e-05
0,0,2.1900368233920102e-05
0,0,2.1900368233920102e-05
0,0,2.1900368233920102e-05
0,0,2.190032900518737e-05
0,0,2.190032900518737e-05
0,0,2.1900368233920102e-05
0,0,2.1900368233920102e-05
0,0,2.1900368233920102e-05
0,0,2.1900368233920102e-05
0,0,2.1900368233920102e-05
0,0,2.1900368233920102e-05
0,0,2.1900368233920102e-05
0,0,2.190032900518737e-05
0,0,2.1900368233920102e-05
0,0,2.190032900518737e-05
0,0,2.1900368233920102e-05
0,0,2.1900368233920102e-05
0,0,2.190032900518737e-05
0,0,2.1900368233920102e-05
0,0,2.1900368233920102e-05
0,0,2.1900368233920102e-05
0,0,2.1900368233920102e-05
0,0,2.1900368233920102e-05
1,1,0.9999780982689799
0,0,2.1849638289488447e-05
0,0,2.1900368233920102e-05
0,0,2.1900368233920102e-05
0,0,2.1900368233920102e-05
1,1,0.9999780982689799
0,0,2.1900368233920102e-05
0,0,2.1900368233920102e-05
0,0,2.1900368233920102e-05
0,0,2.1900368233920102e-05
0,0,2.1900368233920102e-05
0,0,2.1900368233920102e-05
0,0,2.1900368233920102e-05
0,0,2.1900368233920102e-05
1,1,0.9999780982689799
0,0,2.1900368233920102e-05
0,0,2.1900368233920102e-05
0,0,2.1900368233920102e-05
0,0,2.1900368233920102e-05
1,1,0.9999780982689799
1,1,0.9999764967262587
0,0,2.1900368233920102e-05
0,0,2.1900368233920102e-05
0,0,2.1900368233920102e-05
0,0,2.1900368233920102e-05
0,0,2.1900368233920102e-05
0,0,2.1900368233920102e-05
0,0,2.1900368233920102e-05
0,0,2.1900368233920102e-05
0,0,2.1900368233920102e-05
0,0,2.1900368233920102e-05
0,0,2.1900368233920102e-05
0,0,2.1900368233920102e-05
0,0,2.1900368233920102e-05
0,0,2.1900368233920102e-05
1,1,0.9999780982689799
0,0,2.1900368233920102e-05
0,0,2.190032900518737e-05
0,0,2.1900368233920102e-05
1,1,0.9999780982689799
0,0,2.2785936231559553e-05
0,0,2.1849638289488447e-05
0,0,2.3925084016662695e-05
0,0,2.1900368233920102e-05
0,0,2.1900368233920102e-05
0,0,7.726802409352063e-05
0,0,2.1900368233920102e-05
0,0,2.1900368233920102e-05
1,1,0.9999780982689799
0,0,2.1900368233920102e-05
1,1,0.9999780982689799
0,0,2.1900368233920102e-05
0,0,2.1849638289488447e-05
0,0,2.1900368233920102e-05
0,0,2.1900368233920102e-05
0,0,2.1900368233920102e-05
0,0,2.1900368233920102e-05
0,0,2.1900368233920102e-05
1,1,0.9999780982689799
0,0,2.1900368233920102e-05
0,0,2.1900368233920102e-05
0,0,2.1900368233920102e-05
0,0,2.1900368233920102e-05
0,0,2.1900368233920102e-05
0,0,2.1900368233920102e-05
0,0,2.1900368233920102e-05
0,0,2.1900368233920102e-05
0,0,2.190032900518737e-05
0,0,2.3073620665295798e-05
0,0,2.1900368233920102e-05
0,0,2.1900368233920102e-05
1,1,0.9998972476139361
0,0,2.1900368233920102e-05
0,0,2.1900368233920102e-05
0,0,2.1900368233920102e-05
0,0,2.1900368233920102e-05
1,1,0.9999780982689799
0,0,2.1900368233920102e-05
0,0,2.1900368233920102e-05
1,1,0.9999780982689799
0,0,2.1900368233920102e-05
0,0,2.190032900518737e-05
0,0,2.1900368233920102e-05
0,0,2.1900368233920102e-05
0,0,2.1900368233920102e-05
0,0,2.1900368233920102e-05
0,0,3.0307676157362745e-05
0,0,2.1900368233920102e-05
1,1,0.9999780982689799
0,0,2.1900368233920102e-05
0,0,2.1900368233920102e-05
0,0,2.1900368233920102e-05
0,0,2.1900368233920102e-05
0,0,2.1759094668752983e-05
0,0,2.1900368233920102e-05
0,0,2.1900368233920102e-05
0,0,2.1900368233920102e-05
0,0,2.1900368233920102e-05
0,0,2.1900368233920102e-05
0,0,2.180649931902061e-05
0,0,2.1900368233920102e-05
1,1,0.9999780982689799
0,0,2.1900368233920102e-05
1,1,0.9999780982689799
0,0,2.1900368233920102e-05
0,0,2.190032900518737e-05
0,0,2.1900368233920102e-05
1,1,0.9999780982689799
0,0,2.1900368233920102e-05
1,1,0.9999780982689799
0,0,2.1900368233920102e-05
0,0,2.1900368233920102e-05
1,1,0.9999780982689799
0,0,2.1900368233920102e-05
0,0,2.1900368233920102e-05
0,0,2.1849638289488447e-05
1,1,0.9999780982689799
0,0,2.1900368233920102e-05
0,0,2.1900368233920102e-05
0,0,2.1849638289488447e-05
0,0,2.2785936231559553e-05
0,0,2.1900368233920102e-05
0,0,2.1900368233920102e-05
0,0,2.190032900518737e-05
1,1,0.9999780982689799
0,0,2.1809262908510643e-05
0,0,2.190032900518737e-05
0,0,2.1900368233920102e-05
1,1,0.9999780982689799
0,0,2.1900368233920102e-05
0,0,2.1900368233920102e-05
0,0,2.1900368233920102e-05
0,0,2.1900368233920102e-05
0,0,2.1900368233920102e-05
1,1,0.9999780982689799
0,0,2.1900368233920102e-05
0,0,2.1900368233920102e-05
0,0,2.1900368233920102e-05
0,0,2.1900368233920102e-05
0,0,2.1900368233920102e-05
0,0,2.1900368233920102e-05
0,0,2.1900368233920102e-05
0,0,2.1900368233920102e-05
0,0,2.1900368233920102e-05
0,0,2.1900368233920102e-05
0,0,2.1849638289488447e-05
0,0,2.1900368233920102e-05
0,0,2.1900368233920102e-05
0,0,2.1900368233920102e-05
0,0,2.1900368233920102e-05
0,0,2.1900368233920102e-05
0,0,2.1900368233920102e-05
0,0,2.1941548887201182e-05
0,0,2.1900368233920102e-05
0,0,2.1849638289488447e-05
0,0,2.1900368233920102e-05
0,0,2.1900368233920102e-05
0,0,2.1900368233920102e-05
0,0,2.1900368233920102e-05
0,0,2.1900368233920102e-05
0,0,2.1900368233920102e-05
0,0,2.1900368233920102e-05
1,1,0.9999780982689799
0,0,2.1900368233920102e-05
0,0,2.1900368233920102e-05
0,0,2.1900368233920102e-05
1,1,0.9999811126461728
1,1,0.9999780982689799
1,1,0.9999769465654251
0,0,2.1900368233920102e-05
0,0,2.1900368233920102e-05
0,0,2.1900368233920102e-05
0,0,2.1900368233920102e-05
0,0,2.1900368233920102e-05
0,0,2.1900368233920102e-05
0,0,2.1900368233920102e-05
0,0,2.1900368233920102e-05
1,1,0.9999780982689799
0,0,2.1900368233920102e-05
0,0,2.1900368233920102e-05
0,0,2.1900368233920102e-05
0,0,2.1900368233920102e-05
1,1,0.9999780982689799
0,0,2.1900368233920102e-05
1,1,0.9999780982689799
0,0,2.1900368233920102e-05
0,0,2.1900368233920102e-05
0,0,2.1900368233920102e-05
0,0,2.1900368233920102e-05
0,0,2.1900368233920102e-05
0,0,2.1900368233920102e-05
0,0,2.1900368233920102e-05
0,0,2.1900368233920102e-05
0,0,2.1900368233920102e-05
0,0,2.1900368233920102e-05
0,0,2.190032900518737e-05
0,0,2.1900368233920102e-05
0,0,2.1900368233920102e-05
0,0,2.190032900518737e-05
1,1,0.999973825028301
0,0,2.1900368233920102e-05
0,0,2.1900368233920102e-05
0,0,2.190032900518737e-05
0,0,2.1900368233920102e-05
1,1,0.9999780982689799
1,1,0.9999780982689799
0,0,2.190032900518737e-05
0,0,2.1900368233920102e-05
0,0,2.1900368233920102e-05
0,0,2.190032900518737e-05
1,1,0.9999780982689799
0,0,2.1900368233920102e-05
0,0,2.1900368233920102e-05
0,0,2.1900368233920102e-05
1,1,0.9999780982689799
0,0,2.1900368233920102e-05
0,0,2.1900368233920102e-05
0,0,2.1900368233920102e-05
1,1,0.9999780982689799
0,0,2.1900368233920102e-05
0,0,2.1900368233920102e-05
0,0,2.1900368233920102e-05
0,0,2.1900368233920102e-05
0,0,2.1900368233920102e-05
0,0,2.1900368233920102e-05
0,0,2.1900368233920102e-05
0,0,2.1900368233920102e-05
1,1,0.9999780982689799
1,1,0.9999780982689799
1,1,0.9999780982689799
0,0,2.1900368233920102e-05
0,0,2.190032900518737e-05
1,1,0.9999780982689799
0,0,2.1900368233920102e-05
0,0,2.1900368233920102e-05
0,0,2.1900368233920102e-05
0,0,2.1849638289488447e-05
0,0,2.1900368233920102e-05
0,0,2.190032900518737e-05
1,1,0.9999780982689799
1,1,0.9999780982689799
0,0,2.1900368233920102e-05
0,0,2.1900368233920102e-05
1,1,0.9999780982689799
0,0,2.1900368233920102e-05
0,0,2.1900368233920102e-05
0,0,2.190032900518737e-05
0,0,2.1900368233920102e-05
0,0,2.1900368233920102e-05
0,0,2.1900368233920102e-05
0,0,2.1900368233920102e-05
0,0,2.1900368233920102e-05
0,0,2.1900368233920102e-05
0,0,2.1849638289488447e-05
0,0,2.1702930865998866e-05
0,0,2.1900368233920102e-05
0,0,2.1900368233920102e-05
0,0,2.1900368233920102e-05
0,0,2.1900368233920102e-05
0,0,2.1900368233920102e-05
0,0,2.1900368233920102e-05
0,0,2.1900368233920102e-05
1,1,0.9999780982689799
0,0,2.1900368233920102e-05
0,0,2.1900368233920102e-05
0,0,2.1900368233920102e-05
0,0,2.1900368233920102e-05
0,0,2.1900368233920102e-05
0,0,2.1900368233920102e-05
0,0,2.1900368233920102e-05
1,1,0.9999780982689799
1,1,0.9999780982689799
0,0,2.1900368233920102e-05
0,0,2.1900368233920102e-05
0,0,2.1900368233920102e-05
0,0,2.1900368233920102e-05
1,1,0.9999780982689799
1,1,0.9999306268620839
0,0,2.1900368233920102e-05
0,0,2.1900368233920102e-05
0,0,2.1900368233920102e-05
1,1,0.9999780982689799
0,0,2.1849638289488447e-05
0,0,2.1900368233920102e-05
0,0,2.1900368233920102e-05
0,0,2.1900368233920102e-05
1,1,0.9999782091676533
1,1,0.9999780982689799
0,0,0.000612200208569523
0,0,2.1900368233920102e-05
0,0,2.1900368233920102e-05
0,0,2.1900368233920102e-05
1,1,0.9999780982689799
1,1,0.9999780982689799
0,0,2.1900368233920102e-05
0,0,2.1900368233920102e-05
0,0,2.1900368233920102e-05
0,0,2.1900368233920102e-05
0,0,2.1900368233920102e-05
0,0,2.1900368233920102e-05
0,0,2.1900368233920102e-05
1,1,0.9999780982689799
0,0,2.1900368233920102e-05
0,0,2.1900368233920102e-05
0,0,4.0732860577420925e-05
0,0,2.1900368233920102e-05
0,0,2.1900368233920102e-05
0,0,2.1900368233920102e-05
1,1,0.9999780982689799
0,0,2.1900368233920102e-05
0,0,2.1900368233920102e-05
1,1,0.9999780982689799
0,0,2.1900368233920102e-05
0,0,2.1900368233920102e-05
0,0,2.1900368233920102e-05
0,0,2.190032900518737e-05
0,0,2.1900368233920102e-05
0,0,2.1900368233920102e-05
0,0,2.1900368233920102e-05
1,1,0.9999780982689799
1,1,0.9999780982689799
0,0,2.1900368233920102e-05
0,0,2.1900368233920102e-05
1,1,0.9999780982689799
0,0,2.1900368233920102e-05
1,1,0.9999761923680683
0,0,2.1900368233920102e-05
0,0,2.1900368233920102e-05
0,0,2.1900368233920102e-05
1,1,0.9999780982689799
0,0,2.253321861817533e-05
0,0,2.1900368233920102e-05
1,1,0.9998162214574984
0,0,2.1900368233920102e-05
0,0,2.1900368233920102e-05
0,0,2.1900368233920102e-05
0,0,2.1900368233920102e-05
0,0,2.1900368233920102e-05
0,0,2.1900368233920102e-05
1,1,0.9999780982689799
0,0,2.1900368233920102e-05
0,0,2.1900368233920102e-05
0,0,0.000739243839648632
0,0,2.1900368233920102e-05
0,0,2.1900368233920102e-05
0,0,2.1900368233920102e-05
0,0,2.1900368233920102e-05
0,0,2.1900368233920102e-05
0,0,2.1900368233920102e-05
0,0,2.1900368233920102e-05
0,0,2.1900368233920102e-05
0,0,2.1900368233920102e-05
0,0,2.1900368233920102e-05
0,0,2.1900368233920102e-05
0,0,2.1686938306470504e-05
0,0,2.1900368233920102e-05
0,0,2.1849638289488447e-05
0,0,2.1900368233920102e-05
0,0,2.1900368233920102e-05
0,0,2.1900368233920102e-05
1,1,0.9999780982689799
0,0,2.1900368233920102e-05
0,0,2.1900368233920102e-05
0,0,2.1900368233920102e-05
0,0,2.1900368233920102e-05
0,0,2.1900368233920102e-05
0,0,2.1900368233920102e-05
0,0,2.1900368233920102e-05
1,1,0.9999780982689799
0,0,2.1900368233920102e-05
0,0,2.1900368233920102e-05
0,0,2.1900368233920102e-05
1,1,0.9999780982689799
0,0,2.1900368233920102e-05
0,0,2.1900368233920102e-05
1,1,0.9999780982689799
1,1,0.9999780982689799
0,0,2.1849638289488447e-05
0,0,2.1900368233920102e-05
1,1,0.9999780982689799
0,0,2.1900368233920102e-05
0,0,2.1900368233920102e-05
0,0,2.1900368233920102e-05
0,0,2.1900368233920102e-05
0,0,2.1900368233920102e-05
0,0,2.1900368233920102e-05
1,1,0.9999780982689799
0,0,2.1900368233920102e-05
0,0,2.1900368233920102e-05
1,1,0.9999780982689799
1,1,0.9999780982689799
0,0,2.1900368233920102e-05
0,0,2.1900368233920102e-05
0,0,2.1849638289488447e-05
0,0,2.1900368233920102e-05
0,0,2.1900368233920102e-05
1,1,0.9999780982689799
0,0,2.1900368233920102e-05
0,0,2.1900368233920102e-05
0,0,2.1849638289488447e-05
0,0,2.1900368233920102e-05
0,0,2.1900368233920102e-05
0,0,2.1182559079481795e-05
0,0,2.1900368233920102e-05
0,0,2.1900368233920102e-05
0,0,2.1644071335919784e-05
0,0,2.1900368233920102e-05
0,0,2.8288159080395684e-05
0,0,2.1900368233920102e-05
1,1,0.9999780982689799
0,0,2.1900368233920102e-05
1,1,0.9999780982689799
0,0,2.1900368233920102e-05
0,0,2.1900368233920102e-05
0,0,2.1900368233920102e-05
0,0,2.1900368233920102e-05
0,0,2.1900368233920102e-05
0,0,2.1900368233920102e-05
0,0,2.190032900518737e-05
0,0,2.1900368233920102e-05
0,0,2.1900368233920102e-05
0,0,2.1900368233920102e-05
0,0,2.1900368233920102e-05
0,0,2.1900368233920102e-05
0,0,2.1900368233920102e-05
0,0,2.1900368233920102e-05
0,0,2.1900368233920102e-05
0,0,2.1900368233920102e-05
0,0,2.1900368233920102e-05
0,0,2.1900368233920102e-05
1,1,0.9996425747687835
0,0,2.1900368233920102e-05
0,0,2.1900368233920102e-05
1,1,0.9999780982689799
0,0,2.1900368233920102e-05
0,0,2.1900368233920102e-05
0,0,2.1900368233920102e-05
0,0,2.1900368233920102e-05
1,1,0.9999780982689799
1,1,0.9999780982689799
0,0,2.1900368233920102e-05
0,0,2.1900368233920102e-05
0,0,2.1900368233920102e-05
0,0,2.1900368233920102e-05
0,0,2.1900368233920102e-05
0,0,2.190032900518737e-05
0,0,2.1900368233920102e-05
1,1,0.9999780982689799
0,0,2.1900368233920102e-05
0,0,2.1900368233920102e-05
0,0,2.1900368233920102e-05
0,0,2.1900368233920102e-05
1,1,0.9999780982689799
1,1,0.9999780982689799
0,0,2.1900368233920102e-05
0,0,2.1900368233920102e-05
0,0,2.190032900518737e-05
0,0,2.1849638289488447e-05
0,0,2.1900368233920102e-05
0,0,2.1900368233920102e-05
0,0,2.1900368233920102e-05
0,0,2.1900368233920102e-05
0,0,2.1900368233920102e-05
0,0,2.190032900518737e-05
0,0,2.1900368233920102e-05
0,0,2.1900368233920102e-05
0,0,2.1900368233920102e-05
0,0,2.1900368233920102e-05
1,1,0.9999780982689799
0,0,2.1900368233920102e-05
0,0,2.1900368233920102e-05
0,0,2.1900368233920102e-05
0,0,2.1900368233920102e-05
0,0,2.1900368233920102e-05
0,0,2.1849638289488447e-05
0,0,2.1900368233920102e-05
0,0,2.1900368233920102e-05
0,0,2.1900368233920102e-05
0,0,2.1900368233920102e-05
0,0,2.190032900518737e-05
0,0,2.1900368233920102e-05
0,0,2.1900368233920102e-05
0,0,2.1900368233920102e-05
0,0,2.1900368233920102e-05
0,0,2.1900368233920102e-05
0,0,2.1900368233920102e-05
0,0,2.179152769328258e-05
0,0,2.1900368233920102e-05
0,0,2.1900368233920102e-05
1,1,0.9999780982689799
1,1,0.9999780982689799
0,0,2.1900368233920102e-05
0,0,2.1900368233920102e-05
0,0,2.1900368233920102e-05
0,0,2.1900368233920102e-05
0,0,2.1809262908510643e-05
0,0,2.1900368233920102e-05
0,0,2.1900368233920102e-05
1,1,0.9999780982689799
0,0,2.1900368233920102e-05
0,0,2.1900368233920102e-05
1,1,0.9999780982689799
0,0,2.190032900518737e-05
0,0,2.1900368233920102e-05
1,1,0.9999780982689799
1,1,0.9999780982689799
0,0,2.1900368233920102e-05
0,0,2.1900368233920102e-05
0,0,2.1686938306470504e-05
0,0,2.1900368233920102e-05
1,1,0.9999780982689799
1,1,0.9999780982689799
0,0,2.1900368233920102e-05
1,1,0.9999780982689799
1,1,0.9999780982689799
0,0,2.1900368233920102e-05
0,0,2.1900368233920102e-05
0,0,2.1900368233920102e-05
0,0,2.1900368233920102e-05
0,0,2.1900368233920102e-05
0,0,2.1900368233920102e-05
0,0,2.1900368233920102e-05
0,0,2.1900368233920102e-05
0,0,2.1900368233920102e-05
0,0,2.1849638289488447e-05
0,0,2.1900368233920102e-05
1,1,0.9999780982689799
1,1,0.9999780982689799
0,0,2.1900368233920102e-05
0,0,2.1900368233920102e-05
0,0,2.1900368233920102e-05
0,0,2.1900368233920102e-05
0,0,2.1900368233920102e-05
0,0,2.1900368233920102e-05
0,0,2.1900368233920102e-05
0,0,2.1900368233920102e-05
0,0,2.1900368233920102e-05
1,1,0.9999780982689799
0,0,2.1900368233920102e-05
0,0,2.190032900518737e-05
0,0,2.1900368233920102e-05
1,1,0.9999780982689799
0,0,2.1900368233920102e-05
0,0,2.1900368233920102e-05
0,0,2.1900368233920102e-05
1,1,0.9999780982689799
0,0,2.1900368233920102e-05
0,0,2.190032900518737e-05
0,0,2.1900368233920102e-05
0,0,2.0840178625791537e-05
0,0,2.1900368233920102e-05
0,0,2.190032900518737e-05
0,0,2.1900368233920102e-05
0,0,2.190032900518737e-05
0,0,2.1900368233920102e-05
0,0,2.1900368233920102e-05
0,0,2.1900368233920102e-05
0,0,2.1900368233920102e-05
0,0,2.1900368233920102e-05
1,1,0.9999780982689799
0,0,2.1900368233920102e-05
0,0,2.1900368233920102e-05
0,0,2.1900368233920102e-05
0,0,2.1849638289488447e-05
0,0,2.1900368233920102e-05
0,0,2.1900368233920102e-05
1,1,0.9999780982689799
0,0,2.1900368233920102e-05
0,0,3.0273612650564188e-05
0,0,2.1900368233920102e-05
0,0,2.1900368233920102e-05
0,0,2.1900368233920102e-05
0,0,2.1900368233920102e-05
0,0,2.1900368233920102e-05
0,0,2.1900368233920102e-05
1,1,0.9999769465654251
0,0,2.1900368233920102e-05
0,0,2.1849638289488447e-05
0,0,2.1900368233920102e-05
0,0,2.1900368233920102e-05
0,0,2.1900368233920102e-05
0,0,2.179152769328258e-05
0,0,2.1900368233920102e-05
0,0,2.1900368233920102e-05
0,0,2.1900368233920102e-05
0,0,2.1900368233920102e-05
0,0,2.1900368233920102e-05
0,0,2.1900368233920102e-05
0,0,2.1900368233920102e-05
0,0,2.190032900518737e-05
0,0,2.190032900518737e-05
0,0,2.1900368233920102e-05
0,0,2.1900368233920102e-05
0,0,2.1900368233920102e-05
0,0,2.1900368233920102e-05
0,0,2.1900368233920102e-05
1,1,0.9999780982689799
1,1,0.9999780982689799
0,0,2.1900368233920102e-05
0,0,2.1900368233920102e-05
0,0,2.1900368233920102e-05
0,0,2.1849638289488447e-05
0,0,2.1900368233920102e-05
0,0,2.1759094668752983e-05
0,0,2.1900368233920102e-05
1,1,0.9999780982689799
1,1,0.9999780982689799
0,0,2.1900368233920102e-05
0,0,2.1900368233920102e-05
0,0,2.1900368233920102e-05
0,0,2.1900368233920102e-05
0,0,2.1900368233920102e-05
0,0,2.1900368233920102e-05
0,0,2.1900368233920102e-05
1,1,0.9999780982689799
0,0,2.1900368233920102e-05
0,0,2.1900368233920102e-05
0,0,2.1900368233920102e-05
0,0,2.1900368233920102e-05
0,0,2.1900368233920102e-05
1,1,0.9999780982689799
0,0,2.1900368233920102e-05
1,1,0.9999780982689799
0,0,2.1900368233920102e-05
0,0,2.1900368233920102e-05
0,0,2.1900368233920102e-05
0,0,2.1900368233920102e-05
1,1,0.9999780982689799
0,0,2.1900368233920102e-05
0,0,2.1900368233920102e-05
0,0,2.1900368233920102e-05
1,1,0.9999780982689799
0,0,2.1900368233920102e-05
0,0,2.1900368233920102e-05
1,1,0.9999780982689799
0,0,2.1900368233920102e-05
0,0,2.1900368233920102e-05
0,0,2.1900368233920102e-05
1,1,0.9999780982689799
0,0,2.1900368233920102e-05
0,0,2.1900368233920102e-05
0,0,2.1900368233920102e-05
0,0,2.1900368233920102e-05
0,0,2.1900368233920102e-05
0,0,2.1900368233920102e-05
0,0,2.1900368233920102e-05
0,0,2.1900368233920102e-05
0,0,2.1900368233920102e-05
0,0,2.1900368233920102e-05
0,0,2.1900368233920102e-05
1,1,0.9999780982689799
1,1,0.9999780982689799
0,0,2.1900368233920102e-05
0,0,2.1900368233920102e-05
0,0,2.1900368233920102e-05
0,0,2.1900368233920102e-05
0,0,2.1900368233920102e-05
0,0,5.094318491784266e-05
1,1,0.9999780982689799
0,0,2.1900368233920102e-05
0,0,2.1900368233920102e-05
0,0,2.1900368233920102e-05
0,0,2.1900368233920102e-05
0,0,2.1900368233920102e-05
0,0,2.1900368233920102e-05
0,0,2.1900368233920102e-05
0,0,2.1900368233920102e-05
0,0,2.1900368233920102e-05
1,1,0.9999780982689799
0,0,2.1900368233920102e-05
0,0,2.1900368233920102e-05
0,0,2.1900368233920102e-05
0,0,2.1900368233920102e-05
0,0,2.1900368233920102e-05
0,0,2.190032900518737e-05
0,0,2.1900368233920102e-05
0,0,2.1900368233920102e-05
0,0,2.1900368233920102e-05
0,0,2.1900368233920102e-05
0,0,2.1900368233920102e-05
0,0,2.1900368233920102e-05
0,0,2.1900368233920102e-05
0,0,2.1900368233920102e-05
1,1,0.9999780982689799
1,1,0.9999780982689799
1,1,0.9999780982689799
0,0,2.1900368233920102e-05
0,0,2.1900368233920102e-05
0,0,2.1900368233920102e-05
0,0,2.1900368233920102e-05
0,0,2.1849638289488447e-05
0,0,2.1900368233920102e-05
0,0,2.1900368233920102e-05
1,1,0.9999780982689799
0,0,2.1900368233920102e-05
0,0,2.1900368233920102e-05
0,0,2.1900368233920102e-05
0,0,2.1900368233920102e-05
0,0,2.1900368233920102e-05
0,0,2.1900368233920102e-05
0,0,2.1900368233920102e-05
0,0,2.1900368233920102e-05
0,0,2.1900368233920102e-05
0,0,2.1900368233920102e-05
0,0,2.1900368233920102e-05
0,0,2.1900368233920102e-05
0,0,2.1900368233920102e-05
1,1,0.9999780982689799
0,0,2.1849638289488447e-05
1,1,0.9999780982689799
0,0,2.1900368233920102e-05
0,0,2.1900368233920102e-05
0,0,2.1849638289488447e-05
1,1,0.9999780982689799
0,0,2.1900368233920102e-05
0,0,2.1900368233920102e-05
0,0,2.1900368233920102e-05
0,0,2.1900368233920102e-05
0,0,2.1900368233920102e-05
1,1,0.9999780982689799
0,0,2.7029286446977173e-05
0,0,2.1900368233920102e-05
0,0,2.1900368233920102e-05
0,0,2.1900368233920102e-05
0,0,2.1900368233920102e-05
0,0,2.1900368233920102e-05
0,0,2.1900368233920102e-05
0,0,2.1849638289488447e-05
1,1,0.9999780982689799
0,0,2.1900368233920102e-05
0,0,2.1900368233920102e-05
0,0,2.190032900518737e-05
0,0,2.1900368233920102e-05
0,0,2.1900368233920102e-05
0,0,2.1900368233920102e-05
0,0,2.1900368233920102e-05
1,1,0.9999780982689799
0,0,2.1900368233920102e-05
1,1,0.9999780982689799
1,1,0.9999780982689799
0,0,2.1900368233920102e-05
0,0,2.1900368233920102e-05
1,1,0.9999780982689799
0,0,2.1849638289488447e-05
0,0,2.1900368233920102e-05
0,0,2.1900368233920102e-05
1,1,0.9999780982689799
0,0,2.1900368233920102e-05
1,1,0.9999781037580394
0,0,2.1900368233920102e-05
0,0,2.1900368233920102e-05
0,0,2.1900368233920102e-05
0,0,2.1900368233920102e-05
0,0,2.1900368233920102e-05
0,0,2.1900368233920102e-05
1,1,0.9999780982689799
0,0,2.1900368233920102e-05
0,0,2.1900368233920102e-05
0,0,2.1900368233920102e-05
1,1,0.9999780982689799
0,0,2.1900368233920102e-05
0,0,2.1900368233920102e-05
0,0,2.1900368233920102e-05
0,0,2.1900368233920102e-05
1,1,0.9999780982689799
0,0,2.1900368233920102e-05
0,0,2.1900368233920102e-05
0,0,2.1900368233920102e-05
1,1,0.9999780982689799
0,0,2.1900368233920102e-05
0,0,2.1900368233920102e-05
0,0,2.1900368233920102e-05
0,0,2.1900368233920102e-05
0,0,2.1900368233920102e-05
0,0,2.1900368233920102e-05
0,0,2.1900368233920102e-05
0,0,2.1900368233920102e-05
0,0,2.1900368233920102e-05
0,0,2.1900368233920102e-05
0,0,2.1900368233920102e-05
0,0,2.1900368233920102e-05
1,1,0.9999780982689799
1,1,0.9998199212177331
0,0,2.1900368233920102e-05
1,1,0.9999780982689799
0,0,2.1900368233920102e-05
1,1,0.9999780982689799
0,0,2.1900368233920102e-05
0,0,2.1900368233920102e-05
0,0,2.1900368233920102e-05
0,0,2.1900368233920102e-05
0,0,2.1900368233920102e-05
0,0,2.1900368233920102e-05
0,0,2.1900368233920102e-05
1,1,0.9999780982689799
0,0,2.1900368233920102e-05
0,0,2.1849638289488447e-05
1,1,0.9999780982689799
1,1,0.9999780982689799
1,1,0.9999780982689799
0,0,2.1900368233920102e-05
1,1,0.9999782091676533
0,0,2.1900368233920102e-05
0,0,2.1900368233920102e-05
0,0,2.1900368233920102e-05
0,0,2.1900368233920102e-05
0,0,2.1900368233920102e-05
0,0,2.1900368233920102e-05
1,1,0.9999780982689799
0,0,2.1900368233920102e-05
0,0,2.1900368233920102e-05
0,0,2.1900368233920102e-05
0,0,2.1900368233920102e-05
0,0,2.1900368233920102e-05
0,0,2.1900368233920102e-05
0,0,2.1900368233920102e-05
0,0,2.1900368233920102e-05
0,0,2.1900368233920102e-05
1,1,0.9999780982689799
0,0,2.1900368233920102e-05
0,0,2.1849638289488447e-05
0,0,2.1900368233920102e-05
0,0,2.1900368233920102e-05
0,0,2.1900368233920102e-05
0,0,2.1900368233920102e-05
0,0,2.1900368233920102e-05
0,0,2.190032900518737e-05
0,0,2.1900368233920102e-05
0,0,2.1900368233920102e-05
1,1,0.9999780982689799
0,0,2.1900368233920102e-05
0,0,2.1900368233920102e-05
0,0,2.1900368233920102e-05
0,0,2.1900368233920102e-05
0,0,2.1900368233920102e-05
0,0,2.1900368233920102e-05
0,0,2.1900368233920102e-05
0,0,2.190032900518737e-05
0,0,2.1900368233920102e-05
0,0,2.1900368233920102e-05
0,0,2.1900368233920102e-05
0,0,2.1900368233920102e-05
1,1,0.9999780982689799
1,1,0.9999780982689799
0,0,2.4024654574406338e-05
0,0,2.1900368233920102e-05
0,0,2.1849638289488447e-05
1,1,0.9999780982689799
0,0,2.190032900518737e-05
1,1,0.9999780982689799
0,0,2.1900368233920102e-05
1,1,0.9999780982689799
0,0,2.1900368233920102e-05
1,1,0.9999780982689799
0,0,2.1900368233920102e-05
0,0,2.1900368233920102e-05
0,0,2.1900368233920102e-05
1,1,0.9999780982689799
0,0,2.1900368233920102e-05
0,0,2.190032900518737e-05
1,1,0.9999780982689799
0,0,2.1900368233920102e-05
0,0,2.1900368233920102e-05
1,1,0.9999780982689799
0,0,2.1900368233920102e-05
1,1,0.9999780982689799
1,1,0.9999780982689799
0,0,2.1900368233920102e-05
0,0,2.1900368233920102e-05
0,0,2.1900368233920102e-05
1,1,0.9999780982689799
0,0,2.1900368233920102e-05
0,0,2.1900368233920102e-05
1,1,0.9999780982689799
1,1,0.9999780982689799
0,0,2.1900368233920102e-05
0,0,2.190032900518737e-05
0,0,2.1900368233920102e-05
0,0,2.1900368233920102e-05
0,0,2.1900368233920102e-05
0,0,2.1900368233920102e-05
0,0,2.1900368233920102e-05
0,0,2.1900368233920102e-05
0,0,2.1900368233920102e-05
0,0,2.1900368233920102e-05
0,0,2.1900368233920102e-05
1,1,0.9999780982689799
0,0,2.1900368233920102e-05
0,0,2.1900368233920102e-05
0,0,2.190032900518737e-05
0,0,2.1900368233920102e-05
0,0,2.1216610019343522e-05
0,0,2.1900368233920102e-05
0,0,2.1900368233920102e-05
1,1,0.9999780982689799
0,0,2.1900368233920102e-05
0,0,2.1900368233920102e-05
0,0,2.1716809773558755e-05
0,0,2.1900368233920102e-05
1,1,0.9999780982689799
0,0,2.1900368233920102e-05
0,0,2.7079953416148974e-05
0,0,2.1900368233920102e-05
1,1,0.9999780982689799
0,0,2.1900368233920102e-05
1,1,0.9999780982689799
0,0,2.1900368233920102e-05
0,0,2.1900368233920102e-05
0,0,2.1900368233920102e-05
0,0,2.1900368233920102e-05
0,0,2.1900368233920102e-05
0,0,2.1900368233920102e-05
0,0,2.1900368233920102e-05
1,1,0.9999780982689799
0,0,2.1849638289488447e-05
0,0,2.1900368233920102e-05
0,0,2.1900368233920102e-05
0,0,2.1900368233920102e-05
0,0,2.1900368233920102e-05
0,0,2.1900368233920102e-05
0,0,2.1900368233920102e-05
0,0,2.1900368233920102e-05
0,0,2.1900368233920102e-05
0,0,2.1900368233920102e-05
0,0,2.1900368233920102e-05
0,0,2.1900368233920102e-05
0,0,2.1900368233920102e-05
0,0,2.190032900518737e-05
1,1,0.9999780982689799
0,0,2.1900368233920102e-05
0,0,2.1900368233920102e-05
0,0,2.1900368233920102e-05
1,1,0.9999780982689799
0,0,2.1900368233920102e-05
0,0,2.1900368233920102e-05
0,0,2.190032900518737e-05
0,0,2.1900368233920102e-05
0,0,2.1900368233920102e-05
0,0,2.1900368233920102e-05
0,0,2.1900368233920102e-05
0,0,2.1900368233920102e-05
0,0,2.1900368233920102e-05
0,0,2.1900368233920102e-05
0,0,2.1900368233920102e-05
1,1,0.9999780982689799
0,0,2.1900368233920102e-05
0,0,2.1900368233920102e-05
0,0,2.1900368233920102e-05
0,0,2.1900368233920102e-05
0,0,2.1900368233920102e-05
0,0,2.1900368233920102e-05
0,0,2.1900368233920102e-05
0,0,2.1900368233920102e-05
1,1,0.9999780982689799
0,0,2.1900368233920102e-05
0,0,2.30207672179339e-05
0,0,2.1900368233920102e-05
0,0,2.1900368233920102e-05
0,0,2.1900368233920102e-05
0,0,2.1900368233920102e-05
1,1,0.9999780982689799
0,0,2.1900368233920102e-05
0,0,2.1900368233920102e-05
0,0,2.1900368233920102e-05
1,1,0.9999780982689799
1,1,0.9999780982689799
0,0,2.1900368233920102e-05
0,0,2.1849638289488447e-05
0,0,2.1900368233920102e-05
0,0,2.1900368233920102e-05
0,0,2.1900368233920102e-05
1,1,0.9999782075518043
0,0,2.1900368233920102e-05
0,0,2.1900368233920102e-05
0,0,2.1900368233920102e-05
0,0,2.1900368233920102e-05
1,1,0.9998984773806445
1,1,0.9999780982689799
0,0,2.1900368233920102e-05
0,0,2.1900368233920102e-05
1,1,0.9999780982689799
1,1,0.9999780982689799
1,1,0.9999780982689799
0,0,2.190032900518737e-05
0,0,2.1900368233920102e-05
0,0,2.1900368233920102e-05
0,0,2.1900368233920102e-05
0,0,2.1900368233920102e-05
0,0,2.190032900518737e-05
1,1,0.9999780982689799
1,1,0.9999780982689799
0,0,2.1900368233920102e-05
0,0,5.6999393527539495e-05
0,0,2.1900368233920102e-05
0,0,2.190032900518737e-05
0,0,2.1900368233920102e-05
0,0,2.1900368233920102e-05
0,0,2.1900368233920102e-05
0,0,2.1849638289488447e-05
0,0,2.1900368233920102e-05
0,0,2.190032900518737e-05
1,1,0.9999780982689799
0,0,2.1900368233920102e-05
0,0,2.1900368233920102e-05
0,0,2.1900368233920102e-05
0,0,2.1900368233920102e-05
0,0,2.1900368233920102e-05
0,0,2.1900368233920102e-05
0,0,2.1849638289488447e-05
1,1,0.9999780982689799
0,0,2.1900368233920102e-05
0,0,2.1900368233920102e-05
0,0,2.1900368233920102e-05
1,1,0.9999780982689799
1,1,0.9999780982689799
0,0,2.1900368233920102e-05
0,0,2.1900368233920102e-05
1,1,0.9999780982689799
0,0,2.1900368233920102e-05
0,0,2.1900368233920102e-05
0,0,2.1900368233920102e-05
0,0,2.1900368233920102e-05
0,0,2.1900368233920102e-05
0,0,2.1900368233920102e-05
0,0,2.1900368233920102e-05
1,1,0.9999780982689799
1,1,0.9999780982689799
0,0,2.1900368233920102e-05
0,0,2.190032900518737e-05
0,0,2.1849638289488447e-05
1,1,0.9999780982689799
0,0,2.1849638289488447e-05
0,0,2.1900368233920102e-05
1,1,0.9999780982689799
0,0,2.1900368233920102e-05
0,0,2.1900368233920102e-05
1,1,0.9999780982689799
0,0,2.1900368233920102e-05
0,0,2.1900368233920102e-05
0,0,2.1900368233920102e-05
0,0,2.1900368233920102e-05
0,0,2.1900368233920102e-05
0,0,2.1900368233920102e-05
0,0,2.1900368233920102e-05
0,0,2.1900368233920102e-05
0,0,2.1900368233920102e-05
0,0,2.1900368233920102e-05
0,0,2.1900368233920102e-05
1,1,0.9999780982689799
0,0,2.1900368233920102e-05
0,0,2.1900368233920102e-05
0,0,2.1900368233920102e-05
0,0,2.1900368233920102e-05
0,0,2.1900368233920102e-05
0,0,2.1900368233920102e-05
0,0,2.1900368233920102e-05
0,0,2.1900368233920102e-05
0,0,2.1900368233920102e-05
0,0,2.1900368233920102e-05
0,0,2.1900368233920102e-05
0,0,2.1900368233920102e-05
0,0,2.1900368233920102e-05
1,1,0.9999780982689799
0,0,2.1900368233920102e-05
1,1,0.9999780982689799
1,1,0.9999780982689799
0,0,2.1900368233920102e-05
0,0,2.1900368233920102e-05
0,0,2.1900368233920102e-05
0,0,2.1900368233920102e-05
0,0,2.190032900518737e-05
0,0,2.1900368233920102e-05
0,0,2.1900368233920102e-05
0,0,2.1900368233920102e-05
0,0,2.1900368233920102e-05
0,0,2.1900368233920102e-05
0,0,2.1900368233920102e-05
0,0,2.1900368233920102e-05
0,0,2.1900368233920102e-05
0,0,2.1900368233920102e-05
0,0,2.1900368233920102e-05
1,1,0.9999782118882982
0,0,2.1900368233920102e-05
0,0,2.1849638289488447e-05
0,0,2.1900368233920102e-05
0,0,2.1900368233920102e-05
0,0,2.1900368233920102e-05
0,0,2.1900368233920102e-05
0,0,2.1900368233920102e-05
1,1,0.9999780982689799
1,1,0.9999780982689799
0,0,2.1900368233920102e-05
0,0,2.1900368233920102e-05
0,0,2.1900368233920102e-05
0,0,2.1900368233920102e-05
0,0,2.1900368233920102e-05
0,0,2.1900368233920102e-05
0,0,2.1900368233920102e-05
0,0,2.1900368233920102e-05
0,0,2.1900368233920102e-05
0,0,2.1849638289488447e-05
1,1,0.9999780982689799
0,0,2.1849638289488447e-05
1,1,0.9999780982689799
0,0,2.1900368233920102e-05
0,0,2.168382108031741e-05
1,1,0.9999780982689799
0,0,2.1900368233920102e-05
0,0,2.1900368233920102e-05
0,0,2.1900368233920102e-05
0,0,2.1849638289488447e-05
0,0,2.1900368233920102e-05
0,0,2.1900368233920102e-05
0,0,2.1900368233920102e-05
0,0,2.1900368233920102e-05
0,0,2.1900368233920102e-05
0,0,2.1900368233920102e-05
1,1,0.9999780982689799
0,0,2.1900368233920102e-05
0,0,2.1900368233920102e-05
0,0,2.1900368233920102e-05
0,0,2.1900368233920102e-05
1,1,0.9999780982689799
0,0,2.1900368233920102e-05
0,0,2.1900368233920102e-05
0,0,2.1900368233920102e-05
0,0,2.190032900518737e-05
0,0,2.1900368233920102e-05
0,0,2.1900368233920102e-05
1,1,0.9999780982689799
0,0,2.1900368233920102e-05
0,0,2.1900368233920102e-05
0,0,2.1900368233920102e-05
1,1,0.9999780982689799
0,0,2.1900368233920102e-05
0,0,2.1900368233920102e-05
0,0,2.1900368233920102e-05
0,0,2.1900368233920102e-05
0,0,2.1900368233920102e-05
0,0,2.1900368233920102e-05
0,0,2.1900368233920102e-05
0,0,2.1900368233920102e-05
1,1,0.999978208002879
0,0,2.1900368233920102e-05
0,0,2.1900368233920102e-05
0,0,2.1900368233920102e-05
1,1,0.9999643624846165
0,0,2.1900368233920102e-05
1,1,0.9999780982689799
0,0,2.1900368233920102e-05
0,0,2.1900368233920102e-05
0,0,2.1900368233920102e-05
0,0,2.1900368233920102e-05
0,0,2.179152769328258e-05
0,0,2.1900368233920102e-05
1,1,0.9999780982689799
0,0,2.3754520989194338e-05
1,1,0.9999780982689799
0,0,2.1900368233920102e-05
0,0,2.1900368233920102e-05
0,0,2.1900368233920102e-05
0,0,2.1900368233920102e-05
0,0,2.1900368233920102e-05
0,0,2.1900368233920102e-05
0,0,2.1900368233920102e-05
0,0,2.1900368233920102e-05
0,0,2.1900368233920102e-05
0,0,2.1900368233920102e-05
0,0,2.1900368233920102e-05
1,1,0.9999780982689799
0,0,2.1900368233920102e-05
1,1,0.9999780982689799
0,0,2.1900368233920102e-05
0,0,2.1900368233920102e-05
0,0,2.1900368233920102e-05
0,0,2.190032900518737e-05
0,0,2.1900368233920102e-05
0,0,2.190032900518737e-05
0,0,2.1900368233920102e-05
0,0,2.1900368233920102e-05
0,0,2.1900368233920102e-05
1,1,0.9999780982689799
0,0,2.1900368233920102e-05
0,0,2.1900368233920102e-05
0,0,2.1900368233920102e-05
0,0,2.1900368233920102e-05
0,0,2.1900368233920102e-05
0,0,2.1900368233920102e-05
0,0,2.1900368233920102e-05
0,0,2.1900368233920102e-05
0,0,2.1900368233920102e-05
0,0,2.1900368233920102e-05
0,0,2.1900368233920102e-05
0,0,2.1900368233920102e-05
0,0,2.1900368233920102e-05
0,0,2.1900368233920102e-05
0,0,2.1900368233920102e-05
0,0,2.1900368233920102e-05
0,0,2.1900368233920102e-05
0,0,2.190032900518737e-05
1,1,0.9999780982689799
0,0,2.1900368233920102e-05
0,0,2.1900368233920102e-05
0,0,2.190032900518737e-05
0,0,2.190032900518737e-05
0,0,2.190032900518737e-05
0,0,2.1900368233920102e-05
0,0,2.1900368233920102e-05
0,0,2.1900368233920102e-05
0,0,2.1900368233920102e-05
0,0,2.1900368233920102e-05
0,0,2.1900368233920102e-05
0,0,2.1900368233920102e-05
0,0,2.1900368233920102e-05
0,0,2.1900368233920102e-05
0,0,2.1900368233920102e-05
1,1,0.9999780982689799
0,0,2.1900368233920102e-05
0,0,2.1900368233920102e-05
1,1,0.9999780982689799
0,0,2.1900368233920102e-05
1,1,0.9999780982689799
0,0,2.1900368233920102e-05
0,0,2.1900368233920102e-05
1,1,0.9999780982689799
1,1,0.9999780982689799
0,0,2.1900368233920102e-05
0,0,2.1849638289488447e-05
0,0,2.1900368233920102e-05
0,0,2.1900368233920102e-05
0,0,2.1900368233920102e-05
1,1,0.9999780982689799
0,0,2.1900368233920102e-05
0,0,2.1900368233920102e-05
0,0,2.1900368233920102e-05
0,0,2.1900368233920102e-05
0,0,2.1900368233920102e-05
1,1,0.9999780982689799
0,0,2.1900368233920102e-05
0,0,2.1900368233920102e-05
0,0,2.1900368233920102e-05
0,0,2.190032900518737e-05
0,0,2.1849638289488447e-05
0,0,2.1900368233920102e-05
1,1,0.9999780982689799
0,0,2.1900368233920102e-05
0,0,2.1900368233920102e-05
0,0,2.1900368233920102e-05
0,0,2.1759094668752983e-05
0,0,2.1849638289488447e-05
1,1,0.9999780982689799
0,0,2.1900368233920102e-05
0,0,2.1900368233920102e-05
0,0,2.1900368233920102e-05
0,0,2.1900368233920102e-05
0,0,2.1900368233920102e-05
1,1,0.9999780982689799
1,1,0.9999780982689799
0,0,2.1900368233920102e-05
0,0,2.1900368233920102e-05
0,0,2.1900368233920102e-05
0,0,2.1900368233920102e-05
0,0,2.1900368233920102e-05
0,0,2.1900368233920102e-05
0,0,2.1900368233920102e-05
1,1,0.9999780982689799
0,0,2.1900368233920102e-05
0,0,2.1900368233920102e-05
0,0,2.1900368233920102e-05
1,1,0.9999780982689799
0,0,2.1900368233920102e-05
0,0,2.1900368233920102e-05
0,0,2.1900368233920102e-05
0,0,2.1900368233920102e-05
0,0,2.1900368233920102e-05
0,0,2.1900368233920102e-05
0,0,2.1900368233920102e-05
0,0,2.1900368233920102e-05
0,0,2.1900368233920102e-05
0,0,2.1900368233920102e-05
0,0,2.1900368233920102e-05
1,1,0.9999780982689799
0,0,2.1900368233920102e-05
0,0,2.1900368233920102e-05
1,1,0.9999780982689799
1,1,0.9999780982689799
0,0,2.1900368233920102e-05
0,0,2.1900368233920102e-05
0,0,2.1900368233920102e-05
0,0,2.1900368233920102e-05
0,0,2.190032900518737e-05
0,0,2.1900368233920102e-05
0,0,2.1900368233920102e-05
0,0,2.1900368233920102e-05
1,1,0.9999780982689799
0,0,2.1900368233920102e-05
0,0,2.1900368233920102e-05
0,0,2.1900368233920102e-05
0,0,2.1900368233920102e-05
0,0,2.1900368233920102e-05
0,0,2.1900368233920102e-05
0,0,2.1900368233920102e-05
1,1,0.9999780982689799
0,0,2.1900368233920102e-05
0,0,2.1900368233920102e-05
0,0,2.1849638289488447e-05
0,0,2.1900368233920102e-05
0,0,2.1900368233920102e-05
0,0,2.1900368233920102e-05
0,0,2.1900368233920102e-05
0,0,2.1900368233920102e-05
0,0,2.1900368233920102e-05
1,1,0.9999780982689799
0,0,2.1849638289488447e-05
0,0,5.6999393527539495e-05
1,1,0.9999780982689799
1,1,0.9999780982689799
1,1,0.9999780982689799
0,0,2.1900368233920102e-05
0,0,2.1900368233920102e-05
0,0,2.1900368233920102e-05
0,0,2.1900368233920102e-05
0,0,2.1900368233920102e-05
0,0,2.1850810655113965e-05
0,0,2.1900368233920102e-05
0,0,2.1850216823955003e-05
0,0,2.1900368233920102e-05
0,0,2.1900368233920102e-05
0,0,2.1900368233920102e-05
0,0,2.1900368233920102e-05
0,0,2.190032900518737e-05
0,0,2.1900368233920102e-05
0,0,2.1900368233920102e-05
1,1,0.9999780982689799
0,0,2.1900368233920102e-05
1,1,0.9999780982689799
0,0,2.1900368233920102e-05
0,0,2.1900368233920102e-05
0,0,2.1900368233920102e-05
0,0,2.1900368233920102e-05
0,0,2.1900368233920102e-05
1,1,0.9999780982689799
0,0,2.1900368233920102e-05
0,0,2.1900368233920102e-05
0,0,2.1900368233920102e-05
0,0,2.1900368233920102e-05
0,0,2.1900368233920102e-05
1,1,0.9999780982689799
0,0,2.1900368233920102e-05
0,0,2.1900368233920102e-05
0,0,2.1900368233920102e-05
0,0,4.206181695424433e-05
0,0,2.1900368233920102e-05
0,0,2.1900368233920102e-05
0,0,2.1900368233920102e-05
0,0,2.1900368233920102e-05
0,0,2.1900368233920102e-05
0,0,2.1900368233920102e-05
1,1,0.9999780982689799
0,0,2.1900368233920102e-05
0,0,2.1900368233920102e-05
0,0,2.1900368233920102e-05
0,0,2.1900368233920102e-05
0,0,2.1900368233920102e-05
0,0,2.1900368233920102e-05
0,0,2.1900368233920102e-05
0,0,2.1900368233920102e-05
0,0,2.1900368233920102e-05
0,0,2.1900368233920102e-05
0,0,2.1900368233920102e-05
0,0,2.1900368233920102e-05
0,0,2.1900368233920102e-05
0,0,2.1900368233920102e-05
0,0,2.1900368233920102e-05
0,0,2.1900368233920102e-05
1,1,0.9999780982689799
0,0,2.1900368233920102e-05
0,0,2.1900368233920102e-05
0,0,2.1900368233920102e-05
0,0,2.1900368233920102e-05
0,0,2.1900368233920102e-05
0,0,2.1900368233920102e-05
0,0,2.1900368233920102e-05
0,0,2.1900368233920102e-05
0,0,2.1900368233920102e-05
1,1,0.9999780982689799
0,0,2.1900368233920102e-05
0,0,2.1900368233920102e-05
0,0,2.1900368233920102e-05
0,0,2.1900368233920102e-05
0,0,2.190032900518737e-05
0,0,2.1900368233920102e-05
0,0,2.1849638289488447e-05
0,0,2.1900368233920102e-05
0,0,2.1900368233920102e-05
0,0,2.1759094668752983e-05
0,0,2.1900368233920102e-05
0,0,2.0677368551811603e-05
0,0,2.1900368233920102e-05
0,0,2.179152769328258e-05
0,0,2.1849638289488447e-05
1,1,0.9999780982689799
0,0,2.190032900518737e-05
0,0,2.1900368233920102e-05
0,0,2.1900368233920102e-05
0,0,2.190032900518737e-05
0,0,2.1900368233920102e-05
0,0,2.1900368233920102e-05
0,0,2.1900368233920102e-05
1,1,0.9999780982689799
0,0,2.1849638289488447e-05
0,0,2.1900368233920102e-05
0,0,2.1900368233920102e-05
0,0,2.1900368233920102e-05
0,0,2.1900368233920102e-05
1,1,0.9999780982689799
0,0,2.1900368233920102e-05
1,1,0.9999780982689799
0,0,2.1900368233920102e-05
0,0,2.1900368233920102e-05
0,0,2.1900368233920102e-05
0,0,2.1900368233920102e-05
0,0,2.1900368233920102e-05
0,0,2.1900368233920102e-05
1,1,0.9999780982689799
0,0,2.1900368233920102e-05
1,1,0.9999780982689799
1,1,0.9999780982689799
0,0,2.1900368233920102e-05
0,0,2.1900368233920102e-05
0,0,2.1900368233920102e-05
0,0,2.1900368233920102e-05
0,0,2.1900368233920102e-05
0,0,2.1900368233920102e-05
1,1,0.9999780982689799
1,1,0.9999780982689799
1,1,0.9999780982689799
0,0,2.1900368233920102e-05
0,0,2.1900368233920102e-05
1,1,0.9999780982689799
0,0,2.1900368233920102e-05
0,0,2.1900368233920102e-05
0,0,2.1688931300343456e-05
0,0,2.1900368233920102e-05
0,0,2.1900368233920102e-05
0,0,2.1900368233920102e-05
0,0,2.1900368233920102e-05
1,1,0.9999780982689799
0,0,2.1900368233920102e-05
1,1,0.9999780982689799
0,0,2.1900368233920102e-05
0,0,2.1900368233920102e-05
0,0,2.1900368233920102e-05
0,0,2.1900368233920102e-05
1,1,0.9999780982689799
0,0,2.1900368233920102e-05
0,0,2.1900368233920102e-05
0,0,2.1900368233920102e-05
0,0,2.1900368233920102e-05
0,0,2.1900368233920102e-05
0,0,2.1900368233920102e-05
0,0,2.1900368233920102e-05
0,0,2.1900368233920102e-05
0,0,2.1900368233920102e-05
0,0,2.1900368233920102e-05
0,0,2.1900368233920102e-05
0,0,2.1900368233920102e-05
0,0,2.1900368233920102e-05
0,0,2.1900368233920102e-05
0,0,2.9172188847284234e-05
0,0,2.1900368233920102e-05
0,0,2.1900368233920102e-05
0,0,2.1900368233920102e-05
0,0,2.190032900518737e-05
0,0,0.0010095725874190913
0,0,2.1900368233920102e-05
0,0,2.1900368233920102e-05
0,0,2.6793606784421e-05
0,0,2.1900368233920102e-05
0,0,0.013241498957816303
1,1,0.9999780982689799
0,0,2.1900368233920102e-05
0,0,2.1900368233920102e-05
0,0,2.1900368233920102e-05
0,0,2.1900368233920102e-05
0,0,2.1900368233920102e-05
0,0,2.1900368233920102e-05
0,0,2.1900368233920102e-05
0,0,2.1900368233920102e-05
1,1,0.9999780982689799
0,0,2.1900368233920102e-05
1,1,0.9999780982689799
0,0,2.190032900518737e-05
0,0,2.1900368233920102e-05
0,0,2.1900368233920102e-05
0,0,2.1900368233920102e-05
0,0,2.1900368233920102e-05
0,0,2.1900368233920102e-05
0,0,2.1900368233920102e-05
0,0,2.1900368233920102e-05
0,0,2.1900368233920102e-05
0,0,2.1900368233920102e-05
0,0,2.1900368233920102e-05
0,0,2.1900368233920102e-05
0,0,2.190032900518737e-05
1,1,0.9999780982689799
0,0,2.1900368233920102e-05
0,0,2.1900368233920102e-05
0,0,2.641008425110184e-05
0,0,2.1900368233920102e-05
0,0,2.1900368233920102e-05
0,0,2.1900368233920102e-05
0,0,2.1900368233920102e-05
0,0,2.1900368233920102e-05
0,0,2.1900368233920102e-05
1,1,0.9999780982689799
0,0,2.1900368233920102e-05
1,1,0.9999780982689799
0,0,2.1900368233920102e-05
0,0,2.1900368233920102e-05
1,1,0.9886454260823351
0,0,2.1900368233920102e-05
0,0,2.1900368233920102e-05
0,0,2.1900368233920102e-05
0,0,2.1900368233920102e-05
0,0,2.1900368233920102e-05
0,0,2.1900368233920102e-05
0,0,2.1900368233920102e-05
1,1,0.9999780982689799
0,0,2.1900368233920102e-05
0,0,2.1900368233920102e-05
0,0,2.1900368233920102e-05
0,0,2.1900368233920102e-05
0,0,2.1900368233920102e-05
0,0,2.190032900518737e-05
0,0,2.1900368233920102e-05
0,0,2.190032900518737e-05
1,1,0.9999780982689799
0,0,2.1900368233920102e-05
0,0,2.1900368233920102e-05
0,0,2.1900368233920102e-05
0,0,2.1693070649453014e-05
0,0,2.1900368233920102e-05
0,0,2.1900368233920102e-05
0,0,6.969055216019798e-05
0,0,2.1900368233920102e-05
0,0,2.1900368233920102e-05
0,0,2.1900368233920102e-05
0,0,2.1900368233920102e-05
0,0,2.1900368233920102e-05
0,0,2.190032900518737e-05
0,0,2.1900368233920102e-05
0,0,2.1849638289488447e-05
0,0,2.1900368233920102e-05
0,0,2.1900368233920102e-05
0,0,2.1900368233920102e-05
1,1,0.9999780982689799
0,0,2.1900368233920102e-05
0,0,2.1900368233920102e-05
0,0,2.1900368233920102e-05
1,1,0.9999780982689799
0,0,2.1900368233920102e-05
0,0,2.1900368233920102e-05
0,0,2.190032900518737e-05
0,0,2.1900368233920102e-05
0,0,2.1900368233920102e-05
0,0,2.1900368233920102e-05
0,0,2.1900368233920102e-05
0,0,2.1900368233920102e-05
1,1,0.9999780982689799
0,0,2.1900368233920102e-05
1,1,0.9999780982689799
1,1,0.9999780982689799
0,0,2.1900368233920102e-05
0,0,2.190032900518737e-05
0,0,2.1900368233920102e-05
0,0,2.1900368233920102e-05
0,0,2.1900368233920102e-05
0,0,2.1900368233920102e-05
1,1,0.9999780982689799
0,0,2.1900368233920102e-05
0,0,2.1900368233920102e-05
1,1,0.9999780982689799
0,0,2.1900368233920102e-05
0,0,2.1900368233920102e-05
0,0,2.1900368233920102e-05
1,1,0.9999780982689799
1,1,0.9999780982689799
0,0,2.1900368233920102e-05
0,0,2.1900368233920102e-05
0,0,2.1900368233920102e-05
1,1,0.9999780982689799
0,0,2.1849638289488447e-05
0,0,2.1900368233920102e-05
0,0,2.1900368233920102e-05
0,0,2.1900368233920102e-05
0,0,2.1900368233920102e-05
0,0,2.1900368233920102e-05
0,0,2.1900368233920102e-05
0,0,2.190032900518737e-05
0,0,2.1900368233920102e-05
0,0,2.1900368233920102e-05
0,0,2.1900368233920102e-05
1,1,0.999978208002879
0,0,2.1900368233920102e-05
1,1,0.9999780982689799
0,0,2.1900368233920102e-05
0,0,2.1850810655113965e-05
0,0,2.1900368233920102e-05
0,0,2.1900368233920102e-05
0,0,2.1900368233920102e-05
0,0,2.1900368233920102e-05
0,0,2.1900368233920102e-05
0,0,2.1900368233920102e-05
0,0,2.365283808238331e-05
0,0,2.1900368233920102e-05
0,0,2.1900368233920102e-05
0,0,2.1900368233920102e-05
0,0,2.1900368233920102e-05
0,0,2.1900368233920102e-05
0,0,2.1900368233920102e-05
0,0,2.1900368233920102e-05
0,0,2.1900368233920102e-05
1,1,0.9999780982689799
0,0,2.1900368233920102e-05
0,0,2.1900368233920102e-05
0,0,2.1900368233920102e-05
0,0,2.1900368233920102e-05
0,0,2.1900368233920102e-05
0,0,2.1900368233920102e-05
0,0,3.778021704094154e-05
0,0,2.1900368233920102e-05
0,0,2.1900368233920102e-05
0,0,2.1900368233920102e-05
0,0,2.1900368233920102e-05
0,0,2.1849638289488447e-05
0,0,2.1900368233920102e-05
0,0,2.1900368233920102e-05
0,0,2.1900368233920102e-05
0,0,2.1900368233920102e-05
0,0,2.1900368233920102e-05
0,0,2.1900368233920102e-05
0,0,2.1900368233920102e-05
1,1,0.9999780982689799
0,0,2.1900368233920102e-05
0,0,2.1900368233920102e-05
0,0,2.1900368233920102e-05
0,0,2.1900368233920102e-05
0,0,2.1900368233920102e-05
0,0,2.1849638289488447e-05
0,0,2.1900368233920102e-05
1,1,0.9999780982689799
0,0,2.1849638289488447e-05
0,0,2.1900368233920102e-05
0,0,2.1900368233920102e-05
0,0,2.1900368233920102e-05
0,0,2.1900368233920102e-05
0,0,2.1900368233920102e-05
0,0,2.1900368233920102e-05
1,1,0.9999780982689799
0,0,2.1900368233920102e-05
1,1,0.9999780982689799
0,0,2.1900368233920102e-05
0,0,2.1900368233920102e-05
0,0,2.1900368233920102e-05
0,0,2.112072531482361e-05
0,0,2.1900368233920102e-05
0,0,2.1900368233920102e-05
0,0,2.1900368233920102e-05
0,0,2.1900368233920102e-05
0,0,2.1900368233920102e-05
0,0,2.190032900518737e-05
0,0,2.1900368233920102e-05
0,0,2.1900368233920102e-05
0,0,2.1900368233920102e-05
1,1,0.9999780982689799
1,1,0.9999780982689799
0,0,2.1900368233920102e-05
0,0,2.1900368233920102e-05
0,0,2.1900368233920102e-05
1,1,0.9999780982689799
0,0,2.1900368233920102e-05
1,1,0.9999780982689799
0,0,2.1900368233920102e-05
0,0,2.1900368233920102e-05
0,0,2.1900368233920102e-05
0,0,2.190032900518737e-05
0,0,2.1900368233920102e-05
0,0,2.1900368233920102e-05
0,0,2.1849638289488447e-05
0,0,2.1849638289488447e-05
1,1,0.9998391942874101
0,0,2.1900368233920102e-05
0,0,2.1900368233920102e-05
0,0,2.1900368233920102e-05
0,0,2.1900368233920102e-05
0,0,2.1900368233920102e-05
0,0,2.190032900518737e-05
0,0,2.1900368233920102e-05
1,1,0.9999780982689799
0,0,2.1900368233920102e-05
0,0,2.1900368233920102e-05
0,0,2.1900368233920102e-05
0,0,2.1900368233920102e-05
0,0,2.1900368233920102e-05
0,0,2.1900368233920102e-05
0,0,2.1900368233920102e-05
0,0,2.1900368233920102e-05
0,0,2.1900368233920102e-05
0,0,2.1900368233920102e-05
0,0,2.1900368233920102e-05
1,1,0.9999780982689799
0,0,2.2681802941829723e-05
1,1,0.9999780982689799
0,0,2.182222181106097e-05
1,1,0.9999780982689799
0,0,2.1900368233920102e-05
0,0,2.1900368233920102e-05
0,0,2.1900368233920102e-05
0,0,2.1900368233920102e-05
0,0,2.1849638289488447e-05
0,0,2.1900368233920102e-05
0,0,2.1900368233920102e-05
1,1,0.9999780982689799
0,0,2.1900368233920102e-05
1,1,0.9999780982689799
0,0,2.1900368233920102e-05
0,0,2.1900368233920102e-05
0,0,2.1900368233920102e-05
1,1,0.9999780982689799
0,0,2.1900368233920102e-05
0,0,2.1900368233920102e-05
0,0,2.1900368233920102e-05
0,0,2.190032900518737e-05
0,0,2.1900368233920102e-05
0,0,2.1849638289488447e-05
0,0,2.1900368233920102e-05
0,0,2.1900368233920102e-05
0,0,2.1900368233920102e-05
1,1,0.9999780982689799
0,0,2.1900368233920102e-05
0,0,2.1900368233920102e-05
0,0,2.1900368233920102e-05
1,1,0.9999780982689799
1,1,0.9999780982689799
0,0,2.1900368233920102e-05
0,0,2.1900368233920102e-05
0,0,2.1900368233920102e-05
0,0,2.1900368233920102e-05
0,0,2.1900368233920102e-05
0,0,2.1900368233920102e-05
0,0,2.1900368233920102e-05
0,0,2.1900368233920102e-05
1,1,0.9999780982689799
1,1,0.9999780982689799
0,0,2.1900368233920102e-05
0,0,2.1900368233920102e-05
0,0,2.1900368233920102e-05
0,0,2.1900368233920102e-05
0,0,2.1849638289488447e-05
0,0,2.1900368233920102e-05
0,0,2.1900368233920102e-05
0,0,2.1900368233920102e-05
0,0,2.1900368233920102e-05
0,0,2.1900368233920102e-05
1,1,0.9999780982689799
0,0,2.1900368233920102e-05
0,0,2.1900368233920102e-05
0,0,2.1900368233920102e-05
0,0,2.1900368233920102e-05
0,0,2.1900368233920102e-05
0,0,2.1900368233920102e-05
0,0,2.1900368233920102e-05
0,0,2.1900368233920102e-05
0,0,2.190032900518737e-05
0,0,2.1548206643576956e-05
0,0,2.1900368233920102e-05
0,0,2.1900368233920102e-05
1,1,0.9999780982689799
0,0,2.1900368233920102e-05
0,0,2.1900368233920102e-05
0,0,2.1900368233920102e-05
0,0,2.1900368233920102e-05
1,1,0.9999780982689799
0,0,2.1900368233920102e-05
0,0,2.1849638289488447e-05
0,0,2.1900368233920102e-05
0,0,2.1849638289488447e-05
0,0,2.1900368233920102e-05
0,0,2.1900368233920102e-05
0,0,2.1900368233920102e-05
0,0,2.1900368233920102e-05
0,0,2.190032900518737e-05
0,0,2.1900368233920102e-05
0,0,2.1900368233920102e-05
0,0,2.1900368233920102e-05
0,0,2.1900368233920102e-05
0,0,2.1900368233920102e-05
0,0,2.1686938306470504e-05
0,0,3.502777899116417e-05
0,0,2.1900368233920102e-05
0,0,2.1900368233920102e-05
0,0,2.353972774971165e-05
0,0,2.1849638289488447e-05
1,1,0.9999754153378693
0,0,2.1900368233920102e-05
0,0,2.8389394636653006e-05
0,0,2.1900368233920102e-05
1,1,0.9999780982689799
0,0,2.1900368233920102e-05
0,0,2.1900368233920102e-05
0,0,2.1900368233920102e-05
0,0,2.1900368233920102e-05
0,0,2.1849638289488447e-05
0,0,2.1900368233920102e-05
0,0,2.1900368233920102e-05
0,0,2.1900368233920102e-05
0,0,2.1900368233920102e-05
0,0,2.1900368233920102e-05
0,0,2.1900368233920102e-05
0,0,2.1900368233920102e-05
0,0,2.1900368233920102e-05
0,0,2.190032900518737e-05
0,0,2.1900368233920102e-05
0,0,2.190032900518737e-05
0,0,2.1900368233920102e-05
0,0,2.190032900518737e-05
0,0,2.1900368233920102e-05
0,0,2.1900368233920102e-05
0,0,0.0001817522561261148
0,0,2.1900368233920102e-05
0,0,2.190032900518737e-05
0,0,2.1900368233920102e-05
0,0,2.1900368233920102e-05
0,0,2.1900368233920102e-05
0,0,2.1900368233920102e-05
0,0,2.1900368233920102e-05
0,0,2.1900368233920102e-05
1,1,0.9999780982689799
0,0,2.1900368233920102e-05
0,0,2.1900368233920102e-05
0,0,2.1849638289488447e-05
1,1,0.9999780982689799
1,1,0.9999780982689799
0,0,2.1900368233920102e-05
0,0,2.1900368233920102e-05
0,0,2.1900368233920102e-05
1,1,0.9999780982689799
0,0,2.1900368233920102e-05
0,0,2.1900368233920102e-05
0,0,2.1849638289488447e-05
0,0,2.1900368233920102e-05
0,0,2.1900368233920102e-05
1,1,0.9999780982689799
0,0,2.1900368233920102e-05
1,1,0.9999780982689799
1,1,0.9999780982689799
0,0,2.1900368233920102e-05
0,0,1.980042238007479e-05
0,0,2.1900368233920102e-05
0,0,2.1900368233920102e-05
0,0,2.1900368233920102e-05
0,0,2.1900368233920102e-05
1,1,0.9999780982689799
0,0,2.1900368233920102e-05
0,0,2.1900368233920102e-05
0,0,2.1900368233920102e-05
0,0,2.1900368233920102e-05
1,1,0.9999780982689799
1,1,0.9999780982689799
0,0,2.1900368233920102e-05
0,0,2.1900368233920102e-05
0,0,2.1900368233920102e-05
0,0,2.1900368233920102e-05
0,0,2.1900368233920102e-05
0,0,2.1900368233920102e-05
0,0,2.1900368233920102e-05
0,0,2.1900368233920102e-05
0,0,2.1900368233920102e-05
0,0,2.1900368233920102e-05
1,1,0.9999780982689799
0,0,2.1900368233920102e-05
0,0,2.1900368233920102e-05
0,0,2.1900368233920102e-05
0,0,2.1900368233920102e-05
0,0,2.1900368233920102e-05
0,0,2.1900368233920102e-05
0,0,2.1693070649453014e-05
0,0,2.1900368233920102e-05
0,0,2.1900368233920102e-05
0,0,2.1849638289488447e-05
0,0,2.1900368233920102e-05
1,1,0.9999780982689799
0,0,2.1900368233920102e-05
0,0,2.1900368233920102e-05
0,0,2.1900368233920102e-05
1,1,0.9999780982689799
0,0,2.190032900518737e-05
0,0,2.1900368233920102e-05
1,1,0.9999780982689799
0,0,2.1688931300343456e-05
0,0,2.1900368233920102e-05
1,1,0.9999780982689799
1,1,0.9999780982689799
0,0,2.1900368233920102e-05
1,1,0.9999780982689799
0,0,2.190032900518737e-05
0,0,2.1900368233920102e-05
1,1,0.9999780982689799
0,0,2.1900368233920102e-05
0,0,2.1900368233920102e-05
0,0,2.1900368233920102e-05
1,1,0.9999780982689799
0,0,2.1900368233920102e-05
0,0,2.1900368233920102e-05
0,0,2.1900368233920102e-05
0,0,2.1900368233920102e-05
1,1,0.9999782126833564
1,1,0.9999780982689799
0,0,3.0608002601884964e-05
0,0,2.190032900518737e-05
0,0,2.1900368233920102e-05
0,0,2.1900368233920102e-05
0,0,2.1900368233920102e-05
0,0,2.190032900518737e-05
0,0,2.1900368233920102e-05
0,0,2.1900368233920102e-05
1,1,0.9999780982689799
0,0,2.1900368233920102e-05
0,0,2.1900368233920102e-05
1,1,0.9999780982689799
0,0,2.1900368233920102e-05
0,0,2.1900368233920102e-05
0,0,2.190032900518737e-05
0,0,2.1900368233920102e-05
0,0,2.1900368233920102e-05
0,0,2.1900368233920102e-05
0,0,2.1900368233920102e-05
1,1,0.9999780982689799
0,0,2.1900368233920102e-05
0,0,2.1900368233920102e-05
1,1,0.9999780982689799
1,1,0.9999780982689799
0,0,2.1900368233920102e-05
1,1,0.9999780982689799
0,0,2.1900368233920102e-05
0,0,2.1849638289488447e-05
0,0,2.1900368233920102e-05
0,0,2.1900368233920102e-05
0,0,2.1900368233920102e-05
1,1,0.9999780982689799
0,0,2.190032900518737e-05
0,0,2.1900368233920102e-05
1,1,0.9999780982689799
0,0,2.1900368233920102e-05
0,0,2.1900368233920102e-05
0,0,2.1900368233920102e-05
0,0,2.1900368233920102e-05
0,0,2.1900368233920102e-05
1,1,0.9999780982689799
1,1,0.999976419137501
0,0,2.190032900518737e-05
0,0,2.1900368233920102e-05
0,0,2.1900368233920102e-05
1,1,0.9999780982689799
0,0,2.1900368233920102e-05
0,0,2.1900368233920102e-05
1,1,0.9999780982689799
0,0,2.1900368233920102e-05
1,1,0.9999780982689799
0,0,2.1900368233920102e-05
0,0,2.1900368233920102e-05
1,1,0.9999780982689799
0,0,2.1900368233920102e-05
0,0,2.1900368233920102e-05
0,0,2.1900368233920102e-05
0,0,2.1849638289488447e-05
0,0,2.1900368233920102e-05
0,0,2.1900368233920102e-05
0,0,2.1900368233920102e-05
0,0,2.190032900518737e-05
0,0,2.1900368233920102e-05
0,0,2.1900368233920102e-05
0,0,2.1900368233920102e-05
0,0,2.1900368233920102e-05
0,0,2.1900368233920102e-05
0,0,2.1900368233920102e-05
0,0,2.1900368233920102e-05
0,0,2.1900368233920102e-05
0,0,2.1900368233920102e-05
0,0,2.1900368233920102e-05
1,1,0.9999376175031778
0,0,2.1900368233920102e-05
0,0,2.1900368233920102e-05
0,0,2.1900368233920102e-05
0,0,2.1900368233920102e-05
0,0,2.190032900518737e-05
0,0,2.1900368233920102e-05
0,0,2.1900368233920102e-05
1,1,0.9999780982689799
0,0,2.1900368233920102e-05
0,0,2.190032900518737e-05
0,0,2.1849638289488447e-05
1,1,0.9999780982689799
0,0,2.1900368233920102e-05
0,0,3.123545661838788e-05
0,0,2.1900368233920102e-05
1,1,0.9999780982689799
0,0,2.1849638289488447e-05
0,0,2.1900368233920102e-05
1,1,0.9999780982689799
0,0,2.1900368233920102e-05
0,0,2.1900368233920102e-05
1,1,0.9999780982689799
0,0,2.1900368233920102e-05
0,0,2.1900368233920102e-05
0,0,2.1900368233920102e-05
0,0,2.1900368233920102e-05
0,0,2.1900368233920102e-05
0,0,2.1900368233920102e-05
0,0,2.1900368233920102e-05
0,0,2.1900368233920102e-05
0,0,2.1900368233920102e-05
0,0,2.1900368233920102e-05
0,0,2.1900368233920102e-05
0,0,2.1900368233920102e-05
0,0,2.1900368233920102e-05
0,0,2.1900368233920102e-05
0,0,2.1900368233920102e-05
0,0,2.1900368233920102e-05
1,1,0.9999780982689799
0,0,8.455198636092723e-05
0,0,2.1900368233920102e-05
0,0,2.1900368233920102e-05
1,1,0.999978208002879
0,0,2.1849638289488447e-05
1,1,0.9999780982689799
0,0,0.000268669698160944
0,0,2.1849638289488447e-05
1,1,0.9999780982689799
0,0,4.599269772040797e-05
0,0,2.1900368233920102e-05
0,0,2.1900368233920102e-05
0,0,2.1900368233920102e-05
0,0,2.1900368233920102e-05
1,1,0.9999780982689799
0,0,2.1900368233920102e-05
0,0,2.1900368233920102e-05
0,0,2.1900368233920102e-05
0,0,2.1900368233920102e-05
0,0,2.1849638289488447e-05
0,0,2.1900368233920102e-05
0,0,2.1900368233920102e-05
0,0,2.1900368233920102e-05
0,0,2.1900368233920102e-05
0,0,2.1900368233920102e-05
0,0,2.1900368233920102e-05
0,0,2.1900368233920102e-05
0,0,2.1900368233920102e-05
0,0,2.1900368233920102e-05
0,0,2.1900368233920102e-05
0,0,2.1900368233920102e-05
0,0,2.1900368233920102e-05
1,1,0.9999780982689799
1,1,0.9999780982689799
0,0,2.1900368233920102e-05
0,0,2.1900368233920102e-05
0,0,2.1900368233920102e-05
0,0,2.1900368233920102e-05
0,0,2.1900368233920102e-05
0,0,2.1900368233920102e-05
0,0,2.1900368233920102e-05
0,0,2.1900368233920102e-05
0,0,2.1900368233920102e-05
0,0,2.1900368233920102e-05
0,0,2.190032900518737e-05
0,0,2.190032900518737e-05
0,0,2.1900368233920102e-05
0,0,2.1900368233920102e-05
1,1,0.9999780982689799
0,0,2.1900368233920102e-05
0,0,2.1849638289488447e-05
0,0,2.1900368233920102e-05
0,0,2.1900368233920102e-05
0,0,2.1900368233920102e-05
0,0,2.1900368233920102e-05
0,0,2.1900368233920102e-05
0,0,2.1900368233920102e-05
0,0,2.1900368233920102e-05
0,0,2.1900368233920102e-05
0,0,2.182222181106097e-05
0,0,2.1900368233920102e-05
0,0,2.1900368233920102e-05
1,1,0.9999780982689799
1,1,0.9999780982689799
0,0,2.1900368233920102e-05
0,0,2.1900368233920102e-05
0,0,2.1900368233920102e-05
0,0,2.1900368233920102e-05
0,0,2.1900368233920102e-05
0,0,2.1900368233920102e-05
0,0,2.1900368233920102e-05
0,0,2.1900368233920102e-05
0,0,2.1900368233920102e-05
0,0,2.1900368233920102e-05
0,0,2.1900368233920102e-05
1,1,0.9999780982689799
0,0,2.1900368233920102e-05
0,0,2.1900368233920102e-05
0,0,2.1900368233920102e-05
0,0,2.1196967139631593e-05
0,0,2.1900368233920102e-05
1,1,0.9999782126833564
0,0,2.1900368233920102e-05
0,0,2.1900368233920102e-05
0,0,2.1900368233920102e-05
0,0,2.1900368233920102e-05
0,0,2.1900368233920102e-05
0,0,2.1849638289488447e-05
0,0,2.190032900518737e-05
0,0,2.1900368233920102e-05
1,1,0.9999780982689799
0,0,2.1900368233920102e-05
0,0,2.1900368233920102e-05
0,0,2.1849638289488447e-05
0,0,2.1900368233920102e-05
0,0,2.1900368233920102e-05
1,1,0.9999780982689799
0,0,2.1900368233920102e-05
1,1,0.9999780982689799
0,0,2.1900368233920102e-05
0,0,2.1900368233920102e-05
0,0,2.1900368233920102e-05
0,0,2.1900368233920102e-05
0,0,2.1900368233920102e-05
0,0,2.1900368233920102e-05
0,0,2.1900368233920102e-05
0,0,2.1900368233920102e-05
0,0,2.1900368233920102e-05
0,0,2.1900368233920102e-05
0,0,2.1900368233920102e-05
0,0,2.1900368233920102e-05
1,1,0.9999780982689799
0,0,2.1900368233920102e-05
0,0,2.1849638289488447e-05
0,0,2.1900368233920102e-05
0,0,2.1900368233920102e-05
1,1,0.9999780982689799
0,0,2.1900368233920102e-05
0,0,2.1900368233920102e-05
0,0,2.1900368233920102e-05
0,0,2.1900368233920102e-05
0,0,2.1900368233920102e-05
0,0,2.1849638289488447e-05
1,1,0.9999780982689799
1,1,0.9999780982689799
0,0,0.0390504027311625
0,0,2.1900368233920102e-05
0,0,2.1900368233920102e-05
1,1,0.9999780982689799
1,1,0.9999780982689799
0,0,2.1900368233920102e-05
0,0,2.1900368233920102e-05
0,0,2.1900368233920102e-05
1,1,0.9999780982689799
1,1,0.9999780982689799
0,0,2.1900368233920102e-05
0,0,2.1900368233920102e-05
0,0,2.1900368233920102e-05
0,0,2.1900368233920102e-05
0,0,2.1900368233920102e-05
0,0,2.1900368233920102e-05
0,0,2.1849638289488447e-05
0,0,2.1900368233920102e-05
0,0,2.1900368233920102e-05
0,0,2.1900368233920102e-05
0,0,2.1900368233920102e-05
0,0,2.1900368233920102e-05
0,0,2.1900368233920102e-05
0,0,2.190032900518737e-05
0,0,2.1900368233920102e-05
0,0,2.1900368233920102e-05
1,1,0.9999780982689799
1,1,0.9999780982689799
0,0,2.1900368233920102e-05
0,0,2.1900368233920102e-05
1,1,0.9999780982689799
0,0,2.1900368233920102e-05
0,0,2.1900368233920102e-05
0,0,2.1900368233920102e-05
0,0,2.1900368233920102e-05
1,1,0.9999780982689799
1,1,0.9999780982689799
0,0,2.1900368233920102e-05
0,0,2.1900368233920102e-05
0,0,2.1849638289488447e-05
0,0,2.1900368233920102e-05
0,0,2.160057294560227e-05
1,1,0.9999780982689799
0,0,2.190032900518737e-05
0,0,2.1900368233920102e-05
0,0,2.1900368233920102e-05
0,0,2.1900368233920102e-05
0,0,2.1900368233920102e-05
0,0,2.1900368233920102e-05
0,0,2.1900368233920102e-05
0,0,2.1900368233920102e-05
0,0,2.1900368233920102e-05
0,0,2.190032900518737e-05
0,0,2.1900368233920102e-05
1,1,0.9999780982689799
0,0,2.1900368233920102e-05
0,0,2.1900368233920102e-05
0,0,2.1900368233920102e-05
1,1,0.9999780982689799
0,0,2.1900368233920102e-05
0,0,2.1900368233920102e-05
0,0,2.5734305091753925e-05
1,1,0.9999782270709496
0,0,2.1900368233920102e-05
0,0,2.1900368233920102e-05
0,0,2.1900368233920102e-05
0,0,2.1900368233920102e-05
0,0,2.1849638289488447e-05
0,0,2.1900368233920102e-05
0,0,2.1900368233920102e-05
0,0,2.1900368233920102e-05
0,0,2.1900368233920102e-05
0,0,2.1900368233920102e-05
1,1,0.9999780982689799
1,1,0.9999780982689799
0,0,2.1900368233920102e-05
0,0,2.1849638289488447e-05
0,0,2.1900368233920102e-05
0,0,2.1900368233920102e-05
1,1,0.9999780982689799
1,1,0.9999780982689799
0,0,2.1900368233920102e-05
0,0,2.1900368233920102e-05
1,1,0.9999780982689799
1,1,0.9999780982689799
0,0,2.1900368233920102e-05
0,0,2.1900368233920102e-05
0,0,2.1900368233920102e-05
1,1,0.9999780982689799
0,0,2.1900368233920102e-05
0,0,2.1900368233920102e-05
0,0,2.160057294560227e-05
0,0,2.1900368233920102e-05
1,1,0.9218734645747795
0,0,2.1900368233920102e-05
0,0,2.1900368233920102e-05
0,0,2.1900368233920102e-05
0,0,2.1900368233920102e-05
0,0,2.1900368233920102e-05
0,0,2.1900368233920102e-05
0,0,2.1900368233920102e-05
0,0,2.1900368233920102e-05
0,0,2.1900368233920102e-05
0,0,2.8558294747238572e-05
0,0,2.1900368233920102e-05
0,0,2.1900368233920102e-05
0,0,2.1900368233920102e-05
0,0,2.1900368233920102e-05
0,0,2.160057294560227e-05
0,0,2.1900368233920102e-05
0,0,2.1900368233920102e-05
0,0,2.1900368233920102e-05
0,0,2.1900368233920102e-05
0,0,2.1900368233920102e-05
0,0,2.1900368233920102e-05
0,0,2.1900368233920102e-05
0,0,2.1900368233920102e-05
0,0,2.1900368233920102e-05
0,0,2.1900368233920102e-05
0,0,2.1849638289488447e-05
0,0,2.1900368233920102e-05
0,0,2.1900368233920102e-05
0,0,2.1900368233920102e-05
0,0,2.190032900518737e-05
0,0,2.1900368233920102e-05
0,0,2.1900368233920102e-05
0,0,2.1900368233920102e-05
0,0,2.1849638289488447e-05
0,0,2.190032900518737e-05
0,0,2.1900368233920102e-05
0,0,2.1900368233920102e-05
0,0,2.190032900518737e-05
0,0,2.1900368233920102e-05
0,0,2.1900368233920102e-05
0,0,2.1900368233920102e-05
0,0,3.0273612650564188e-05
0,0,2.1900368233920102e-05
1,1,0.9999780982689799
0,0,2.1900368233920102e-05
0,0,2.1900368233920102e-05
0,0,2.1900368233920102e-05
0,0,2.1900368233920102e-05
0,0,2.1900368233920102e-05
0,0,2.1849638289488447e-05
0,0,2.1900368233920102e-05
0,0,2.1900368233920102e-05
0,0,2.1900368233920102e-05
0,0,2.1849638289488447e-05
0,0,2.1900368233920102e-05
0,0,2.1900368233920102e-05
0,0,2.1900368233920102e-05
0,0,2.190032900518737e-05
1,1,0.9999780982689799
0,0,2.1900368233920102e-05
0,0,2.1900368233920102e-05
0,0,2.1900368233920102e-05
0,0,2.1900368233920102e-05
0,0,2.1900368233920102e-05
0,0,2.1900368233920102e-05
1,1,0.9999780982689799
1,1,0.9999780982689799
0,0,2.1900368233920102e-05
0,0,2.1900368233920102e-05
0,0,2.1900368233920102e-05
1,1,0.9999780982689799
0,0,2.1900368233920102e-05
1,1,0.9999780982689799
0,0,2.1900368233920102e-05
0,0,2.1900368233920102e-05
0,0,2.1849638289488447e-05
0,0,2.1900368233920102e-05
0,0,2.190032900518737e-05
1,1,0.9999780982689799
0,0,2.1900368233920102e-05
0,0,2.1900368233920102e-05
0,0,2.1900368233920102e-05
0,0,2.1849638289488447e-05
1,1,0.9999780982689799
0,0,2.180649931902061e-05
0,0,2.1900368233920102e-05
0,0,2.1900368233920102e-05
0,0,2.1900368233920102e-05
0,0,2.1900368233920102e-05
0,0,2.1900368233920102e-05
0,0,2.1900368233920102e-05
1,1,0.9999780982689799
0,0,2.1900368233920102e-05
0,0,2.1900368233920102e-05
0,0,2.1900368233920102e-05
0,0,2.1900368233920102e-05
0,0,2.1900368233920102e-05
1,1,0.9999780982689799
0,0,2.1900368233920102e-05
0,0,2.1900368233920102e-05
0,0,2.1900368233920102e-05
1,1,0.9999780982689799
0,0,2.1900368233920102e-05
1,1,0.9999780982689799
0,0,2.1900368233920102e-05
0,0,2.1900368233920102e-05
0,0,2.1900368233920102e-05
0,0,2.1900368233920102e-05
1,1,0.9999780982689799
0,0,2.1900368233920102e-05
0,0,2.1900368233920102e-05
0,0,2.1900368233920102e-05
0,0,2.1900368233920102e-05
0,0,2.190032900518737e-05
0,0,2.1900368233920102e-05
0,0,2.1900368233920102e-05
0,0,2.190032900518737e-05
0,0,2.0943324260762192e-05
0,0,2.1900368233920102e-05
0,0,2.1900368233920102e-05
0,0,2.1849638289488447e-05
0,0,2.7029286446977173e-05
0,0,2.1900368233920102e-05
0,0,2.1900368233920102e-05
0,0,2.190032900518737e-05
0,0,2.1900368233920102e-05
0,0,2.1900368233920102e-05
0,0,2.1900368233920102e-05
0,0,2.1900368233920102e-05
0,0,2.1900368233920102e-05
0,0,2.1900368233920102e-05
1,1,0.9999780982689799
1,1,0.9999780982689799
1,1,0.9999780982689799
0,0,2.1900368233920102e-05
1,1,0.9999780982689799
0,0,2.1900368233920102e-05
0,0,2.1900368233920102e-05
0,0,2.190032900518737e-05
1,1,0.9999780982689799
0,0,2.1900368233920102e-05
0,0,2.1900368233920102e-05
1,1,0.9999780982689799
1,1,0.9999780982689799
0,0,2.1900368233920102e-05
0,0,2.1759094668752983e-05
0,0,2.1900368233920102e-05
0,0,2.1900368233920102e-05
0,0,2.1900368233920102e-05
0,0,2.1900368233920102e-05
0,1,0.9340044656453593
0,0,2.190032900518737e-05
0,0,2.1900368233920102e-05
1,1,0.9999780982689799
0,0,2.1900368233920102e-05
0,0,2.1900368233920102e-05
0,0,2.1900368233920102e-05
0,0,2.1900368233920102e-05
0,0,2.1900368233920102e-05
0,0,2.1900368233920102e-05
0,0,2.115735784330923e-05
0,0,2.1900368233920102e-05
0,0,2.1900368233920102e-05
1,1,0.9999780982689799
0,0,2.1900368233920102e-05
0,0,2.1900368233920102e-05
0,0,2.1900368233920102e-05
0,0,2.1900368233920102e-05
0,0,2.1900368233920102e-05
0,0,2.1900368233920102e-05
0,0,2.1900368233920102e-05
0,0,2.1900368233920102e-05
0,0,2.1900368233920102e-05
0,0,2.1900368233920102e-05
0,0,2.1900368233920102e-05
0,0,2.1900368233920102e-05
0,0,2.1900368233920102e-05
1,1,0.9999780982689799
0,0,2.1900368233920102e-05
0,0,2.1900368233920102e-05
0,0,2.1900368233920102e-05
0,0,2.1900368233920102e-05
0,0,2.1900368233920102e-05
0,0,2.1900368233920102e-05
0,0,2.1900368233920102e-05
0,0,2.1900368233920102e-05
1,1,0.9999750786456818
0,0,2.1900368233920102e-05
0,0,2.1900368233920102e-05
0,0,2.1900368233920102e-05
0,0,2.1900368233920102e-05
0,0,2.1849638289488447e-05
0,0,2.1900368233920102e-05
1,1,0.9999470839313436
1,1,0.9999780982689799
0,0,2.1900368233920102e-05
0,0,2.1900368233920102e-05
0,0,2.1900368233920102e-05
0,0,2.1900368233920102e-05
0,0,2.1900368233920102e-05
0,0,2.1900368233920102e-05
0,0,2.1900368233920102e-05
0,0,2.1900368233920102e-05
0,0,2.1900368233920102e-05
0,0,2.1900368233920102e-05
1,1,0.9999780982689799
0,0,2.1900368233920102e-05
0,0,2.1900368233920102e-05
0,0,2.1900368233920102e-05
1,1,0.9999780982689799
0,0,2.1900368233920102e-05
0,0,2.1900368233920102e-05
0,0,2.1900368233920102e-05
0,0,2.1900368233920102e-05
0,0,2.1900368233920102e-05
1,1,0.9999780982689799
0,0,2.1900368233920102e-05
0,0,2.1900368233920102e-05
0,0,2.1900368233920102e-05
0,0,2.1900368233920102e-05
0,0,2.1900368233920102e-05
0,0,2.1900368233920102e-05
0,0,2.1900368233920102e-05
1,1,0.9999780982689799
0,0,2.1900368233920102e-05
0,0,2.1900368233920102e-05
0,0,2.1900368233920102e-05
0,0,2.1900368233920102e-05
0,0,2.1900368233920102e-05
0,0,2.1900368233920102e-05
1,1,0.9999780982689799
0,0,2.1900368233920102e-05
0,0,2.1900368233920102e-05
0,0,2.1900368233920102e-05
0,0,2.1900368233920102e-05
0,0,2.1900368233920102e-05
1,1,0.999978208002879
0,0,2.1900368233920102e-05
0,0,2.1900368233920102e-05
0,0,2.1900368233920102e-05
0,0,2.1900368233920102e-05
0,0,2.1900368233920102e-05
1,1,0.9999780982689799
0,0,2.1900368233920102e-05
0,0,2.7957102266581007e-05
0,0,2.1900368233920102e-05
0,0,2.1900368233920102e-05
1,1,0.9999780982689799
0,0,2.1900368233920102e-05
0,0,2.1900368233920102e-05
0,0,2.1900368233920102e-05
1,1,0.9999780982689799
0,0,2.180649931902061e-05
0,0,2.1900368233920102e-05
0,0,2.1900368233920102e-05
0,0,2.1900368233920102e-05
1,1,0.9999780982689799
0,0,2.1900368233920102e-05
0,0,2.1849638289488447e-05
0,0,2.1900368233920102e-05
0,0,2.1900368233920102e-05
1,1,0.9999697419200356
0,0,2.1900368233920102e-05
0,0,2.1900368233920102e-05
0,0,2.1849638289488447e-05
0,0,2.1900368233920102e-05
0,0,2.190032900518737e-05
0,0,2.1900368233920102e-05
1,1,0.9999780982689799
1,1,0.9999780982689799
0,0,2.1900368233920102e-05
1,1,0.9999780982689799
0,0,2.1900368233920102e-05
0,0,2.1900368233920102e-05
0,0,2.1900368233920102e-05
0,0,2.1900368233920102e-05
0,0,2.1900368233920102e-05
0,0,2.1900368233920102e-05
0,0,2.1900368233920102e-05
0,0,2.1900368233920102e-05
0,0,2.1900368233920102e-05
0,0,2.1900368233920102e-05
0,0,2.1900368233920102e-05
0,0,2.1900368233920102e-05
0,0,2.1900368233920102e-05
0,0,2.1900368233920102e-05
0,0,2.1900368233920102e-05
0,0,2.1900368233920102e-05
0,0,2.1900368233920102e-05
0,0,2.190032900518737e-05
0,0,2.1900368233920102e-05
1,1,0.9999780982689799
1,1,0.9999780982689799
0,0,2.1900368233920102e-05
0,0,2.1900368233920102e-05
0,0,2.190032900518737e-05
0,0,2.1900368233920102e-05
0,0,2.1849638289488447e-05
0,0,2.190032900518737e-05
0,0,2.1849638289488447e-05
0,0,2.1900368233920102e-05
0,0,2.1900368233920102e-05
0,0,2.1900368233920102e-05
0,0,2.1900368233920102e-05
0,0,2.1900368233920102e-05
0,0,2.1900368233920102e-05
0,0,2.1900368233920102e-05
0,0,2.1900368233920102e-05
0,0,2.1900368233920102e-05
0,0,2.1900368233920102e-05
0,0,2.1900368233920102e-05
0,0,2.1900368233920102e-05
0,0,2.1900368233920102e-05
0,0,2.1849638289488447e-05
1,1,0.9999780982689799
0,0,2.1900368233920102e-05
0,0,2.1900368233920102e-05
0,0,2.1900368233920102e-05
0,0,2.1849638289488447e-05
0,0,2.1900368233920102e-05
0,0,2.1900368233920102e-05
0,0,2.190032900518737e-05
0,0,2.1900368233920102e-05
0,0,2.1900368233920102e-05
0,0,2.1900368233920102e-05
0,0,2.1900368233920102e-05
0,0,2.1900368233920102e-05
0,0,2.1900368233920102e-05
0,0,2.1900368233920102e-05
0,0,2.1900368233920102e-05
0,0,2.1900368233920102e-05
1,1,0.9999780982689799
0,0,2.1900368233920102e-05
0,0,2.1900368233920102e-05
0,0,2.1900368233920102e-05
1,1,0.9999780982689799
0,0,2.1900368233920102e-05
0,0,2.1900368233920102e-05
0,0,2.1900368233920102e-05
0,0,2.1900368233920102e-05
0,0,2.1900368233920102e-05
1,1,0.9999780982689799
0,0,2.1900368233920102e-05
0,0,2.1900368233920102e-05
0,0,2.1900368233920102e-05
1,1,0.9999780982689799
0,0,2.1900368233920102e-05
0,0,2.1900368233920102e-05
0,0,2.1900368233920102e-05
0,0,2.1849638289488447e-05
0,0,2.1900368233920102e-05
0,0,2.1900368233920102e-05
0,0,2.1900368233920102e-05
0,0,2.1900368233920102e-05
1,1,0.9999780982689799
0,0,2.1900368233920102e-05
0,0,2.1900368233920102e-05
0,0,2.1900368233920102e-05
0,0,2.1900368233920102e-05
0,0,2.1900368233920102e-05
0,0,2.1900368233920102e-05
0,0,2.1900368233920102e-05
0,0,2.1900368233920102e-05
0,0,2.1900368233920102e-05
1,1,0.9999780982689799
1,1,0.9999780982689799
0,0,2.1900368233920102e-05
0,0,2.1900368233920102e-05
0,0,2.1900368233920102e-05
1,1,0.9999780982689799
0,0,2.1900368233920102e-05
0,0,2.190032900518737e-05
0,0,2.1900368233920102e-05
1,1,0.9999780982689799
0,0,2.1900368233920102e-05
0,0,2.1900368233920102e-05
0,0,2.1900368233920102e-05
0,0,2.1900368233920102e-05
0,0,2.1850216823955003e-05
0,0,2.1900368233920102e-05
0,0,2.1849638289488447e-05
0,0,2.1900368233920102e-05
1,1,0.9999780982689799
0,0,2.1900368233920102e-05
0,0,2.1900368233920102e-05
0,0,2.1900368233920102e-05
0,0,2.1900368233920102e-05
1,1,0.9999780982689799
0,0,2.1900368233920102e-05
0,0,2.1900368233920102e-05
0,0,2.1900368233920102e-05
0,0,2.1900368233920102e-05
0,0,2.1900368233920102e-05
1,1,0.9999780982689799
0,0,2.1900368233920102e-05
0,0,2.1900368233920102e-05
0,0,2.1849638289488447e-05
0,0,2.1900368233920102e-05
0,0,2.1849638289488447e-05
0,0,2.1900368233920102e-05
0,0,2.1900368233920102e-05
1,1,0.9999780982689799
0,0,2.1900368233920102e-05
0,0,2.1900368233920102e-05
0,0,2.1900368233920102e-05
0,0,2.1900368233920102e-05
0,0,2.1849638289488447e-05
0,0,2.1900368233920102e-05
0,0,2.1900368233920102e-05
0,0,2.1900368233920102e-05
0,0,2.1900368233920102e-05
0,0,2.190032900518737e-05
0,0,2.1900368233920102e-05
0,0,2.1900368233920102e-05
0,0,2.1900368233920102e-05
0,0,2.1900368233920102e-05
1,1,0.9999780982689799
0,0,2.1900368233920102e-05
0,0,2.1900368233920102e-05
1,1,0.9999780982689799
0,0,2.1900368233920102e-05
0,0,2.1900368233920102e-05
0,0,2.1900368233920102e-05
0,0,2.1900368233920102e-05
0,0,2.1900368233920102e-05
0,0,2.1900368233920102e-05
0,0,2.1900368233920102e-05
0,0,2.1900368233920102e-05
0,0,2.1900368233920102e-05
1,1,0.9999780982689799
0,0,2.1900368233920102e-05
0,0,2.1900368233920102e-05
0,0,2.1900368233920102e-05
0,0,2.1900368233920102e-05
0,0,2.1900368233920102e-05
1,1,0.9999780982689799
1,1,0.9999780982689799
0,0,2.1900368233920102e-05
0,0,2.1900368233920102e-05
0,0,2.1900368233920102e-05
0,0,2.1686938306470504e-05
0,0,2.1900368233920102e-05
0,0,2.1900368233920102e-05
0,0,2.1849638289488447e-05
0,0,2.1849638289488447e-05
1,1,0.9999780982689799
0,0,2.1900368233920102e-05
0,0,2.1900368233920102e-05
0,0,2.1900368233920102e-05
0,0,2.1900368233920102e-05
0,0,2.1900368233920102e-05
0,0,2.1900368233920102e-05
0,0,2.1900368233920102e-05
0,0,2.1900368233920102e-05
0,0,2.1900368233920102e-05
0,0,2.1849638289488447e-05
0,0,2.1900368233920102e-05
0,0,2.190032900518737e-05
0,0,2.1900368233920102e-05
0,0,2.1900368233920102e-05
0,0,2.1900368233920102e-05
1,1,0.9999780982689799
0,0,2.1900368233920102e-05
0,0,2.1900368233920102e-05
0,0,2.1900368233920102e-05
0,0,2.1900368233920102e-05
1,1,0.9999780982689799
1,1,0.9999780982689799
0,0,2.1850810655113965e-05
1,1,0.9999780982689799
0,0,2.1900368233920102e-05
0,0,2.1900368233920102e-05
1,1,0.9999767290467318
0,0,2.1900368233920102e-05
0,0,2.190032900518737e-05
0,0,2.1900368233920102e-05
0,0,2.1900368233920102e-05
0,0,2.1900368233920102e-05
0,0,2.1900368233920102e-05
0,0,2.1900368233920102e-05
0,0,2.1900368233920102e-05
0,0,2.1900368233920102e-05
0,0,2.1900368233920102e-05
1,1,0.9999780982689799
1,1,0.9999780982689799
0,0,2.1850810655113965e-05
0,0,2.1900368233920102e-05
0,0,2.1686938306470504e-05
0,0,2.1900368233920102e-05
0,0,2.1900368233920102e-05
0,0,2.1900368233920102e-05
0,0,2.1900368233920102e-05
0,0,2.1900368233920102e-05
0,0,2.1900368233920102e-05
0,0,2.1900368233920102e-05
0,0,2.1900368233920102e-05
0,0,2.1900368233920102e-05
0,0,2.1900368233920102e-05
0,0,2.1900368233920102e-05
1,1,0.9999780982689799
1,1,0.9999780982689799
0,0,2.1900368233920102e-05
0,0,2.1849638289488447e-05
0,0,2.1900368233920102e-05
0,0,2.1900368233920102e-05
0,0,2.1900368233920102e-05
0,0,6.168751940597116e-05
0,0,2.1900368233920102e-05
0,0,2.1900368233920102e-05
0,0,2.1900368233920102e-05
0,0,2.1900368233920102e-05
0,0,2.1900368233920102e-05
0,0,2.1900368233920102e-05
0,0,2.190032900518737e-05
0,0,2.1900368233920102e-05
0,0,2.1900368233920102e-05
0,0,2.1849638289488447e-05
0,0,2.1900368233920102e-05
0,0,2.1900368233920102e-05
0,0,2.1900368233920102e-05
0,0,2.1900368233920102e-05
0,0,2.1900368233920102e-05
0,0,2.190032900518737e-05
0,0,2.1900368233920102e-05
0,0,2.1900368233920102e-05
0,0,2.190032900518737e-05
0,0,2.1900368233920102e-05
0,0,2.1900368233920102e-05
0,0,2.1900368233920102e-05
0,0,2.1900368233920102e-05
0,0,2.1900368233920102e-05
1,1,0.9999780982689799
0,0,2.1900368233920102e-05
0,0,2.1900368233920102e-05
0,0,2.1900368233920102e-05
0,0,2.1900368233920102e-05
0,0,2.1900368233920102e-05
0,0,2.1849638289488447e-05
0,0,2.1900368233920102e-05
1,1,0.9999780982689799
0,0,2.1900368233920102e-05
0,0,2.1900368233920102e-05
0,0,2.1900368233920102e-05
0,0,2.1900368233920102e-05
1,1,0.9999780982689799
0,0,2.1900368233920102e-05
0,0,2.1900368233920102e-05
0,0,2.1900368233920102e-05
1,1,0.9999780982689799
0,0,2.1900368233920102e-05
0,0,2.1809262908510643e-05
0,0,2.1900368233920102e-05
0,0,2.1900368233920102e-05
0,0,2.1900368233920102e-05
0,0,2.1900368233920102e-05
0,0,2.1900368233920102e-05
0,0,2.1900368233920102e-05
0,0,2.1900368233920102e-05
0,0,2.190032900518737e-05
0,0,2.190032900518737e-05
1,1,0.9999780982689799
1,1,0.9999780982689799
0,0,2.1900368233920102e-05
0,0,2.1900368233920102e-05
1,1,0.999978208002879
0,0,2.1900368233920102e-05
0,0,2.1849638289488447e-05
0,0,2.1900368233920102e-05
0,0,2.1900368233920102e-05
0,0,2.190032900518737e-05
0,0,2.1900368233920102e-05
0,0,2.1900368233920102e-05
0,0,2.1900368233920102e-05
0,0,2.1900368233920102e-05
0,0,2.1900368233920102e-05
0,0,2.1900368233920102e-05
0,0,2.1900368233920102e-05
0,0,2.1849638289488447e-05
1,1,0.9999780982689799
0,0,2.1900368233920102e-05
0,0,2.1900368233920102e-05
0,0,2.1900368233920102e-05
0,0,2.190032900518737e-05
0,0,2.1900368233920102e-05
0,0,2.1900368233920102e-05
0,0,2.1900368233920102e-05
0,0,2.353972774971165e-05
0,0,2.1900368233920102e-05
0,0,2.1900368233920102e-05
0,0,2.1900368233920102e-05
0,0,2.1900368233920102e-05
0,0,2.1900368233920102e-05
1,1,0.9999780982689799
0,0,2.180649931902061e-05
0,0,2.1900368233920102e-05
0,0,2.1900368233920102e-05
1,1,0.9999780982689799
0,0,2.1900368233920102e-05
0,0,2.1900368233920102e-05
0,0,2.1900368233920102e-05
0,0,2.1900368233920102e-05
0,0,2.1900368233920102e-05
0,0,2.1900368233920102e-05
0,0,2.1900368233920102e-05
0,0,2.1900368233920102e-05
0,0,2.2220866753855315e-05
1,1,0.9999780982689799
0,0,2.190032900518737e-05
0,0,2.1849638289488447e-05
0,0,2.1900368233920102e-05
0,0,2.1900368233920102e-05
0,0,2.1900368233920102e-05
0,0,2.190032900518737e-05
0,0,2.1900368233920102e-05
0,0,2.1900368233920102e-05
0,0,2.1900368233920102e-05
0,0,2.1900368233920102e-05
0,0,2.1900368233920102e-05
0,0,2.1900368233920102e-05
0,0,2.1900368233920102e-05
0,0,2.1900368233920102e-05
0,0,2.1900368233920102e-05
0,0,2.1900368233920102e-05
0,0,2.1900368233920102e-05
0,0,2.1900368233920102e-05
0,0,2.1900368233920102e-05
0,0,2.1900368233920102e-05
0,0,2.1900368233920102e-05
0,0,2.1900368233920102e-05
0,0,2.1900368233920102e-05
0,0,2.1900368233920102e-05
1,1,0.9999780982689799
0,0,2.1900368233920102e-05
0,0,2.1900368233920102e-05
0,0,2.1900368233920102e-05
0,0,2.190032900518737e-05
0,0,2.1900368233920102e-05
0,0,2.1900368233920102e-05
0,0,2.190032900518737e-05
0,0,2.1900368233920102e-05
0,0,2.1900368233920102e-05
0,0,2.1900368233920102e-05
0,0,2.1900368233920102e-05
0,0,2.1900368233920102e-05
1,1,0.9999780982689799
0,0,2.1900368233920102e-05
0,0,2.1900368233920102e-05
0,0,2.1900368233920102e-05
0,0,2.1900368233920102e-05
0,0,2.1900368233920102e-05
0,0,2.1900368233920102e-05
0,0,2.1900368233920102e-05
0,0,2.1900368233920102e-05
0,0,2.1900368233920102e-05
0,0,2.1900368233920102e-05
0,0,2.1900368233920102e-05
0,0,2.1900368233920102e-05
0,0,2.1900368233920102e-05
0,0,2.1900368233920102e-05
0,0,2.1900368233920102e-05
0,0,2.1900368233920102e-05
0,0,2.1900368233920102e-05
0,0,2.1900368233920102e-05
0,0,2.1900368233920102e-05
0,0,2.190032900518737e-05
0,0,2.1900368233920102e-05
0,0,2.190032900518737e-05
1,1,0.9999780982689799
0,0,2.1900368233920102e-05
1,1,0.9999780982689799
0,0,2.1900368233920102e-05
0,0,2.1900368233920102e-05
0,0,2.1900368233920102e-05
0,0,2.1900368233920102e-05
0,0,2.179152769328258e-05
0,0,2.1900368233920102e-05
0,0,2.1900368233920102e-05
0,0,2.1900368233920102e-05
0,0,2.1900368233920102e-05
0,0,2.190032900518737e-05
0,0,2.1900368233920102e-05
0,0,2.190032900518737e-05
0,0,2.1900368233920102e-05
0,0,2.1900368233920102e-05
0,0,2.1900368233920102e-05
0,0,2.1900368233920102e-05
0,0,2.1900368233920102e-05
0,0,2.1900368233920102e-05
0,0,2.1900368233920102e-05
0,0,2.1900368233920102e-05
1,1,0.9999780982689799
0,0,2.1900368233920102e-05
0,0,2.1900368233920102e-05
0,0,2.1900368233920102e-05
0,0,2.190032900518737e-05
0,0,2.1900368233920102e-05
0,0,2.190032900518737e-05
0,0,2.1900368233920102e-05
0,0,2.1849638289488447e-05
0,0,2.1900368233920102e-05
0,0,2.1900368233920102e-05
0,0,2.1900368233920102e-05
0,0,2.1900368233920102e-05
0,0,2.1900368233920102e-05
0,0,2.1900368233920102e-05
1,1,0.9999780982689799
0,0,2.1900368233920102e-05
0,0,2.1900368233920102e-05
0,0,2.1900368233920102e-05
0,0,2.1900368233920102e-05
0,0,2.267676819272123e-05
0,0,2.1900368233920102e-05
0,0,2.1900368233920102e-05
0,0,2.1900368233920102e-05
0,0,2.1849638289488447e-05
0,0,2.1900368233920102e-05
0,0,2.1900368233920102e-05
0,0,2.1900368233920102e-05
0,0,2.1900368233920102e-05
0,0,2.1900368233920102e-05
0,0,2.1900368233920102e-05
0,0,2.1900368233920102e-05
0,0,2.1900368233920102e-05
0,0,2.1900368233920102e-05
0,0,2.1900368233920102e-05
0,0,2.1900368233920102e-05
0,0,2.1900368233920102e-05
0,0,2.1900368233920102e-05
0,0,2.1900368233920102e-05
0,0,2.1900368233920102e-05
0,0,2.1900368233920102e-05
0,0,3.311662758511013e-05
0,0,2.1900368233920102e-05
0,0,2.1900368233920102e-05
0,0,2.1900368233920102e-05
0,0,2.1900368233920102e-05
0,0,2.1849638289488447e-05
1,1,0.9999780982689799
1,1,0.9999780982689799
0,0,2.1900368233920102e-05
0,0,2.1900368233920102e-05
0,0,2.1900368233920102e-05
0,0,2.1900368233920102e-05
0,0,2.1900368233920102e-05
0,0,2.1900368233920102e-05
0,0,2.1900368233920102e-05
0,0,2.1900368233920102e-05
0,0,2.1900368233920102e-05
0,0,2.1900368233920102e-05
0,0,2.1900368233920102e-05
0,0,2.1900368233920102e-05
1,1,0.9999780982689799
0,0,2.1900368233920102e-05
0,0,2.1900368233920102e-05
0,0,2.1900368233920102e-05
0,0,2.1900368233920102e-05
0,0,2.1900368233920102e-05
0,0,2.1900368233920102e-05
0,0,2.1900368233920102e-05
0,0,2.1900368233920102e-05
0,0,2.1900368233920102e-05
0,0,2.1900368233920102e-05
0,0,2.1900368233920102e-05
0,0,2.1900368233920102e-05
1,1,0.9999780982689799
0,0,2.1849638289488447e-05
1,1,0.9999780982689799
0,0,2.1900368233920102e-05
0,0,2.1849638289488447e-05
0,0,2.190032900518737e-05
1,1,0.9999780982689799
0,0,2.1900368233920102e-05
0,0,2.1900368233920102e-05
0,0,2.1900368233920102e-05
0,0,2.1900368233920102e-05
1,1,0.9999780982689799
0,0,2.1900368233920102e-05
0,0,2.1900368233920102e-05
0,0,2.1849638289488447e-05
0,0,2.1900368233920102e-05
0,0,2.1900368233920102e-05
0,0,2.1900368233920102e-05
0,0,2.1900368233920102e-05
0,0,2.1900368233920102e-05
0,0,2.1900368233920102e-05
0,0,2.1900368233920102e-05
0,0,2.1900368233920102e-05
0,0,2.1900368233920102e-05
0,0,2.1849638289488447e-05
0,0,2.1900368233920102e-05
0,0,2.1900368233920102e-05
0,0,2.1849638289488447e-05
0,0,2.1900368233920102e-05
0,0,2.1900368233920102e-05
0,0,2.1900368233920102e-05
0,0,2.1900368233920102e-05
0,0,2.1900368233920102e-05
0,0,2.1900368233920102e-05
0,0,2.1849638289488447e-05
0,0,2.1900368233920102e-05
0,0,2.1900368233920102e-05
0,0,2.1900368233920102e-05
0,0,2.1900368233920102e-05
0,0,2.1900368233920102e-05
0,0,2.1900368233920102e-05
0,0,2.1900368233920102e-05
0,0,2.1900368233920102e-05
0,0,2.1900368233920102e-05
0,0,2.1900368233920102e-05
0,0,2.1900368233920102e-05
0,0,2.1900368233920102e-05
0,0,2.1900368233920102e-05
0,0,2.1900368233920102e-05
1,1,0.9999780982689799
0,0,2.1900368233920102e-05
0,0,2.1900368233920102e-05
0,0,2.1900368233920102e-05
1,1,0.9999780982689799
0,0,2.1900368233920102e-05
0,0,2.1849638289488447e-05
0,0,2.1900368233920102e-05
0,0,2.1900368233920102e-05
0,0,2.1900368233920102e-05
1,1,0.9999780982689799
0,0,4.198728135769493e-05
0,0,2.1900368233920102e-05
0,0,2.1900368233920102e-05
1,1,0.9999780982689799
0,0,2.1900368233920102e-05
0,0,2.1900368233920102e-05
0,0,2.190032900518737e-05
0,0,2.1900368233920102e-05
0,0,2.1900368233920102e-05
0,0,2.1900368233920102e-05
0,0,2.1900368233920102e-05
1,1,0.9999780982689799
1,1,0.9999780982689799
0,0,2.1900368233920102e-05
0,0,2.1900368233920102e-05
0,0,2.1900368233920102e-05
0,0,2.1900368233920102e-05
1,1,0.9999780982689799
1,1,0.9999780982689799
0,0,2.1900368233920102e-05
0,0,2.1900368233920102e-05
0,0,2.1900368233920102e-05
0,0,2.1900368233920102e-05
1,1,0.9999780982689799
0,0,2.1900368233920102e-05
0,0,2.1900368233920102e-05
0,0,2.1900368233920102e-05
0,0,2.1900368233920102e-05
0,0,2.1900368233920102e-05
0,0,2.1900368233920102e-05
0,0,2.1900368233920102e-05
0,0,2.1900368233920102e-05
1,1,0.9999780982689799
1,1,0.9999780982689799
0,0,2.1900368233920102e-05
0,0,2.190032900518737e-05
0,0,2.1900368233920102e-05
1,1,0.9999780982689799
0,0,2.1900368233920102e-05
1,1,0.9999780982689799
0,0,2.1900368233920102e-05
0,0,2.1849638289488447e-05
0,0,2.1900368233920102e-05
0,0,2.1900368233920102e-05
0,0,2.1900368233920102e-05
0,0,2.1900368233920102e-05
0,0,2.1900368233920102e-05
0,0,2.1900368233920102e-05
0,0,2.1900368233920102e-05
1,1,0.9999780982689799
1,1,0.9999780982689799
0,0,2.1900368233920102e-05
0,0,2.1900368233920102e-05
0,0,2.1900368233920102e-05
0,0,2.1900368233920102e-05
0,0,2.1900368233920102e-05
0,0,2.1900368233920102e-05
1,1,0.9999780982689799
0,0,2.1900368233920102e-05
0,0,2.1160039167297895e-05
0,0,2.1900368233920102e-05
0,0,2.8751182526666256e-05
0,0,2.1900368233920102e-05
0,0,2.1900368233920102e-05
1,1,0.9999780982689799
0,0,2.1900368233920102e-05
0,0,2.1900368233920102e-05
1,1,0.9999780982689799
0,0,2.1900368233920102e-05
0,0,2.1900368233920102e-05
0,0,2.1900368233920102e-05
0,0,2.1900368233920102e-05
0,0,2.1900368233920102e-05
1,1,0.9999780982689799
0,0,2.1900368233920102e-05
0,0,2.1900368233920102e-05
0,0,2.1900368233920102e-05
0,0,2.1849638289488447e-05
0,0,2.1900368233920102e-05
0,0,2.190032900518737e-05
0,0,2.1900368233920102e-05
0,0,2.1900368233920102e-05
0,0,2.1900368233920102e-05
0,0,2.1900368233920102e-05
0,0,2.1900368233920102e-05
0,0,2.1900368233920102e-05
0,0,2.1900368233920102e-05
0,0,2.1900368233920102e-05
0,0,2.1900368233920102e-05
0,0,2.1900368233920102e-05
0,0,2.1900368233920102e-05
1,1,0.9999780982689799
0,0,2.1900368233920102e-05
0,0,2.1900368233920102e-05
0,0,2.1900368233920102e-05
0,0,2.1900368233920102e-05
0,0,2.1900368233920102e-05
0,0,2.1900368233920102e-05
0,0,2.1849638289488447e-05
1,1,0.9999780982689799
0,0,2.1900368233920102e-05
0,0,2.1900368233920102e-05
0,0,2.1900368233920102e-05
0,0,2.1900368233920102e-05
1,1,0.9999780982689799
0,0,2.1900368233920102e-05
0,0,2.1900368233920102e-05
0,0,2.1900368233920102e-05
0,0,2.1900368233920102e-05
0,0,2.1900368233920102e-05
0,0,2.1900368233920102e-05
0,0,2.1900368233920102e-05
0,0,2.1900368233920102e-05
0,0,2.1900368233920102e-05
0,0,2.1900368233920102e-05
0,0,2.1900368233920102e-05
0,0,2.1900368233920102e-05
0,0,2.1900368233920102e-05
0,0,2.1900368233920102e-05
1,1,0.9999780982689799
0,0,2.190032900518737e-05
0,0,2.1900368233920102e-05
1,1,0.9999780982689799
0,0,2.1900368233920102e-05
0,0,2.1900368233920102e-05
0,0,2.1900368233920102e-05
0,0,2.1759094668752983e-05
0,0,2.1900368233920102e-05
0,0,2.1900368233920102e-05
0,0,2.1900368233920102e-05
0,0,2.190032900518737e-05
0,0,2.1900368233920102e-05
0,0,2.1900368233920102e-05
0,0,2.1900368233920102e-05
0,0,2.1900368233920102e-05
0,0,2.1900368233920102e-05
0,0,2.1900368233920102e-05
0,0,2.1900368233920102e-05
0,0,2.1900368233920102e-05
1,1,0.9999780982689799
0,0,2.1850810655113965e-05
0,0,2.1900368233920102e-05
0,0,2.1900368233920102e-05
0,0,2.1900368233920102e-05
0,0,2.1850810655113965e-05
0,0,2.1900368233920102e-05
0,0,2.1900368233920102e-05
1,1,0.9999780982689799
0,0,2.1900368233920102e-05
0,0,2.1900368233920102e-05
0,0,2.1900368233920102e-05
0,0,2.1900368233920102e-05
0,0,2.1900368233920102e-05
0,0,2.829504901858838e-05
0,0,2.1759094668752983e-05
1,1,0.9999731701781336
1,1,0.9999780982689799
0,0,2.1900368233920102e-05
0,0,2.190032900518737e-05
0,0,2.1900368233920102e-05
0,0,2.1900368233920102e-05
0,0,2.1900368233920102e-05
0,0,2.1900368233920102e-05
0,0,2.1900368233920102e-05
0,0,2.1900368233920102e-05
1,1,0.9999780982689799
1,1,0.9999780982689799
0,0,2.1900368233920102e-05
1,1,0.9999780982689799
0,0,2.1900368233920102e-05
0,0,2.1900368233920102e-05
0,0,3.92189158528443e-05
0,0,2.1900368233920102e-05
0,0,2.1900368233920102e-05
0,0,2.1900368233920102e-05
0,0,2.1900368233920102e-05
0,0,2.1900368233920102e-05
0,0,2.1900368233920102e-05
1,1,0.9999780982689799
0,0,2.1900368233920102e-05
0,0,2.1900368233920102e-05
0,0,2.1849638289488447e-05
0,0,2.1900368233920102e-05
0,0,2.1900368233920102e-05
0,0,2.1900368233920102e-05
0,0,2.1900368233920102e-05
1,1,0.9999780982689799
0,0,2.1900368233920102e-05
0,0,2.1900368233920102e-05
0,0,2.1900368233920102e-05
0,0,2.1850216823955003e-05
0,0,2.1849104616737714e-05
0,0,2.1900368233920102e-05
0,0,2.1900368233920102e-05
0,0,2.190032900518737e-05
0,0,2.1900368233920102e-05
0,0,2.1900368233920102e-05
1,1,0.9999780982689799
0,0,2.1686938306470504e-05
0,0,2.1900368233920102e-05
0,0,2.1900368233920102e-05
1,1,0.9999780982689799
0,0,2.1900368233920102e-05
0,0,2.1900368233920102e-05
0,0,2.1900368233920102e-05
0,0,2.1900368233920102e-05
0,0,2.1900368233920102e-05
0,0,2.1849638289488447e-05
0,0,2.1900368233920102e-05
0,0,2.190032900518737e-05
0,0,2.1900368233920102e-05
1,1,0.9999780982689799
0,0,2.1900368233920102e-05
1,1,0.9999780982689799
0,0,2.190032900518737e-05
1,1,0.9999780982689799
0,0,2.1900368233920102e-05
0,0,2.1900368233920102e-05
0,0,2.1849638289488447e-05
0,0,2.190032900518737e-05
1,1,0.9999780982689799
0,0,2.1900368233920102e-05
0,0,2.1849638289488447e-05
0,0,2.1900368233920102e-05
0,0,2.1900368233920102e-05
0,0,2.1900368233920102e-05
1,1,0.9999781178718979
0,0,2.1900368233920102e-05
0,0,2.1900368233920102e-05
0,0,2.1900368233920102e-05
0,0,2.1900368233920102e-05
1,1,0.9999780982689799
0,0,2.1900368233920102e-05
0,0,2.1900368233920102e-05
0,0,2.1900368233920102e-05
0,0,2.1900368233920102e-05
0,0,2.1900368233920102e-05
0,0,2.1900368233920102e-05
0,0,2.1900368233920102e-05
0,0,2.1900368233920102e-05
0,0,2.1900368233920102e-05
0,0,2.1900368233920102e-05
0,0,2.190032900518737e-05
1,1,0.9999782091676533
0,0,2.1900368233920102e-05
0,0,2.1900368233920102e-05
0,0,2.1233675865060293e-05
0,0,2.1849638289488447e-05
1,1,0.9999780982689799
0,0,2.1900368233920102e-05
0,0,2.1900368233920102e-05
0,0,2.1900368233920102e-05
1,1,0.9999780982689799
1,1,0.9999780982689799
0,0,2.1900368233920102e-05
0,0,2.190032900518737e-05
0,0,2.1900368233920102e-05
0,0,2.1900368233920102e-05
1,1,0.9999780982689799
0,0,2.1900368233920102e-05
0,0,2.1900368233920102e-05
0,0,2.1900368233920102e-05
0,0,2.1900368233920102e-05
0,0,2.1900368233920102e-05
0,0,2.1900368233920102e-05
0,0,2.180649931902061e-05
0,0,2.1900368233920102e-05
0,0,2.190032900518737e-05
0,0,2.1900368233920102e-05
0,0,2.1900368233920102e-05
0,0,2.1900368233920102e-05
0,0,2.1900368233920102e-05
0,0,2.1900368233920102e-05
0,0,2.1900368233920102e-05
0,0,2.1900368233920102e-05
0,0,2.1900368233920102e-05
0,0,2.1849638289488447e-05
0,0,2.1900368233920102e-05
0,0,2.1900368233920102e-05
0,0,2.1900368233920102e-05
0,0,2.1900368233920102e-05
1,1,0.9999780982689799
0,0,2.1900368233920102e-05
0,0,2.1900368233920102e-05
0,0,2.1900368233920102e-05
0,0,2.1900368233920102e-05
0,0,2.1900368233920102e-05
0,0,2.190032900518737e-05
0,0,2.1900368233920102e-05
0,0,2.1849638289488447e-05
1,1,0.999965294790946
1,1,0.9999780982689799
0,0,2.1900368233920102e-05
0,0,2.1900368233920102e-05
0,0,2.1900368233920102e-05
0,0,2.1900368233920102e-05
0,0,2.1900368233920102e-05
0,0,2.1900368233920102e-05
0,0,2.1900368233920102e-05
0,0,2.1900368233920102e-05
1,1,0.9999780982689799
0,0,2.1900368233920102e-05
0,0,2.1900368233920102e-05
0,0,2.1900368233920102e-05
0,0,2.1900368233920102e-05
1,1,0.9999780982689799
0,0,2.1900368233920102e-05
0,0,2.1900368233920102e-05
1,1,0.9999780982689799
0,0,2.1900368233920102e-05
0,0,2.1900368233920102e-05
0,0,2.1900368233920102e-05
0,0,2.1900368233920102e-05
0,0,2.1900368233920102e-05
0,0,2.1900368233920102e-05
0,0,2.1900368233920102e-05
0,0,2.1900368233920102e-05
0,0,2.1900368233920102e-05
0,0,2.1900368233920102e-05
0,0,2.1849638289488447e-05
0,0,2.1900368233920102e-05
0,0,2.1900368233920102e-05
0,0,2.1900368233920102e-05
1,1,0.9999780982689799
0,0,2.1900368233920102e-05
0,0,2.1900368233920102e-05
0,0,2.1900368233920102e-05
0,0,2.1900368233920102e-05
0,0,2.1900368233920102e-05
0,0,2.1900368233920102e-05
0,0,2.1900368233920102e-05
0,0,2.1900368233920102e-05
0,0,2.1900368233920102e-05
0,0,2.1900368233920102e-05
0,0,2.1900368233920102e-05
0,0,2.1900368233920102e-05
0,0,2.1900368233920102e-05
0,0,2.1900368233920102e-05
1,1,0.9999780982689799
0,0,2.1900368233920102e-05
0,0,2.1900368233920102e-05
0,0,2.1900368233920102e-05
1,1,0.9999780982689799
0,0,2.1900368233920102e-05
0,0,2.1900368233920102e-05
0,0,2.1900368233920102e-05
0,0,2.1900368233920102e-05
0,0,2.1900368233920102e-05
1,1,0.9999780982689799
1,1,0.9999780982689799
0,0,2.1900368233920102e-05
0,0,2.1900368233920102e-05
0,0,2.1900368233920102e-05
0,0,2.1900368233920102e-05
1,1,0.9999780982689799
0,0,2.1900368233920102e-05
0,0,2.1900368233920102e-05
0,0,2.1900368233920102e-05
0,0,2.1900368233920102e-05
0,0,2.1900368233920102e-05
0,0,2.1900368233920102e-05
0,0,2.1900368233920102e-05
0,0,2.1900368233920102e-05
0,0,2.1900368233920102e-05
0,0,2.1900368233920102e-05
0,0,2.1900368233920102e-05
0,0,2.1900368233920102e-05
0,0,2.1900368233920102e-05
0,0,2.1900368233920102e-05
0,0,2.1849638289488447e-05
0,0,2.1900368233920102e-05
0,0,2.1900368233920102e-05
0,0,2.1900368233920102e-05
0,0,2.1900368233920102e-05
0,0,2.1900368233920102e-05
0,0,2.1900368233920102e-05
0,0,2.1900368233920102e-05
0,0,2.1900368233920102e-05
0,0,2.1900368233920102e-05
0,0,2.1900368233920102e-05
0,0,2.1900368233920102e-05
0,0,2.1900368233920102e-05
0,0,2.1900368233920102e-05
1,1,0.9999780982689799
0,0,2.1900368233920102e-05
0,0,2.1900368233920102e-05
0,0,2.1900368233920102e-05
0,0,2.190032900518737e-05
0,0,2.1900368233920102e-05
0,0,2.1900368233920102e-05
0,0,2.1900368233920102e-05
0,0,2.1900368233920102e-05
0,0,2.190032900518737e-05
0,0,2.1900368233920102e-05
0,0,2.1900368233920102e-05
0,0,2.1900368233920102e-05
0,0,2.1900368233920102e-05
0,0,2.1849638289488447e-05
0,0,2.1900368233920102e-05
0,0,2.1900368233920102e-05
0,0,2.1900368233920102e-05
0,0,2.1900368233920102e-05
1,1,0.9999780982689799
0,0,2.1900368233920102e-05
0,0,2.1900368233920102e-05
0,0,2.1900368233920102e-05
0,0,2.1900368233920102e-05
0,0,2.1900368233920102e-05
0,0,2.1900368233920102e-05
0,0,2.818537850368306e-05
0,0,2.1900368233920102e-05
0,0,2.1900368233920102e-05
1,1,0.9999780982689799
0,0,2.1849638289488447e-05
0,0,2.1900368233920102e-05
0,0,2.190032900518737e-05
0,0,2.1900368233920102e-05
0,0,2.190032900518737e-05
0,0,2.1900368233920102e-05
0,0,2.1900368233920102e-05
0,0,2.1900368233920102e-05
1,1,0.9999780982689799
0,0,2.1900368233920102e-05
1,1,0.9999780982689799
0,0,2.1900368233920102e-05
1,1,0.9999782095372216
1,1,0.9999780982689799
0,0,2.1900368233920102e-05
0,0,2.1900368233920102e-05
0,0,2.1900368233920102e-05
1,1,0.9999780982689799
0,0,2.1900368233920102e-05
0,0,2.190032900518737e-05
0,0,2.1900368233920102e-05
1,1,0.9999780982689799
0,0,2.1900368233920102e-05
0,0,2.1900368233920102e-05
0,0,2.1900368233920102e-05
0,0,2.1900368233920102e-05
0,0,2.190032900518737e-05
0,0,2.1900368233920102e-05
0,0,2.1900368233920102e-05
0,0,2.1900368233920102e-05
1,1,0.9999780982689799
0,0,2.1900368233920102e-05
1,1,0.9999780982689799
0,0,2.1900368233920102e-05
0,0,2.190032900518737e-05
0,0,2.1900368233920102e-05
0,0,2.1900368233920102e-05
1,1,0.9999780982689799
0,0,2.1900368233920102e-05
0,0,2.1900368233920102e-05
0,0,2.1900368233920102e-05
1,1,0.9999780982689799
0,0,2.1900368233920102e-05
0,0,2.1900368233920102e-05
0,0,2.1900368233920102e-05
0,0,2.1900368233920102e-05
0,0,2.1900368233920102e-05
0,0,2.1900368233920102e-05
0,0,2.1900368233920102e-05
0,0,2.1900368233920102e-05
0,0,2.1900368233920102e-05
0,0,2.1900368233920102e-05
0,0,2.1900368233920102e-05
0,0,2.1900368233920102e-05
1,1,0.9999780982689799
0,0,2.1900368233920102e-05
0,0,2.1900368233920102e-05
0,0,2.1900368233920102e-05
0,0,2.1900368233920102e-05
1,1,0.9999780982689799
0,0,2.1900368233920102e-05
0,0,2.1900368233920102e-05
0,0,2.1900368233920102e-05
0,0,2.1849638289488447e-05
1,1,0.9999780982689799
0,0,2.1900368233920102e-05
0,0,2.1900368233920102e-05
1,1,0.9999780982689799
1,1,0.9999681497601605
0,0,2.1900368233920102e-05
0,0,2.1900368233920102e-05
0,0,2.1900368233920102e-05
0,0,0.0004572909354125165
0,0,2.1900368233920102e-05
0,0,2.190032900518737e-05
0,0,2.1900368233920102e-05
0,0,2.1900368233920102e-05
0,0,2.1900368233920102e-05
1,1,0.9999780982689799
0,0,2.1900368233920102e-05
0,0,2.4686458475037785e-05
0,0,2.190032900518737e-05
0,0,2.1900368233920102e-05
0,0,2.1900368233920102e-05
0,0,2.1900368233920102e-05
0,0,2.1849638289488447e-05
0,0,2.1900368233920102e-05
1,1,0.9999780982689799
0,0,2.1900368233920102e-05
0,0,2.1900368233920102e-05
0,0,2.1900368233920102e-05
0,0,2.1900368233920102e-05
0,0,2.1900368233920102e-05
0,0,2.1900368233920102e-05
0,0,2.1900368233920102e-05
0,0,2.1900368233920102e-05
0,0,2.1900368233920102e-05
0,0,2.1900368233920102e-05
0,0,2.1900368233920102e-05
0,0,2.1900368233920102e-05
0,0,2.1900368233920102e-05
0,0,2.1900368233920102e-05
0,0,2.1900368233920102e-05
0,0,2.1900368233920102e-05
0,0,2.190032900518737e-05
0,0,2.1900368233920102e-05
0,0,2.1849638289488447e-05
0,0,2.1900368233920102e-05
0,0,2.1849638289488447e-05
0,0,2.1900368233920102e-05
0,0,2.1900368233920102e-05
0,0,2.1900368233920102e-05
0,0,2.1900368233920102e-05
0,0,2.1900368233920102e-05
0,0,2.1900368233920102e-05
0,0,2.1900368233920102e-05
0,0,2.1900368233920102e-05
0,0,2.190032900518737e-05
1,1,0.9999780982689799
0,0,0.00011279964258765475
0,0,2.1900368233920102e-05
0,0,2.1900368233920102e-05
0,0,2.1900368233920102e-05
0,0,2.1900368233920102e-05
0,0,2.1900368233920102e-05
1,1,0.9999780982689799
0,0,2.1900368233920102e-05
0,0,2.1849638289488447e-05
0,0,2.1900368233920102e-05
0,0,2.1900368233920102e-05
0,0,2.1900368233920102e-05
0,0,2.1900368233920102e-05
0,0,2.1900368233920102e-05
0,0,2.1900368233920102e-05
0,0,2.1900368233920102e-05
0,0,2.1900368233920102e-05
0,0,2.1900368233920102e-05
0,0,2.1900368233920102e-05
1,1,0.9999780982689799
0,0,2.1900368233920102e-05
0,0,2.1900368233920102e-05
0,0,2.1900368233920102e-05
0,0,2.1900368233920102e-05
0,0,2.1900368233920102e-05
1,1,0.9999780982689799
0,0,2.1900368233920102e-05
0,0,2.1849638289488447e-05
0,0,2.1900368233920102e-05
0,0,2.1900368233920102e-05
0,0,2.1900368233920102e-05
0,0,2.1900368233920102e-05
0,0,2.1900368233920102e-05
0,0,2.1900368233920102e-05
0,0,2.1900368233920102e-05
1,1,0.9999780982689799
0,0,2.1900368233920102e-05
0,0,2.1900368233920102e-05
0,0,2.1900368233920102e-05
0,0,2.1900368233920102e-05
1,1,0.9999781072907488
0,0,2.1900368233920102e-05
1,1,0.9999780982689799
0,0,2.168441260205949e-05
0,0,2.1900368233920102e-05
0,0,2.1900368233920102e-05
0,0,2.1900368233920102e-05
0,0,2.1900368233920102e-05
1,1,0.9999780982689799
1,1,0.9999780982689799
0,0,2.1900368233920102e-05
0,0,2.1900368233920102e-05
0,0,2.1900368233920102e-05
0,0,2.1900368233920102e-05
0,0,2.1849638289488447e-05
0,0,2.1900368233920102e-05
0,0,2.1900368233920102e-05
1,1,0.9999780982689799
0,0,2.1850810655113965e-05
0,0,2.1900368233920102e-05
0,0,2.1900368233920102e-05
0,0,2.1900368233920102e-05
0,0,2.1900368233920102e-05
0,0,2.1900368233920102e-05
0,0,2.1900368233920102e-05
1,1,0.9995867964537807
1,1,0.9999780982689799
0,0,2.1900368233920102e-05
0,0,2.1900368233920102e-05
0,0,2.1900368233920102e-05
0,0,2.1900368233920102e-05
0,0,2.1900368233920102e-05
0,0,2.190032900518737e-05
1,1,0.9999793633060708
0,0,2.1900368233920102e-05
0,0,2.190032900518737e-05
1,1,0.9999780982689799
1,1,0.9999780982689799
0,0,2.1900368233920102e-05
0,0,2.1900368233920102e-05
0,0,2.1900368233920102e-05
0,0,2.1900368233920102e-05
1,1,0.9999780982689799
0,0,2.1900368233920102e-05
0,0,2.1900368233920102e-05
0,0,2.1900368233920102e-05
0,0,2.1900368233920102e-05
0,0,2.1900368233920102e-05
0,0,2.190032900518737e-05
0,0,2.1900368233920102e-05
0,0,2.1900368233920102e-05
0,0,2.1849638289488447e-05
1,1,0.9999780982689799
0,0,2.1900368233920102e-05
0,0,2.1900368233920102e-05
1,1,0.9999780982689799
0,0,2.1900368233920102e-05
1,1,0.9999780982689799
0,0,2.1849638289488447e-05
0,0,2.1900368233920102e-05
1,1,0.9999780982689799
0,0,2.1900368233920102e-05
0,0,2.1900368233920102e-05
0,0,2.1900368233920102e-05
0,0,2.1900368233920102e-05
0,0,2.1900368233920102e-05
0,0,2.1900368233920102e-05
0,0,2.1900368233920102e-05
1,1,0.9999780982689799
0,0,2.1900368233920102e-05
0,0,2.1900368233920102e-05
0,0,2.1900368233920102e-05
0,0,2.1900368233920102e-05
1,1,0.9999780982689799
1,1,0.9999780982689799
0,0,2.1219298852346862e-05
0,0,2.1693070649453014e-05
1,1,0.9999780982689799
1,1,0.9999780982689799
1,1,0.9999780982689799
0,0,2.1900368233920102e-05
0,0,2.1900368233920102e-05
0,0,2.1900368233920102e-05
0,0,2.1900368233920102e-05
0,0,2.1900368233920102e-05
1,1,0.9999780982689799
1,1,0.9999780982689799
0,0,2.1900368233920102e-05
0,0,2.190032900518737e-05
0,0,2.1849104616737714e-05
0,0,2.1900368233920102e-05
0,0,2.1900368233920102e-05
0,0,2.1900368233920102e-05
0,0,2.1900368233920102e-05
0,0,2.1900368233920102e-05
0,0,2.1900368233920102e-05
0,0,2.1900368233920102e-05
0,0,2.1900368233920102e-05
0,0,2.1900368233920102e-05
0,0,2.1900368233920102e-05
1,1,0.9999780982689799
1,1,0.9999780982689799
0,0,2.1900368233920102e-05
0,0,2.1900368233920102e-05
0,0,2.1900368233920102e-05
0,0,2.190032900518737e-05
0,0,2.1900368233920102e-05
0,0,2.1900368233920102e-05
0,0,2.1900368233920102e-05
1,1,0.9999780982689799
1,1,0.9999780982689799
0,0,2.1900368233920102e-05
0,0,2.1900368233920102e-05
0,0,2.1900368233920102e-05
0,0,2.1900368233920102e-05
0,0,2.1900368233920102e-05
0,0,2.1900368233920102e-05
1,1,0.9999780982689799
0,0,2.1900368233920102e-05
0,0,2.1900368233920102e-05
0,0,2.1900368233920102e-05
1,1,0.9999780982689799
1,1,0.9999780982689799
1,1,0.9999780982689799
1,1,0.9999780982689799
0,0,2.1850216823955003e-05
0,0,2.1900368233920102e-05
0,0,2.190032900518737e-05
1,1,0.9999780982689799
0,0,2.1900368233920102e-05
0,0,2.1900368233920102e-05
1,1,0.9999780982689799
0,0,2.1900368233920102e-05
0,0,2.1900368233920102e-05
0,0,2.180649931902061e-05
0,0,2.1900368233920102e-05
0,0,2.1900368233920102e-05
1,1,0.9999780982689799
0,0,2.1900368233920102e-05
1,1,0.9999780982689799
0,0,2.1900368233920102e-05
0,0,2.1900368233920102e-05
0,0,2.1900368233920102e-05
0,0,2.1900368233920102e-05
0,0,2.1900368233920102e-05
0,0,2.1900368233920102e-05
0,0,2.1900368233920102e-05
0,0,2.1900368233920102e-05
0,0,2.1900368233920102e-05
0,0,2.1900368233920102e-05
1,1,0.9999780982689799
0,0,2.1900368233920102e-05
0,0,2.1900368233920102e-05
0,0,2.1759094668752983e-05
0,0,2.1900368233920102e-05
0,0,2.1900368233920102e-05
0,0,2.1900368233920102e-05
0,0,2.1900368233920102e-05
0,0,2.1900368233920102e-05
0,0,2.1900368233920102e-05
0,0,2.1900368233920102e-05
0,0,2.1900368233920102e-05
0,0,2.1900368233920102e-05
0,0,2.1900368233920102e-05
0,0,2.1900368233920102e-05
1,1,0.9999780982689799
1,1,0.9999780982689799
0,0,2.1900368233920102e-05
0,0,2.1900368233920102e-05
1,1,0.9999780982689799
0,0,2.1900368233920102e-05
0,0,2.1900368233920102e-05
0,0,2.1900368233920102e-05
0,0,2.1900368233920102e-05
0,0,2.1900368233920102e-05
0,0,2.1900368233920102e-05
0,0,2.1900368233920102e-05
0,0,2.1900368233920102e-05
0,0,2.1900368233920102e-05
0,0,2.1900368233920102e-05
0,0,2.1900368233920102e-05
0,0,2.1900368233920102e-05
1,1,0.9999780982689799
0,0,2.1900368233920102e-05
0,0,2.1900368233920102e-05
1,1,0.9999780982689799
0,0,2.1900368233920102e-05
0,0,2.1900368233920102e-05
0,0,2.1849638289488447e-05
0,0,2.1900368233920102e-05
0,0,2.1900368233920102e-05
0,0,7.147413096988617e-05
0,0,2.1900368233920102e-05
0,0,2.1900368233920102e-05
0,0,2.1900368233920102e-05
0,0,2.1900368233920102e-05
0,0,2.1900368233920102e-05
1,1,0.9999780982689799
0,0,2.1900368233920102e-05
0,0,2.1900368233920102e-05
0,0,2.1900368233920102e-05
0,0,2.1900368233920102e-05
1,1,0.9999780982689799
0,0,2.1900368233920102e-05
0,0,2.1900368233920102e-05
0,0,2.1900368233920102e-05
0,0,2.1900368233920102e-05
0,0,2.1900368233920102e-05
0,0,2.1900368233920102e-05
0,0,2.1849638289488447e-05
0,0,2.1900368233920102e-05
0,0,2.190032900518737e-05
0,0,2.1900368233920102e-05
0,0,2.1900368233920102e-05
0,0,2.1900368233920102e-05
0,0,2.1900368233920102e-05
0,0,2.1686938306470504e-05
0,0,2.1900368233920102e-05
0,0,2.1900368233920102e-05
0,0,2.1900368233920102e-05
0,0,2.1900368233920102e-05
0,0,2.1900368233920102e-05
0,0,2.1900368233920102e-05
0,0,2.1900368233920102e-05
0,0,2.1900368233920102e-05
0,0,2.1900368233920102e-05
0,0,2.1900368233920102e-05
0,0,2.1900368233920102e-05
0,0,2.1900368233920102e-05
0,0,2.1900368233920102e-05
1,1,0.9999780982689799
0,0,2.1849638289488447e-05
0,0,2.1900368233920102e-05
0,0,2.1900368233920102e-05
0,0,2.1900368233920102e-05
0,0,2.1900368233920102e-05
0,0,2.1900368233920102e-05
0,0,2.1900368233920102e-05
0,0,2.1900368233920102e-05
0,0,2.1900368233920102e-05
1,1,0.9999780982689799
0,0,2.1900368233920102e-05
1,1,0.9999780982689799
0,0,2.1900368233920102e-05
0,0,2.1900368233920102e-05
0,0,2.1900368233920102e-05
0,0,2.1900368233920102e-05
0,0,2.1900368233920102e-05
0,0,2.1900368233920102e-05
0,0,2.1900368233920102e-05
0,0,2.1900368233920102e-05
0,0,2.1900368233920102e-05
0,0,2.1900368233920102e-05
0,0,2.1900368233920102e-05
0,0,2.1900368233920102e-05
0,0,2.190032900518737e-05
0,0,2.1900368233920102e-05
1,1,0.9997440647748453
0,0,2.1900368233920102e-05
0,0,2.1900368233920102e-05
0,0,2.1900368233920102e-05
0,0,2.1900368233920102e-05
0,0,2.1900368233920102e-05
0,0,2.1900368233920102e-05
1,1,0.9999780982689799
0,0,2.1849638289488447e-05
0,0,2.1900368233920102e-05
0,0,2.1900368233920102e-05
1,1,0.9999780982689799
1,1,0.9999780982689799
0,0,2.1900368233920102e-05
0,0,2.1900368233920102e-05
0,0,2.1900368233920102e-05
0,0,2.1900368233920102e-05
0,0,2.1900368233920102e-05
0,0,2.1900368233920102e-05
0,0,2.1900368233920102e-05
0,0,2.1900368233920102e-05
1,1,0.9999780982689799
0,0,2.1900368233920102e-05
0,0,2.1900368233920102e-05
0,0,2.1900368233920102e-05
0,0,2.1900368233920102e-05
0,0,2.1900368233920102e-05
0,0,2.1900368233920102e-05
0,0,2.1900368233920102e-05
0,0,2.1900368233920102e-05
1,1,0.9999780982689799
0,0,2.1900368233920102e-05
1,1,0.9999780982689799
1,1,0.9999780982689799
0,0,2.1900368233920102e-05
0,0,2.1900368233920102e-05
1,1,0.9998660962189796
1,1,0.9999780982689799
0,0,2.1900368233920102e-05
0,0,2.1900368233920102e-05
0,0,2.1849638289488447e-05
0,0,2.1900368233920102e-05
0,0,2.190032900518737e-05
0,0,2.1900368233920102e-05
0,0,2.190032900518737e-05
1,1,0.9999768325991072
0,0,2.1759094668752983e-05
1,1,0.9999780982689799
0,0,2.1900368233920102e-05
0,0,2.9718646790227306e-05
0,0,2.1900368233920102e-05
0,0,2.1900368233920102e-05
0,0,2.1900368233920102e-05
0,0,2.190032900518737e-05
0,0,2.1900368233920102e-05
1,1,0.9999780982689799
0,0,2.1900368233920102e-05
0,0,2.1900368233920102e-05
1,1,0.9999780982689799
0,0,2.1900368233920102e-05
0,0,2.1900368233920102e-05
1,1,0.9999780982689799
0,0,2.1900368233920102e-05
0,0,2.1900368233920102e-05
0,0,2.1900368233920102e-05
0,0,2.1849638289488447e-05
0,0,2.1900368233920102e-05
0,0,2.1900368233920102e-05
0,0,2.1900368233920102e-05
0,0,2.1900368233920102e-05
1,1,0.9999780982689799
1,1,0.9999780982689799
0,0,2.1900368233920102e-05
0,0,2.1900368233920102e-05
0,0,2.1900368233920102e-05
0,0,2.1900368233920102e-05
0,0,2.1900368233920102e-05
0,0,2.1900368233920102e-05
0,0,2.1900368233920102e-05
0,0,2.1900368233920102e-05
0,0,2.1900368233920102e-05
0,0,2.1900368233920102e-05
0,0,2.1900368233920102e-05
0,0,2.1900368233920102e-05
0,0,2.1900368233920102e-05
0,0,2.1900368233920102e-05
0,0,2.1900368233920102e-05
0,0,2.1900368233920102e-05
1,1,0.9999780982689799
0,0,2.1900368233920102e-05
1,1,0.9999780982689799
0,0,2.1900368233920102e-05
0,0,2.148748693032921e-05
0,0,2.1900368233920102e-05
0,0,2.1900368233920102e-05
0,0,2.1900368233920102e-05
0,0,2.1900368233920102e-05
0,0,2.1900368233920102e-05
0,0,2.1900368233920102e-05
0,0,2.1900368233920102e-05
1,1,0.9999780982689799
0,0,2.1900368233920102e-05
0,0,2.1900368233920102e-05
0,0,2.1900368233920102e-05
0,0,2.1900368233920102e-05
0,0,2.1900368233920102e-05
0,0,2.190032900518737e-05
1,1,0.9999780982689799
0,0,2.1849638289488447e-05
0,0,2.1900368233920102e-05
0,0,2.1900368233920102e-05
0,0,2.1900368233920102e-05
0,0,2.1900368233920102e-05
0,0,2.1900368233920102e-05
0,0,2.1900368233920102e-05
1,1,0.9999780982689799
1,1,0.9999780982689799
0,0,2.1900368233920102e-05
0,0,2.1900368233920102e-05
0,0,2.1849638289488447e-05
0,0,2.1900368233920102e-05
0,0,2.1900368233920102e-05
0,0,2.1900368233920102e-05
1,1,0.9999780982689799
0,0,2.1900368233920102e-05
0,0,2.1900368233920102e-05
1,1,0.9999780982689799
0,0,2.1900368233920102e-05
1,1,0.9999780982689799
0,0,2.1900368233920102e-05
0,0,2.1900368233920102e-05
0,0,2.1900368233920102e-05
0,0,2.1900368233920102e-05
0,0,2.1900368233920102e-05
1,1,0.9999780982689799
1,1,0.9999780982689799
0,0,2.190032900518737e-05
0,0,2.1900368233920102e-05
1,1,0.9999780982689799
0,0,2.1900368233920102e-05
0,0,2.1900368233920102e-05
1,1,0.9999780982689799
0,0,2.1900368233920102e-05
1,1,0.9999780982689799
0,0,2.1900368233920102e-05
0,0,2.1900368233920102e-05
0,0,2.1900368233920102e-05
0,0,2.1900368233920102e-05
0,0,2.1900368233920102e-05
0,0,2.1900368233920102e-05
0,0,2.1900368233920102e-05
0,0,2.1900368233920102e-05
0,0,2.1900368233920102e-05
0,0,2.1900368233920102e-05
0,0,2.1900368233920102e-05
0,0,2.1900368233920102e-05
0,0,2.190032900518737e-05
0,0,2.1900368233920102e-05
0,0,2.1900368233920102e-05
0,0,2.1900368233920102e-05
0,0,2.1900368233920102e-05
0,0,2.1900368233920102e-05
0,0,2.1900368233920102e-05
0,0,2.1900368233920102e-05
0,0,2.1900368233920102e-05
0,0,2.1900368233920102e-05
0,0,2.1900368233920102e-05
0,0,2.1900368233920102e-05
0,0,2.190032900518737e-05
0,0,2.1900368233920102e-05
0,0,2.1900368233920102e-05
0,0,2.1900368233920102e-05
0,0,2.160057294560227e-05
1,1,0.9999780982689799
0,0,2.1644071335919784e-05
0,0,2.1900368233920102e-05
0,0,2.1900368233920102e-05
0,0,2.1900368233920102e-05
1,1,0.9999780982689799
0,0,2.1900368233920102e-05
0,0,2.1900368233920102e-05
0,0,2.1900368233920102e-05
0,0,2.1900368233920102e-05
0,0,2.1900368233920102e-05
0,0,2.1759094668752983e-05
0,0,2.1900368233920102e-05
0,0,2.1900368233920102e-05
0,0,2.1900368233920102e-05
0,0,2.1900368233920102e-05
1,1,0.9999780982689799
0,0,2.1900368233920102e-05
1,1,0.9999780982689799
0,0,2.1900368233920102e-05
0,0,2.1900368233920102e-05
1,1,0.9999780982689799
0,0,2.1900368233920102e-05
0,0,2.1900368233920102e-05
1,1,0.9999780982689799
0,0,2.1900368233920102e-05
0,0,2.1900368233920102e-05
1,1,0.9999780982689799
0,0,2.190032900518737e-05
0,0,2.1900368233920102e-05
0,0,2.1900368233920102e-05
0,0,3.778021704094154e-05
0,0,2.1900368233920102e-05
0,0,2.190032900518737e-05
0,0,2.1900368233920102e-05
0,0,2.1900368233920102e-05
1,1,0.9999780982689799
0,0,2.1900368233920102e-05
1,1,0.9999780982689799
0,0,2.1900368233920102e-05
1,1,0.9999780982689799
0,0,2.1900368233920102e-05
0,0,2.1900368233920102e-05
0,0,2.1900368233920102e-05
1,1,0.9999780982689799
0,0,2.1900368233920102e-05
0,0,2.1900368233920102e-05
1,1,0.9999780982689799
0,0,2.1900368233920102e-05
1,1,0.9999780982689799
0,0,2.1900368233920102e-05
0,0,2.1900368233920102e-05
0,0,2.1849638289488447e-05
0,0,2.1900368233920102e-05
1,1,0.9999780982689799
0,0,2.1900368233920102e-05
0,0,2.1900368233920102e-05
0,0,2.1900368233920102e-05
0,0,2.1900368233920102e-05
0,0,2.1900368233920102e-05
0,0,2.1900368233920102e-05
0,0,2.1900368233920102e-05
1,1,0.9999780982689799
1,1,0.9999780982689799
0,0,2.1900368233920102e-05
0,0,2.1900368233920102e-05
0,0,2.1900368233920102e-05
0,0,2.190032900518737e-05
0,0,2.2798939554795958e-05
1,1,0.9999780982689799
0,0,2.1900368233920102e-05
0,0,2.1900368233920102e-05
0,0,2.1900368233920102e-05
0,0,2.3441493158276658e-05
0,0,2.1900368233920102e-05
0,0,2.1900368233920102e-05
0,0,2.1900368233920102e-05
0,0,2.1900368233920102e-05
0,0,2.1849638289488447e-05
0,0,2.1900368233920102e-05
0,0,2.1900368233920102e-05
0,0,2.1900368233920102e-05
1,1,0.9999780982689799
0,0,2.1849638289488447e-05
0,0,2.1849638289488447e-05
0,0,2.1900368233920102e-05
0,0,2.190032900518737e-05
0,0,2.1900368233920102e-05
0,0,2.1900368233920102e-05
0,0,2.1900368233920102e-05
0,0,2.1900368233920102e-05
0,0,2.1900368233920102e-05
0,0,2.1849638289488447e-05
0,0,2.1900368233920102e-05
0,0,2.1900368233920102e-05
0,0,2.1900368233920102e-05
0,0,2.1900368233920102e-05
1,1,0.9999780982689799
0,0,2.1900368233920102e-05
0,0,2.1900368233920102e-05
0,0,2.1900368233920102e-05
1,1,0.9999595570936021
0,0,2.1900368233920102e-05
0,0,2.190032900518737e-05
0,0,2.1900368233920102e-05
0,0,2.1900368233920102e-05
0,0,2.1900368233920102e-05
0,0,2.2681802941829723e-05
0,0,2.1900368233920102e-05
1,1,0.9999780982689799
1,1,0.9999780982689799
1,1,0.9999780982689799
0,0,2.1849638289488447e-05
0,0,2.1900368233920102e-05
0,0,2.1900368233920102e-05
0,0,2.1900368233920102e-05
0,0,2.1759094668752983e-05
0,0,2.190032900518737e-05
0,0,2.2377262307646594e-05
0,0,2.1900368233920102e-05
0,0,2.1900368233920102e-05
1,1,0.9999780982689799
0,0,2.1900368233920102e-05
0,0,2.190032900518737e-05
0,0,2.1900368233920102e-05
0,0,2.1900368233920102e-05
0,0,2.1900368233920102e-05
0,0,2.1759094668752983e-05
0,0,2.1900368233920102e-05
0,0,2.1900368233920102e-05
0,0,2.1900368233920102e-05
1,1,0.9999780982689799
0,0,2.1900368233920102e-05
0,0,2.1900368233920102e-05
0,0,2.1900368233920102e-05
1,1,0.9999780982689799
0,0,2.1900368233920102e-05
0,0,2.1900368233920102e-05
0,0,2.1900368233920102e-05
1,1,0.9999780982689799
0,0,2.190032900518737e-05
0,0,2.1900368233920102e-05
0,0,2.1900368233920102e-05
0,0,5.085145368822794e-05
0,0,2.1900368233920102e-05
0,0,2.1900368233920102e-05
0,0,2.1900368233920102e-05
0,0,2.1900368233920102e-05
0,0,2.1900368233920102e-05
0,0,2.1900368233920102e-05
0,0,2.1900368233920102e-05
0,0,2.1900368233920102e-05
0,0,2.1900368233920102e-05
0,0,2.1900368233920102e-05
1,1,0.9999780982689799
0,0,2.1900368233920102e-05
0,0,2.1900368233920102e-05
0,0,2.1900368233920102e-05
1,1,0.9999780982689799
0,0,2.1849638289488447e-05
0,0,2.1900368233920102e-05
1,1,0.9999780982689799
0,0,2.1900368233920102e-05
0,0,2.1900368233920102e-05
0,0,2.190032900518737e-05
0,0,2.1900368233920102e-05
0,0,2.190032900518737e-05
0,0,2.1900368233920102e-05
0,0,2.1900368233920102e-05
0,0,2.1900368233920102e-05
0,0,2.1849638289488447e-05
0,0,2.1900368233920102e-05
0,0,2.1900368233920102e-05
0,0,2.1900368233920102e-05
1,1,0.9999780982689799
0,0,2.1900368233920102e-05
1,1,0.9999780982689799
0,0,2.1900368233920102e-05
0,0,2.1900368233920102e-05
0,0,2.1849638289488447e-05
0,0,2.1900368233920102e-05
0,0,2.1900368233920102e-05
0,0,2.1900368233920102e-05
0,0,2.1900368233920102e-05
0,0,2.190032900518737e-05
0,0,2.1900368233920102e-05
0,0,2.1849638289488447e-05
1,1,0.9999780982689799
0,0,2.1900368233920102e-05
0,0,2.1900368233920102e-05
0,0,2.1849638289488447e-05
0,0,2.1900368233920102e-05
1,1,0.9999780982689799
1,1,0.9999780982689799
0,0,2.1900368233920102e-05
0,0,2.1900368233920102e-05
0,0,2.1900368233920102e-05
0,0,2.7077465055170885e-05
0,0,2.1900368233920102e-05
0,0,2.1900368233920102e-05
0,0,2.1900368233920102e-05
0,0,2.1900368233920102e-05
0,0,2.1900368233920102e-05
0,0,2.1900368233920102e-05
0,0,2.1900368233920102e-05
0,0,2.1900368233920102e-05
0,0,2.1900368233920102e-05
1,1,0.9999780982689799
0,0,2.1900368233920102e-05
0,0,2.1900368233920102e-05
1,1,0.9999780982689799
1,1,0.9999780982689799
0,0,2.1900368233920102e-05
1,1,0.9999780982689799
0,0,2.1900368233920102e-05
0,0,2.1900368233920102e-05
0,0,2.1900368233920102e-05
1,1,0.9999780982689799
0,0,2.1900368233920102e-05
0,0,2.1900368233920102e-05
0,0,2.1900368233920102e-05
0,0,2.1900368233920102e-05
1,1,0.9999780982689799
0,0,2.1900368233920102e-05
1,1,0.9999780982689799
0,0,2.1900368233920102e-05
0,0,2.1900368233920102e-05
1,1,0.9999780982689799
0,0,2.1900368233920102e-05
0,0,2.1900368233920102e-05
0,0,2.1900368233920102e-05
0,0,2.1900368233920102e-05
0,0,2.1900368233920102e-05
0,0,2.1900368233920102e-05
0,0,2.1900368233920102e-05
0,0,2.1900368233920102e-05
1,1,0.9999780982689799
0,0,2.190032900518737e-05
0,0,2.1900368233920102e-05
0,0,2.1900368233920102e-05
0,0,2.1900368233920102e-05
0,0,2.1900368233920102e-05
0,0,2.1900368233920102e-05
0,0,2.1900368233920102e-05
0,0,2.1900368233920102e-05
0,0,2.1900368233920102e-05
1,1,0.9999780982689799
0,0,2.1900368233920102e-05
0,0,2.190032900518737e-05
0,0,2.1900368233920102e-05
0,0,2.3441493158276658e-05
0,0,2.1900368233920102e-05
0,0,2.1900368233920102e-05
1,1,0.9999780982689799
0,0,2.1900368233920102e-05
0,0,2.1900368233920102e-05
1,1,0.9999780982689799
0,0,2.1900368233920102e-05
1,1,0.9999780982689799
0,0,2.1900368233920102e-05
0,0,2.190032900518737e-05
0,0,2.1900368233920102e-05
0,0,2.1900368233920102e-05
0,0,2.1900368233920102e-05
0,0,2.1900368233920102e-05
0,0,2.1900368233920102e-05
0,0,5.91378227610033e-05
0,0,2.1900368233920102e-05
0,0,2.1900368233920102e-05
0,0,2.1900368233920102e-05
0,0,2.1900368233920102e-05
0,0,2.1900368233920102e-05
0,0,4.2419775891107305e-05
0,0,2.1900368233920102e-05
0,0,2.1900368233920102e-05
0,0,2.1900368233920102e-05
0,0,2.1900368233920102e-05
1,1,0.9999780982689799
0,0,2.1900368233920102e-05
0,0,2.1900368233920102e-05
0,0,2.1849638289488447e-05
0,0,2.1900368233920102e-05
0,0,2.1900368233920102e-05
0,0,2.1900368233920102e-05
1,1,0.9999780982689799
0,0,2.1900368233920102e-05
0,0,2.1900368233920102e-05
0,0,2.1900368233920102e-05
0,0,2.1900368233920102e-05
0,0,2.1849638289488447e-05
0,0,2.1900368233920102e-05
0,0,2.1900368233920102e-05
0,0,2.1900368233920102e-05
0,0,2.1900368233920102e-05
0,0,2.1900368233920102e-05
1,1,0.9999642390067971
0,0,2.1179874901911334e-05
0,0,0.0005982212393364589
0,0,2.190032900518737e-05
0,0,2.1900368233920102e-05
0,0,2.1900368233920102e-05
0,0,2.7029286446977173e-05
0,0,2.1900368233920102e-05
0,0,2.1849638289488447e-05
0,0,2.1900368233920102e-05
0,0,2.1900368233920102e-05
0,0,2.1900368233920102e-05
0,0,2.1900368233920102e-05
0,0,2.1900368233920102e-05
0,0,2.1900368233920102e-05
0,0,2.1900368233920102e-05
0,0,2.1900368233920102e-05
1,1,0.9999780982689799
0,0,2.1900368233920102e-05
0,0,2.190032900518737e-05
0,0,2.1900368233920102e-05
1,1,0.9995455360497919
0,0,2.1900368233920102e-05
0,0,2.1900368233920102e-05
1,1,0.9999780982689799
0,0,2.1900368233920102e-05
1,1,0.9999780982689799
0,0,2.1900368233920102e-05
0,0,2.1900368233920102e-05
0,0,2.1900368233920102e-05
0,0,2.1900368233920102e-05
1,1,0.9999780982689799
0,0,2.1900368233920102e-05
0,0,2.1900368233920102e-05
0,0,2.1849638289488447e-05
0,0,2.1900368233920102e-05
0,0,2.1900368233920102e-05
0,0,2.1900368233920102e-05
0,0,2.1900368233920102e-05
0,0,2.1900368233920102e-05
0,0,2.1900368233920102e-05
0,0,2.1900368233920102e-05
0,0,2.1900368233920102e-05
0,0,2.1900368233920102e-05
0,0,2.1849638289488447e-05
0,0,2.1900368233920102e-05
0,0,2.1900368233920102e-05
0,0,2.1900368233920102e-05
0,0,2.1809262908510643e-05
0,0,2.1900368233920102e-05
0,0,2.1900368233920102e-05
0,0,2.1900368233920102e-05
0,0,2.1900368233920102e-05
0,0,2.1849638289488447e-05
0,0,2.1900368233920102e-05
1,1,0.9999780982689799
0,0,2.1900368233920102e-05
0,0,2.1900368233920102e-05
0,0,2.1900368233920102e-05
0,0,2.1900368233920102e-05
0,0,2.190032900518737e-05
1,1,0.9999780982689799
1,1,0.9999780982689799
0,0,2.1900368233920102e-05
1,1,0.9999265147431713
1,1,0.9999780982689799
1,1,0.9999780982689799
0,0,2.1900368233920102e-05
0,0,2.1900368233920102e-05
1,1,0.9999780982689799
0,0,2.1900368233920102e-05
0,0,2.1900368233920102e-05
0,0,2.1900368233920102e-05
0,0,2.1900368233920102e-05
0,0,2.309043488898989e-05
0,0,2.168441260205949e-05
0,0,2.1900368233920102e-05
0,0,2.1900368233920102e-05
0,0,2.180649931902061e-05
0,0,2.1900368233920102e-05
0,0,2.1900368233920102e-05
0,0,2.190032900518737e-05
0,0,2.1900368233920102e-05
1,1,0.9999780982689799
1,1,0.9999780982689799
0,0,2.1900368233920102e-05
0,0,2.1900368233920102e-05
0,0,2.1900368233920102e-05
1,1,0.9999780982689799
0,0,2.1900368233920102e-05
0,0,2.1900368233920102e-05
0,0,2.1900368233920102e-05
0,0,2.1900368233920102e-05
0,0,2.1900368233920102e-05
0,0,2.1900368233920102e-05
0,0,2.1900368233920102e-05
0,0,2.1900368233920102e-05
1,1,0.9999780982689799
0,0,2.1900368233920102e-05
0,0,2.1900368233920102e-05
1,1,0.9999780982689799
0,0,2.1900368233920102e-05
0,0,2.1900368233920102e-05
0,0,2.1900368233920102e-05
1,1,0.9999780982689799
0,0,2.1900368233920102e-05
0,0,2.1900368233920102e-05
0,0,2.1900368233920102e-05
0,0,2.1900368233920102e-05
0,0,2.1900368233920102e-05
0,0,2.1900368233920102e-05
0,0,2.1900368233920102e-05
0,0,2.1900368233920102e-05
0,0,2.1900368233920102e-05
0,0,2.1900368233920102e-05
1,1,0.9999780982689799
0,0,2.1900368233920102e-05
0,0,2.1900368233920102e-05
0,0,2.1900368233920102e-05
0,0,2.1900368233920102e-05
0,0,2.1849638289488447e-05
0,0,2.1900368233920102e-05
0,0,2.1900368233920102e-05
0,0,2.1900368233920102e-05
1,1,0.9999478578239848
0,0,2.1900368233920102e-05
1,1,0.9999780982689799
1,1,0.9999780982689799
0,0,2.1900368233920102e-05
0,0,2.1849638289488447e-05
0,0,2.1900368233920102e-05
0,0,2.1900368233920102e-05
1,1,0.9999780982689799
0,0,2.1900368233920102e-05
0,0,2.1900368233920102e-05
1,1,0.9999780982689799
0,0,2.1900368233920102e-05
0,0,2.1900368233920102e-05
0,0,2.1900368233920102e-05
0,0,2.1900368233920102e-05
0,0,2.1900368233920102e-05
0,0,2.1900368233920102e-05
0,0,2.1900368233920102e-05
0,0,2.1900368233920102e-05
0,0,2.1900368233920102e-05
0,0,2.1900368233920102e-05
0,0,2.1900368233920102e-05
0,0,2.1900368233920102e-05
0,0,2.1900368233920102e-05
0,0,2.1900368233920102e-05
0,0,2.1900368233920102e-05
0,0,2.1900368233920102e-05
0,0,2.1900368233920102e-05
0,0,2.1900368233920102e-05
0,0,2.1900368233920102e-05
0,0,2.1849638289488447e-05
0,0,2.1900368233920102e-05
0,0,2.1900368233920102e-05
0,0,2.1900368233920102e-05
1,1,0.9999780982689799
0,0,2.1849638289488447e-05
0,0,2.1900368233920102e-05
1,1,0.9999780982689799
0,0,2.1900368233920102e-05
0,0,2.1900368233920102e-05
0,0,2.1900368233920102e-05
1,1,0.9999780982689799
0,0,2.1900368233920102e-05
0,0,2.1900368233920102e-05
1,1,0.9999780982689799
0,0,2.1900368233920102e-05
0,0,2.1900368233920102e-05
0,0,2.1900368233920102e-05
0,0,2.1900368233920102e-05
0,0,2.1900368233920102e-05
0,0,2.1900368233920102e-05
0,0,2.190032900518737e-05
0,0,2.1900368233920102e-05
0,0,2.1900368233920102e-05
0,0,2.1900368233920102e-05
0,0,2.1900368233920102e-05
0,0,2.1900368233920102e-05
0,0,2.1900368233920102e-05
1,1,0.9999780982689799
0,0,2.1900368233920102e-05
0,0,2.1900368233920102e-05
1,1,0.9999780982689799
0,0,2.1900368233920102e-05
0,0,2.1900368233920102e-05
0,0,2.1900368233920102e-05
0,0,2.1900368233920102e-05
0,0,2.1900368233920102e-05
0,0,2.1900368233920102e-05
0,0,2.1900368233920102e-05
0,0,2.1900368233920102e-05
0,0,2.1900368233920102e-05
0,0,2.1900368233920102e-05
0,0,2.1900368233920102e-05
0,0,2.1900368233920102e-05
0,0,2.1900368233920102e-05
0,0,2.1900368233920102e-05
1,1,0.9999780982689799
0,0,2.1900368233920102e-05
0,0,2.1900368233920102e-05
1,1,0.9999780982689799
1,1,0.9999780982689799
0,0,2.1900368233920102e-05
0,0,2.1900368233920102e-05
0,0,2.1900368233920102e-05
0,0,2.1900368233920102e-05
1,1,0.9999780982689799
0,0,2.1900368233920102e-05
0,0,2.1900368233920102e-05
0,0,2.1900368233920102e-05
0,0,2.1900368233920102e-05
0,0,2.1900368233920102e-05
1,1,0.9999780982689799
0,0,2.1900368233920102e-05
0,0,2.1900368233920102e-05
0,0,2.1900368233920102e-05
0,0,2.1900368233920102e-05
0,0,2.1900368233920102e-05
0,0,2.1900368233920102e-05
0,0,2.1900368233920102e-05
0,0,2.1900368233920102e-05
0,0,2.1900368233920102e-05
0,0,2.1900368233920102e-05
0,0,2.190032900518737e-05
0,0,2.1900368233920102e-05
1,1,0.9999780982689799
0,0,2.1900368233920102e-05
0,0,2.1900368233920102e-05
0,0,2.1900368233920102e-05
1,1,0.9999780982689799
0,0,2.1900368233920102e-05
0,0,2.1900368233920102e-05
0,0,2.1900368233920102e-05
0,0,2.1900368233920102e-05
0,0,2.1900368233920102e-05
0,0,2.1900368233920102e-05
0,0,2.1900368233920102e-05
0,0,2.1900368233920102e-05
0,0,2.1900368233920102e-05
0,0,2.1900368233920102e-05
0,0,2.1900368233920102e-05
0,0,2.1900368233920102e-05
0,0,2.1900368233920102e-05
0,0,2.1900368233920102e-05
0,0,2.1900368233920102e-05
0,0,2.1900368233920102e-05
0,0,2.1900368233920102e-05
0,0,2.1900368233920102e-05
0,0,2.1900368233920102e-05
0,0,2.1900368233920102e-05
0,0,2.1900368233920102e-05
0,0,2.1900368233920102e-05
0,0,2.190032900518737e-05
0,0,2.1900368233920102e-05
1,1,0.9999780982689799
0,0,2.1849638289488447e-05
0,0,2.1900368233920102e-05
0,0,3.6618916638114825e-05
0,0,2.1900368233920102e-05
0,0,2.1900368233920102e-05
0,0,2.1849638289488447e-05
1,1,0.9999780982689799
0,0,2.1900368233920102e-05
0,0,2.1900368233920102e-05
0,0,2.1900368233920102e-05
0,0,2.1900368233920102e-05
0,0,2.1900368233920102e-05
0,0,2.1900368233920102e-05
0,0,2.1900368233920102e-05
0,0,2.1900368233920102e-05
0,0,2.1900368233920102e-05
0,0,2.1900368233920102e-05
0,0,2.1849638289488447e-05
0,0,2.1900368233920102e-05
0,0,2.1900368233920102e-05
0,0,2.180649931902061e-05
0,0,2.1900368233920102e-05
0,0,2.160057294560227e-05
0,0,2.1900368233920102e-05
0,0,2.1849638289488447e-05
0,0,2.1900368233920102e-05
1,1,0.9999780982689799
1,1,0.9999780982689799
0,0,2.1900368233920102e-05
0,0,2.1900368233920102e-05
0,0,2.1900368233920102e-05
0,0,2.1900368233920102e-05
0,0,2.1900368233920102e-05
0,0,2.1900368233920102e-05
0,0,2.8347575251495477e-05
0,0,2.1900368233920102e-05
0,0,2.1900368233920102e-05
1,0,0.0002789066797575009
0,0,2.1900368233920102e-05
0,0,2.1900368233920102e-05
0,0,2.1900368233920102e-05
0,0,2.1900368233920102e-05
0,0,2.1900368233920102e-05
0,0,2.1900368233920102e-05
0,0,2.1900368233920102e-05
0,0,2.1900368233920102e-05
0,0,2.1900368233920102e-05
1,1,0.9999780982689799
0,0,2.1900368233920102e-05
0,0,2.1900368233920102e-05
0,0,2.1900368233920102e-05
0,0,2.1849638289488447e-05
0,0,2.1900368233920102e-05
0,0,2.1900368233920102e-05
0,0,2.1900368233920102e-05
0,0,2.1900368233920102e-05
0,0,2.1900368233920102e-05
1,1,0.9999780982689799
0,0,2.1900368233920102e-05
0,0,2.1900368233920102e-05
0,0,2.1900368233920102e-05
0,0,2.190032900518737e-05
0,0,2.1849638289488447e-05
0,0,2.1900368233920102e-05
0,0,2.1900368233920102e-05
1,1,0.9999780982689799
0,0,2.1900368233920102e-05
0,0,2.1900368233920102e-05
0,0,2.1900368233920102e-05
0,0,2.1900368233920102e-05
0,0,2.1900368233920102e-05
0,0,2.1900368233920102e-05
0,0,2.1900368233920102e-05
0,0,2.1900368233920102e-05
0,0,2.1900368233920102e-05
1,1,0.9999780982689799
0,0,2.1900368233920102e-05
0,0,2.1900368233920102e-05
0,0,2.1900368233920102e-05
0,0,2.1900368233920102e-05
0,0,2.1900368233920102e-05
0,0,2.1900368233920102e-05
0,0,2.190032900518737e-05
0,0,2.1900368233920102e-05
0,0,2.1900368233920102e-05
1,1,0.9999780982689799
0,0,7.358732054706122e-05
0,0,2.1900368233920102e-05
0,0,2.1900368233920102e-05
0,0,2.1849638289488447e-05
0,0,2.180649931902061e-05
0,0,2.1900368233920102e-05
0,0,2.1900368233920102e-05
0,0,2.1900368233920102e-05
0,0,2.1900368233920102e-05
0,0,2.1900368233920102e-05
0,0,2.1900368233920102e-05
0,0,2.1900368233920102e-05
0,0,2.1900368233920102e-05
0,0,2.1900368233920102e-05
0,0,2.1900368233920102e-05
0,0,2.1900368233920102e-05
0,0,2.1900368233920102e-05
0,0,2.1900368233920102e-05
0,0,2.1900368233920102e-05
0,0,2.1900368233920102e-05
0,0,2.1900368233920102e-05
0,0,2.1900368233920102e-05
1,1,0.9999780982689799
1,1,0.9999780982689799
0,0,2.1900368233920102e-05
0,0,2.1900368233920102e-05
0,0,2.1900368233920102e-05
0,0,2.1900368233920102e-05
0,0,2.1900368233920102e-05
0,0,2.1900368233920102e-05
0,0,2.1900368233920102e-05
0,0,2.1900368233920102e-05
0,0,2.1900368233920102e-05
0,0,2.1900368233920102e-05
0,0,2.1900368233920102e-05
0,0,2.1900368233920102e-05
0,0,2.190032900518737e-05
0,0,2.1900368233920102e-05
1,1,0.9999780982689799
0,0,2.1900368233920102e-05
0,0,2.1900368233920102e-05
0,0,2.1900368233920102e-05
0,0,2.1900368233920102e-05
0,0,2.1900368233920102e-05
1,1,0.99972112237153
1,1,0.9999780982689799
0,0,2.1900368233920102e-05
0,0,2.1900368233920102e-05
0,0,2.1900368233920102e-05
0,0,2.1900368233920102e-05
0,0,2.1900368233920102e-05
0,0,2.1900368233920102e-05
0,0,2.1900368233920102e-05
0,0,2.1900368233920102e-05
1,1,0.9999780982689799
0,0,2.190032900518737e-05
1,1,0.9999780982689799
1,1,0.9999374679625573
0,0,2.1900368233920102e-05
0,0,2.1900368233920102e-05
0,0,2.1900368233920102e-05
0,0,2.1900368233920102e-05
0,0,2.1900368233920102e-05
0,0,2.1900368233920102e-05
1,1,0.9999780982689799
0,0,2.1900368233920102e-05
0,0,2.1900368233920102e-05
0,0,2.1900368233920102e-05
1,1,0.9999780982689799
0,0,2.1900368233920102e-05
0,0,2.1900368233920102e-05
0,0,2.1900368233920102e-05
0,0,2.1900368233920102e-05
0,0,2.1900368233920102e-05
0,0,2.1900368233920102e-05
0,0,2.1900368233920102e-05
0,0,2.1900368233920102e-05
0,0,2.1849638289488447e-05
0,0,2.1849638289488447e-05
0,0,2.1900368233920102e-05
1,1,0.9999780982689799
0,0,2.1900368233920102e-05
0,0,2.1900368233920102e-05
0,0,2.1900368233920102e-05
0,0,2.1900368233920102e-05
0,0,2.1900368233920102e-05
0,0,2.1900368233920102e-05
0,0,2.1900368233920102e-05
0,0,2.1900368233920102e-05
0,0,2.1900368233920102e-05
0,0,2.1900368233920102e-05
0,0,2.1900368233920102e-05
0,0,2.1900368233920102e-05
0,0,2.1900368233920102e-05
0,0,2.1900368233920102e-05
0,0,2.1900368233920102e-05
0,0,2.1900368233920102e-05
1,1,0.9999780982689799
0,0,2.1900368233920102e-05
0,0,2.1900368233920102e-05
0,0,2.1900368233920102e-05
1,1,0.9999780982689799
1,1,0.9999780982689799
0,0,2.1900368233920102e-05
1,1,0.9999780982689799
1,1,0.9999780982689799
0,0,2.1900368233920102e-05
0,0,2.1900368233920102e-05
0,0,2.1900368233920102e-05
0,0,2.1900368233920102e-05
0,0,2.1900368233920102e-05
0,0,2.1900368233920102e-05
1,1,0.9999780982689799
0,0,2.1900368233920102e-05
0,0,2.1900368233920102e-05
0,0,2.1900368233920102e-05
0,0,2.1900368233920102e-05
1,1,0.9999718084501471
0,0,2.1900368233920102e-05
0,0,2.1900368233920102e-05
0,0,2.1900368233920102e-05
0,0,2.1900368233920102e-05
1,1,0.9999780982689799
1,1,0.9999780982689799
1,1,0.8532963544206698
0,0,2.1900368233920102e-05
0,0,2.1900368233920102e-05
0,0,2.1900368233920102e-05
0,0,2.1900368233920102e-05
0,0,2.1900368233920102e-05
1,1,0.9999780982689799
0,0,2.1900368233920102e-05
0,0,2.1900368233920102e-05
0,0,2.1900368233920102e-05
0,0,2.1900368233920102e-05
0,0,2.1900368233920102e-05
0,0,2.1900368233920102e-05
0,0,2.1900368233920102e-05
0,0,2.1900368233920102e-05
0,0,2.1900368233920102e-05
0,0,2.1900368233920102e-05
0,0,2.1900368233920102e-05
0,0,2.1900368233920102e-05
0,0,2.1900368233920102e-05
0,0,2.1900368233920102e-05
0,0,2.1900368233920102e-05
1,1,0.9999780982689799
1,1,0.9999780982689799
0,0,2.1900368233920102e-05
0,0,2.190032900518737e-05
0,0,2.1900368233920102e-05
0,0,2.1900368233920102e-05
0,0,2.1900368233920102e-05
1,1,0.9999780982689799
0,0,2.1900368233920102e-05
0,0,2.1900368233920102e-05
0,0,2.190032900518737e-05
1,1,0.9999780982689799
0,0,2.1900368233920102e-05
0,0,2.1849638289488447e-05
0,0,2.1900368233920102e-05
0,0,2.1900368233920102e-05
0,0,2.1900368233920102e-05
1,1,0.9999780982689799
0,0,2.1900368233920102e-05
0,0,2.1900368233920102e-05
0,0,2.1900368233920102e-05
0,0,2.1900368233920102e-05
0,0,2.1900368233920102e-05
0,0,2.1900368233920102e-05
0,0,2.1900368233920102e-05
0,0,2.1900368233920102e-05
0,0,2.1716809773558755e-05
1,1,0.9999780982689799
0,0,2.1900368233920102e-05
0,0,2.1900368233920102e-05
1,1,0.9999780982689799
0,0,2.1849638289488447e-05
1,1,0.9999780982689799
0,0,2.1900368233920102e-05
1,1,0.9999780982689799
1,1,0.9999780982689799
0,0,2.190032900518737e-05
0,0,2.1900368233920102e-05
1,1,0.9999780982689799
0,0,2.1900368233920102e-05
0,0,2.1900368233920102e-05
0,0,2.1849638289488447e-05
0,0,2.1900368233920102e-05
0,0,2.1900368233920102e-05
0,0,2.1900368233920102e-05
0,0,2.1900368233920102e-05
0,0,2.1900368233920102e-05
0,0,2.190032900518737e-05
0,0,2.1900368233920102e-05
1,1,0.9999780982689799
0,0,2.1900368233920102e-05
0,0,2.1900368233920102e-05
1,1,0.9999780982689799
1,1,0.9999780982689799
0,0,2.1900368233920102e-05
0,0,2.190032900518737e-05
0,0,2.1900368233920102e-05
0,0,2.1900368233920102e-05
0,0,2.1900368233920102e-05
0,0,2.1900368233920102e-05
0,0,2.1900368233920102e-05
0,0,2.1900368233920102e-05
1,1,0.9999780982689799
0,0,2.1900368233920102e-05
0,0,2.1900368233920102e-05
0,0,2.190032900518737e-05
0,0,2.1900368233920102e-05
0,0,2.1900368233920102e-05
0,0,2.1900368233920102e-05
1,1,0.9999780982689799
0,0,2.1900368233920102e-05
0,0,2.1900368233920102e-05
0,0,2.1900368233920102e-05
0,0,2.1900368233920102e-05
0,0,2.1900368233920102e-05
0,0,2.1900368233920102e-05
0,0,2.1900368233920102e-05
1,1,0.9999780982689799
0,0,2.1900368233920102e-05
1,1,0.9999439398806972
0,0,2.1900368233920102e-05
0,0,2.1900368233920102e-05
1,1,0.9999782091676533
0,0,2.1900368233920102e-05
0,0,2.1900368233920102e-05
0,0,2.1900368233920102e-05
0,0,2.1900368233920102e-05
0,0,2.1900368233920102e-05
0,0,2.1900368233920102e-05
0,0,2.1900368233920102e-05
0,0,2.1900368233920102e-05
0,0,2.1900368233920102e-05
0,0,2.1900368233920102e-05
0,0,2.223199134544354e-05
0,0,2.1900368233920102e-05
0,0,2.1900368233920102e-05
0,0,2.190032900518737e-05
0,0,2.1900368233920102e-05
0,0,2.1900368233920102e-05
0,0,2.1849638289488447e-05
0,0,2.1900368233920102e-05
0,0,2.1900368233920102e-05
0,0,2.1900368233920102e-05
0,0,2.1900368233920102e-05
1,1,0.9999780982689799
1,1,0.9999780982689799
0,0,2.1900368233920102e-05
0,0,2.1900368233920102e-05
0,0,2.1900368233920102e-05
0,0,2.1900368233920102e-05
0,0,2.1900368233920102e-05
0,0,2.1900368233920102e-05
1,1,0.9999781072907488
1,1,0.9999780982689799
0,0,2.1900368233920102e-05
0,0,3.474082707857022e-05
1,1,0.9999780982689799
0,0,2.1900368233920102e-05
0,0,2.1900368233920102e-05
0,0,2.1900368233920102e-05
0,0,2.1900368233920102e-05
0,0,2.1900368233920102e-05
0,0,2.190032900518737e-05
0,0,2.1900368233920102e-05
0,0,2.1900368233920102e-05
1,1,0.9999780982689799
0,0,2.190032900518737e-05
0,0,2.1900368233920102e-05
0,0,2.1900368233920102e-05
0,0,2.1900368233920102e-05
0,0,2.1900368233920102e-05
0,0,2.1900368233920102e-05
1,1,0.9999780982689799
0,0,2.1900368233920102e-05
0,0,2.1900368233920102e-05
0,0,2.1900368233920102e-05
0,0,2.1900368233920102e-05
0,0,2.1900368233920102e-05
0,0,2.1900368233920102e-05
0,0,2.1900368233920102e-05
0,0,2.1900368233920102e-05
1,1,0.9999780982689799
0,0,2.1900368233920102e-05
0,0,2.1900368233920102e-05
0,0,2.1900368233920102e-05
0,0,2.1900368233920102e-05
0,0,2.1900368233920102e-05
0,0,2.1900368233920102e-05
0,0,2.5760737136188858e-05
0,0,2.1849638289488447e-05
1,1,0.9999780982689799
0,0,2.1900368233920102e-05
0,0,2.1900368233920102e-05
0,0,2.1900368233920102e-05
1,1,0.9999782112648317
0,0,2.1900368233920102e-05
0,0,2.1900368233920102e-05
0,0,2.1900368233920102e-05
1,1,0.9999780982689799
0,0,2.1900368233920102e-05
0,0,2.1900368233920102e-05
0,0,2.1900368233920102e-05
0,0,2.1900368233920102e-05
0,0,2.1900368233920102e-05
0,0,2.6700241174855577e-05
0,0,2.1900368233920102e-05
0,0,2.1900368233920102e-05
0,0,2.1900368233920102e-05
0,0,2.1900368233920102e-05
0,0,2.1900368233920102e-05
1,1,0.9999780982689799
0,0,2.1900368233920102e-05
0,0,2.1900368233920102e-05
0,0,2.1900368233920102e-05
0,0,2.1900368233920102e-05
1,1,0.9999780982689799
0,0,2.1900368233920102e-05
0,0,2.1900368233920102e-05
0,0,2.1849638289488447e-05
0,0,2.1900368233920102e-05
1,1,0.9999780982689799
0,0,2.1900368233920102e-05
0,0,2.1900368233920102e-05
0,0,2.1900368233920102e-05
0,0,2.1900368233920102e-05
1,1,0.9999780982689799
0,0,2.1900368233920102e-05
0,0,2.1900368233920102e-05
0,0,2.1900368233920102e-05
0,0,2.1330153707727502e-05
0,0,2.1900368233920102e-05
0,0,2.1900368233920102e-05
0,0,2.1900368233920102e-05
0,0,2.1900368233920102e-05
0,0,2.1900368233920102e-05
0,0,2.1900368233920102e-05
0,0,2.1900368233920102e-05
1,1,0.9999780982689799
0,0,2.1900368233920102e-05
0,0,2.1849638289488447e-05
0,0,2.1900368233920102e-05
0,0,2.1900368233920102e-05
0,0,2.1900368233920102e-05
0,0,2.1900368233920102e-05
0,0,2.1900368233920102e-05
0,0,2.1900368233920102e-05
0,0,2.1900368233920102e-05
0,0,2.1849638289488447e-05
1,1,0.9999780982689799
0,0,2.1900368233920102e-05
0,0,2.1900368233920102e-05
0,0,2.1900368233920102e-05
1,1,0.9999780982689799
1,1,0.9999780982689799
0,0,2.190032900518737e-05
1,1,0.9999780982689799
0,0,2.1900368233920102e-05
0,0,2.1900368233920102e-05
0,0,2.3754520989194338e-05
0,0,2.1900368233920102e-05
0,0,2.1900368233920102e-05
0,0,2.1900368233920102e-05
0,0,2.1900368233920102e-05
1,1,0.9999780982689799
0,0,2.1900368233920102e-05
0,0,2.1900368233920102e-05
1,1,0.9999780982689799
0,0,2.1900368233920102e-05
0,0,2.1900368233920102e-05
1,1,0.9999780982689799
0,0,2.1900368233920102e-05
1,1,0.9999780982689799
0,0,2.1900368233920102e-05
0,0,2.1900368233920102e-05
0,0,2.1900368233920102e-05
0,0,8.376717776085501e-05
0,0,2.1900368233920102e-05
0,0,2.1900368233920102e-05
1,1,0.9999780982689799
0,0,2.1900368233920102e-05
0,0,2.190032900518737e-05
0,0,2.1900368233920102e-05
1,1,0.9999780982689799
0,0,2.1900368233920102e-05
0,0,2.1849638289488447e-05
0,0,2.1900368233920102e-05
0,0,2.1900368233920102e-05
1,1,0.9999780982689799
0,0,2.190032900518737e-05
1,1,0.9999780982689799
0,0,2.1900368233920102e-05
0,0,2.1900368233920102e-05
0,0,2.1900368233920102e-05
0,0,2.1900368233920102e-05
0,0,2.1900368233920102e-05
1,1,0.9996656072648625
0,0,2.1900368233920102e-05
0,0,2.1900368233920102e-05
0,0,2.1900368233920102e-05
0,0,2.1900368233920102e-05
1,1,0.9999780982689799
0,0,2.1900368233920102e-05
0,0,2.1900368233920102e-05
1,1,0.9999780982689799
0,0,2.1900368233920102e-05
0,0,2.1900368233920102e-05
0,0,2.1216610019343522e-05
0,0,2.1900368233920102e-05
0,0,2.1900368233920102e-05
1,1,0.9999780982689799
0,0,2.1900368233920102e-05
0,0,2.1900368233920102e-05
0,0,4.2488774906552287e-05
0,0,2.1900368233920102e-05
0,0,2.1849638289488447e-05
0,0,2.1849638289488447e-05
0,0,2.1621747464432284e-05
0,0,2.1900368233920102e-05
0,0,2.1900368233920102e-05
0,0,2.1900368233920102e-05
1,1,0.9999780982689799
0,0,2.1900368233920102e-05
1,1,0.9999780982689799
0,0,2.1900368233920102e-05
0,0,2.1900368233920102e-05
0,0,2.1900368233920102e-05
0,0,2.1849638289488447e-05
0,0,2.1900368233920102e-05
0,0,2.1900368233920102e-05
0,0,2.1900368233920102e-05
0,0,2.1900368233920102e-05
0,0,2.1900368233920102e-05
0,0,2.1900368233920102e-05
1,1,0.9999780982689799
0,0,2.1900368233920102e-05
0,0,2.1900368233920102e-05
1,1,0.9999780982689799
0,0,2.1900368233920102e-05
0,0,2.1900368233920102e-05
0,0,2.1900368233920102e-05
0,0,2.1900368233920102e-05
0,0,2.1900368233920102e-05
0,0,2.1900368233920102e-05
0,0,2.1900368233920102e-05
1,1,0.9999780982689799
1,1,0.9999780982689799
0,0,2.1900368233920102e-05
0,0,2.1900368233920102e-05
0,0,2.1900368233920102e-05
0,0,2.1900368233920102e-05
0,0,2.1900368233920102e-05
0,0,2.1900368233920102e-05
0,0,2.1900368233920102e-05
0,0,2.1900368233920102e-05
0,0,2.190032900518737e-05
1,1,0.9999780982689799
0,0,2.1849638289488447e-05
0,0,2.1900368233920102e-05
0,0,2.1900368233920102e-05
0,0,2.1900368233920102e-05
0,0,2.1900368233920102e-05
0,0,2.1900368233920102e-05
1,1,0.9999780982689799
0,0,2.1900368233920102e-05
0,0,2.1900368233920102e-05
1,1,0.9999178560170543
0,0,2.1900368233920102e-05
0,0,2.1900368233920102e-05
0,0,2.1900368233920102e-05
0,0,2.1900368233920102e-05
0,0,2.1900368233920102e-05
0,0,2.190032900518737e-05
0,0,2.1900368233920102e-05
1,1,0.9999780982689799
1,1,0.9999780982689799
1,1,0.9999780982689799
0,0,2.1900368233920102e-05
0,0,2.1900368233920102e-05
0,0,2.1900368233920102e-05
0,0,2.1900368233920102e-05
0,0,2.1900368233920102e-05
0,0,2.1900368233920102e-05
0,0,2.1900368233920102e-05
0,0,2.1900368233920102e-05
0,0,2.1900368233920102e-05
0,0,2.1900368233920102e-05
0,0,2.1900368233920102e-05
0,0,2.1900368233920102e-05
0,0,2.1900368233920102e-05
0,0,2.1900368233920102e-05
0,0,2.1900368233920102e-05
0,0,2.1900368233920102e-05
1,1,0.9999780982689799
0,0,2.1900368233920102e-05
0,0,2.1900368233920102e-05
1,1,0.9999780982689799
0,0,2.1900368233920102e-05
0,0,2.1900368233920102e-05
1,1,0.9999780982689799
1,1,0.9999780982689799
0,0,2.1900368233920102e-05
0,0,2.1900368233920102e-05
0,0,2.1900368233920102e-05
0,0,2.1900368233920102e-05
0,0,2.1900368233920102e-05
0,0,2.1900368233920102e-05
0,0,2.1900368233920102e-05
0,0,2.1900368233920102e-05
0,0,2.1900368233920102e-05
0,0,2.1900368233920102e-05
1,1,0.9999780982689799
0,0,2.190032900518737e-05
0,0,2.1900368233920102e-05
0,0,2.1900368233920102e-05
0,0,2.1900368233920102e-05
0,0,2.1900368233920102e-05
1,1,0.9999780982689799
0,0,2.1900368233920102e-05
0,0,2.1900368233920102e-05
1,1,0.9999780982689799
1,1,0.9999780982689799
0,0,2.1900368233920102e-05
1,1,0.9999780982689799
0,0,2.1900368233920102e-05
0,0,2.1900368233920102e-05
0,0,2.1900368233920102e-05
0,0,2.1900368233920102e-05
0,0,2.1900368233920102e-05
0,0,2.1900368233920102e-05
0,0,2.1900368233920102e-05
0,0,2.1900368233920102e-05
0,0,2.1900368233920102e-05
0,0,2.1900368233920102e-05
0,0,2.1849638289488447e-05
0,0,2.1900368233920102e-05
0,0,2.1900368233920102e-05
0,0,2.1900368233920102e-05
0,0,2.1900368233920102e-05
0,0,2.190032900518737e-05
0,0,2.1849638289488447e-05
0,0,2.1900368233920102e-05
0,0,2.1900368233920102e-05
0,0,2.1925979335394848e-05
0,0,2.1900368233920102e-05
0,0,2.1900368233920102e-05
1,1,0.9999780982689799
0,0,2.1900368233920102e-05
0,0,2.1900368233920102e-05
0,0,2.1900368233920102e-05
1,1,0.9999780982689799
0,0,2.1900368233920102e-05
0,0,5.200463425501017e-05
0,0,2.1900368233920102e-05
1,1,0.9999780982689799
1,1,0.9999780982689799
0,0,2.1900368233920102e-05
0,0,2.1900368233920102e-05
0,0,2.1900368233920102e-05
1,1,0.9999780982689799
0,0,2.6720451332614916e-05
0,0,2.1900368233920102e-05
0,0,2.1900368233920102e-05
0,0,2.1900368233920102e-05
0,0,2.1900368233920102e-05
1,1,0.9999780982689799
0,0,2.1900368233920102e-05
0,0,2.1900368233920102e-05
0,0,2.1900368233920102e-05
1,1,0.9999780982689799
0,0,2.1900368233920102e-05
0,0,2.1900368233920102e-05
0,0,2.1900368233920102e-05
1,1,0.9999780982689799
1,1,0.9999780982689799
0,0,2.1900368233920102e-05
0,0,2.1900368233920102e-05
0,0,2.1849638289488447e-05
0,0,2.1900368233920102e-05
0,0,2.1850216823955003e-05
1,1,0.9999780982689799
0,0,2.1900368233920102e-05
0,0,2.1548206643576956e-05
0,0,2.1900368233920102e-05
0,0,2.1900368233920102e-05
0,0,2.190032900518737e-05
0,0,2.1900368233920102e-05
1,1,0.9999780982689799
0,0,2.1900368233920102e-05
0,0,2.1900368233920102e-05
0,0,2.1900368233920102e-05
0,0,2.1900368233920102e-05
0,0,2.1900368233920102e-05
1,1,0.9999780982689799
0,0,2.1900368233920102e-05
0,0,2.1849638289488447e-05
0,0,2.1900368233920102e-05
0,0,2.1900368233920102e-05
0,0,2.1900368233920102e-05
0,0,2.1900368233920102e-05
0,0,2.1900368233920102e-05
0,0,2.1900368233920102e-05
1,1,0.9999780982689799
1,1,0.9999780982689799
0,0,2.1900368233920102e-05
0,0,2.1900368233920102e-05
0,0,2.1900368233920102e-05
0,0,2.1900368233920102e-05
0,0,2.1900368233920102e-05
0,0,2.1900368233920102e-05
0,0,1.7043635404634388e-05
0,0,2.1900368233920102e-05
0,0,2.1900368233920102e-05
1,1,0.9999782115187699
0,0,2.1900368233920102e-05
0,0,2.1900368233920102e-05
0,0,2.1900368233920102e-05
0,0,2.1849638289488447e-05
0,0,2.1900368233920102e-05
0,0,2.1900368233920102e-05
0,0,2.1900368233920102e-05
0,0,2.1849638289488447e-05
0,0,2.1900368233920102e-05
0,0,2.1900368233920102e-05
0,0,2.1900368233920102e-05
0,0,2.1900368233920102e-05
0,0,2.1900368233920102e-05
0,0,2.1900368233920102e-05
0,0,2.1900368233920102e-05
0,0,2.1900368233920102e-05
0,0,2.1900368233920102e-05
0,0,2.1900368233920102e-05
1,1,0.9999780982689799
0,0,2.1900368233920102e-05
0,0,2.1900368233920102e-05
0,0,2.1900368233920102e-05
0,0,2.1900368233920102e-05
0,0,2.1849638289488447e-05
0,0,2.1900368233920102e-05
0,0,2.1900368233920102e-05
0,0,2.1900368233920102e-05
0,0,2.190032900518737e-05
0,0,2.1900368233920102e-05
0,0,2.1900368233920102e-05
0,0,2.1900368233920102e-05
0,0,2.1900368233920102e-05
0,0,2.1900368233920102e-05
0,0,2.1900368233920102e-05
0,0,2.1900368233920102e-05
0,0,2.1900368233920102e-05
0,0,2.1900368233920102e-05
0,0,2.1900368233920102e-05
0,0,2.163765449622024e-05
0,0,2.1900368233920102e-05
0,0,2.1900368233920102e-05
0,0,2.1849638289488447e-05
0,0,2.1849638289488447e-05
0,0,2.1900368233920102e-05
0,0,2.1900368233920102e-05
0,0,2.1900368233920102e-05
0,0,2.1900368233920102e-05
1,1,0.9999780982689799
1,1,0.9999780982689799
1,1,0.9999780982689799
0,0,2.1900368233920102e-05
1,1,0.9999780982689799
0,0,2.1900368233920102e-05
0,0,2.1900368233920102e-05
0,0,2.1900368233920102e-05
0,0,2.1900368233920102e-05
0,0,2.1900368233920102e-05
1,1,0.9999780982689799
1,1,0.9999780982689799
0,0,2.1900368233920102e-05
0,0,2.1900368233920102e-05
1,1,0.9999780982689799
0,0,2.1900368233920102e-05
0,0,2.1900368233920102e-05
0,0,2.1900368233920102e-05
0,0,2.1900368233920102e-05
0,0,2.190032900518737e-05
0,0,2.1900368233920102e-05
0,0,2.1900368233920102e-05
1,1,0.9999780982689799
1,1,0.9999780982689799
0,0,2.1900368233920102e-05
1,1,0.9999780982689799
1,1,0.9999780982689799
0,0,2.1900368233920102e-05
0,0,2.1900368233920102e-05
0,0,2.1900368233920102e-05
0,0,2.1900368233920102e-05
0,0,2.1900368233920102e-05
1,1,0.9999780982689799
1,1,0.9999780982689799
0,0,2.1900368233920102e-05
0,0,2.1900368233920102e-05
0,0,2.1900368233920102e-05
0,0,2.1900368233920102e-05
0,0,2.1900368233920102e-05
0,0,2.1900368233920102e-05
0,0,2.1900368233920102e-05
0,0,2.1900368233920102e-05
0,0,2.190032900518737e-05
0,0,2.1900368233920102e-05
0,0,2.190032900518737e-05
0,0,2.1900368233920102e-05
0,0,2.1900368233920102e-05
0,0,2.1900368233920102e-05
0,0,2.1900368233920102e-05
0,0,2.1900368233920102e-05
0,0,2.1900368233920102e-05
1,1,0.9999780982689799
0,0,2.1900368233920102e-05
1,1,0.9999780982689799
0,0,2.1900368233920102e-05
0,0,2.6507214089599458e-05
0,0,2.1900368233920102e-05
0,0,2.1900368233920102e-05
0,0,2.1900368233920102e-05
1,1,0.9999780982689799
0,0,2.1900368233920102e-05
0,0,2.1900368233920102e-05
1,1,0.9999780982689799
0,0,2.1900368233920102e-05
1,1,0.9999780982689799
0,0,2.1900368233920102e-05
0,0,2.1900368233920102e-05
0,0,2.1900368233920102e-05
0,0,2.1900368233920102e-05
0,0,2.1900368233920102e-05
1,1,0.9999192215076957
0,0,2.1900368233920102e-05
0,0,2.1900368233920102e-05
0,0,2.1900368233920102e-05
1,1,0.9999780982689799
0,0,2.1900368233920102e-05
0,0,2.1900368233920102e-05
0,0,2.190032900518737e-05
0,0,2.1849638289488447e-05
0,0,2.1900368233920102e-05
0,0,2.1900368233920102e-05
1,1,0.9999780982689799
0,0,2.190032900518737e-05
0,0,2.1900368233920102e-05
0,0,2.1900368233920102e-05
0,0,2.1900368233920102e-05
0,0,2.182222181106097e-05
0,0,2.1900368233920102e-05
0,0,2.1900368233920102e-05
0,0,2.1900368233920102e-05
0,0,2.1900368233920102e-05
0,0,2.1900368233920102e-05
0,0,2.1900368233920102e-05
1,1,0.9999780982689799
0,0,2.1900368233920102e-05
1,1,0.9999780982689799
0,0,2.1900368233920102e-05
0,0,2.1849638289488447e-05
0,0,2.1900368233920102e-05
1,1,0.9999780982689799
0,0,2.1900368233920102e-05
0,0,2.1849638289488447e-05
0,0,2.1900368233920102e-05
0,0,2.1900368233920102e-05
0,0,2.1900368233920102e-05
1,1,0.9999780982689799
0,0,2.1900368233920102e-05
0,0,2.1900368233920102e-05
0,0,2.1900368233920102e-05
0,0,2.1900368233920102e-05
0,0,2.1900368233920102e-05
0,0,2.1900368233920102e-05
0,0,2.1900368233920102e-05
1,1,0.9999782126833564
0,0,2.1900368233920102e-05
0,0,2.1900368233920102e-05
0,0,2.190032900518737e-05
0,0,2.1900368233920102e-05
1,1,0.9999780982689799
1,1,0.9999780982689799
0,0,2.1900368233920102e-05
0,0,2.1900368233920102e-05
0,0,2.1900368233920102e-05
0,0,2.1900368233920102e-05
0,0,2.190032900518737e-05
0,0,2.1900368233920102e-05
0,0,2.1900368233920102e-05
0,0,2.1900368233920102e-05
0,0,2.1900368233920102e-05
0,0,2.1900368233920102e-05
0,0,2.1900368233920102e-05
0,0,2.168441260205949e-05
0,0,2.1900368233920102e-05
0,0,2.1900368233920102e-05
0,0,2.1900368233920102e-05
0,0,2.1900368233920102e-05
0,0,2.1900368233920102e-05
0,0,2.190032900518737e-05
0,0,2.1900368233920102e-05
1,1,0.9999780982689799
0,0,2.1900368233920102e-05
0,0,2.1900368233920102e-05
0,0,2.1900368233920102e-05
0,0,2.1900368233920102e-05
1,1,0.9999780982689799
0,0,2.1900368233920102e-05
0,0,2.1900368233920102e-05
0,0,2.1900368233920102e-05
0,0,2.1900368233920102e-05
0,0,2.1900368233920102e-05
0,0,2.1900368233920102e-05
0,0,2.1900368233920102e-05
0,0,2.1900368233920102e-05
0,0,2.1900368233920102e-05
0,0,2.1900368233920102e-05
0,0,2.1900368233920102e-05
0,0,2.1900368233920102e-05
0,0,2.190032900518737e-05
0,0,2.1900368233920102e-05
0,0,2.1900368233920102e-05
0,0,2.190032900518737e-05
0,0,2.190032900518737e-05
0,0,2.1900368233920102e-05
0,0,2.1900368233920102e-05
0,0,2.1900368233920102e-05
0,0,2.144801630702229e-05
0,0,2.1900368233920102e-05
0,0,2.1900368233920102e-05
0,0,2.1900368233920102e-05
0,0,2.1900368233920102e-05
0,0,2.1900368233920102e-05
1,1,0.9999780982689799
0,0,2.1900368233920102e-05
0,0,2.1900368233920102e-05
0,0,2.1900368233920102e-05
0,0,2.1900368233920102e-05
0,0,2.1849638289488447e-05
0,0,2.1900368233920102e-05
1,1,0.9999782077488997
0,0,2.1900368233920102e-05
1,1,0.9999780982689799
1,1,0.9999782077488997
0,0,2.1900368233920102e-05
0,0,2.1900368233920102e-05
0,0,2.1900368233920102e-05
0,0,2.190032900518737e-05
0,0,2.1900368233920102e-05
0,0,2.1900368233920102e-05
0,0,2.1900368233920102e-05
0,0,2.1900368233920102e-05
1,1,0.9999780982689799
0,0,2.1900368233920102e-05
0,0,2.1900368233920102e-05
0,0,2.1900368233920102e-05
0,0,2.1900368233920102e-05
1,1,0.9999780982689799
0,0,2.1900368233920102e-05
0,0,2.1900368233920102e-05
1,1,0.9999780982689799
0,0,2.1900368233920102e-05
1,1,0.9999780982689799
0,0,2.1900368233920102e-05
1,1,0.9994954790236941
0,0,2.1900368233920102e-05
0,0,2.1900368233920102e-05
0,0,2.1900368233920102e-05
0,0,2.1900368233920102e-05
0,0,2.1900368233920102e-05
0,0,2.1900368233920102e-05
1,1,0.9999780982689799
0,0,2.1900368233920102e-05
0,0,2.1900368233920102e-05
0,0,2.1900368233920102e-05
0,0,2.190032900518737e-05
0,0,2.1900368233920102e-05
0,0,2.1330153707727502e-05
0,0,2.1900368233920102e-05
0,0,2.1900368233920102e-05
0,0,2.1759094668752983e-05
0,0,2.1900368233920102e-05
1,1,0.9999780982689799
0,0,2.1900368233920102e-05
0,0,2.1900368233920102e-05
0,0,2.1900368233920102e-05
0,0,2.190032900518737e-05
0,0,2.1900368233920102e-05
0,0,2.1900368233920102e-05
0,0,2.1900368233920102e-05
0,0,2.1900368233920102e-05
1,1,0.9999780982689799
0,0,2.1900368233920102e-05
0,0,2.1900368233920102e-05
0,0,2.1900368233920102e-05
0,0,2.1900368233920102e-05
0,0,2.1900368233920102e-05
0,0,2.1900368233920102e-05
0,0,2.1900368233920102e-05
0,0,2.1900368233920102e-05
0,0,2.1900368233920102e-05
0,0,2.190032900518737e-05
0,0,6.304255196653397e-05
0,0,2.1900368233920102e-05
0,0,2.1900368233920102e-05
0,0,2.1900368233920102e-05
0,0,2.1900368233920102e-05
0,0,2.1900368233920102e-05
0,0,2.1900368233920102e-05
0,0,2.1900368233920102e-05
0,0,2.1900368233920102e-05
0,0,2.1900368233920102e-05
0,0,2.1849638289488447e-05
0,0,2.1900368233920102e-05
0,0,2.1900368233920102e-05
1,1,0.9999782126833564
0,0,2.1900368233920102e-05
1,1,0.9999780982689799
0,0,2.1900368233920102e-05
0,0,2.1900368233920102e-05
1,1,0.9999780982689799
0,0,2.1900368233920102e-05
0,0,2.1900368233920102e-05
0,0,2.1900368233920102e-05
0,0,6.608639547951793e-05
0,0,2.1900368233920102e-05
1,1,0.9999780982689799
0,0,2.1900368233920102e-05
0,0,2.1900368233920102e-05
0,0,2.1900368233920102e-05
0,0,2.353972774971165e-05
0,0,2.1900368233920102e-05
0,0,2.1900368233920102e-05
0,0,2.1900368233920102e-05
0,0,2.1900368233920102e-05
0,0,2.1900368233920102e-05
0,0,2.1900368233920102e-05
0,0,2.1900368233920102e-05
0,0,2.1900368233920102e-05
0,0,2.1900368233920102e-05
0,0,2.1900368233920102e-05
0,0,2.1900368233920102e-05
1,1,0.9999780982689799
1,1,0.9999780982689799
0,0,2.190032900518737e-05
0,0,2.1900368233920102e-05
0,0,2.1900368233920102e-05
0,0,2.1900368233920102e-05
0,0,2.1900368233920102e-05
1,1,0.9999780982689799
0,0,2.1900368233920102e-05
0,0,2.7070888422133553e-05
0,0,2.1849638289488447e-05
1,1,0.9999780982689799
0,0,2.190032900518737e-05
0,0,2.1900368233920102e-05
0,0,2.1900368233920102e-05
0,0,2.1900368233920102e-05
0,0,2.880348518722063e-05
0,0,2.1900368233920102e-05
0,0,2.190032900518737e-05
0,0,2.1849638289488447e-05
0,0,2.1900368233920102e-05
0,0,2.180649931902061e-05
0,0,2.1900368233920102e-05
0,0,2.1900368233920102e-05
0,0,2.1900368233920102e-05
0,0,2.190032900518737e-05
0,0,2.1900368233920102e-05
1,1,0.9999780982689799
0,0,2.1900368233920102e-05
0,0,2.1900368233920102e-05
0,0,2.1900368233920102e-05
0,0,2.1900368233920102e-05
0,0,2.1900368233920102e-05
1,1,0.9999780982689799
1,1,0.9999780982689799
0,0,2.1900368233920102e-05
0,0,2.5489809068274927e-05
0,0,2.1900368233920102e-05
0,0,2.1900368233920102e-05
0,0,2.1900368233920102e-05
1,1,0.9999563185804222
0,0,2.1900368233920102e-05
0,0,2.1900368233920102e-05
0,0,2.1900368233920102e-05
0,0,2.1900368233920102e-05
0,0,2.1849638289488447e-05
0,0,2.1849638289488447e-05
0,0,2.9746199096367413e-05
1,1,0.9999780982689799
1,1,0.9999780982689799
1,1,0.9999326767219742
0,0,2.1900368233920102e-05
0,0,2.1900368233920102e-05
0,0,2.1900368233920102e-05
0,0,2.1900368233920102e-05
1,1,0.9999780982689799
0,0,2.1900368233920102e-05
0,0,2.1900368233920102e-05
0,0,2.1900368233920102e-05
0,0,2.1900368233920102e-05
0,0,2.1900368233920102e-05
0,0,2.1900368233920102e-05
0,0,2.1900368233920102e-05
0,0,2.1900368233920102e-05
1,1,0.9999780982689799
0,0,2.1900368233920102e-05
0,0,2.1900368233920102e-05
0,0,2.1900368233920102e-05
0,0,2.1621747464432284e-05
0,0,2.1900368233920102e-05
0,0,2.1900368233920102e-05
0,0,2.1900368233920102e-05
0,0,2.1900368233920102e-05
0,0,2.1900368233920102e-05
0,0,2.1900368233920102e-05
0,0,2.1900368233920102e-05
0,0,2.1900368233920102e-05
0,0,2.1900368233920102e-05
0,0,2.1900368233920102e-05
0,0,2.1900368233920102e-05
0,0,2.1900368233920102e-05
0,0,2.1900368233920102e-05
1,1,0.9999780982689799
0,0,2.1900368233920102e-05
0,0,2.1900368233920102e-05
0,0,2.1900368233920102e-05
0,0,2.1900368233920102e-05
0,0,2.1900368233920102e-05
0,0,2.1900368233920102e-05
0,0,2.1900368233920102e-05
0,0,2.190032900518737e-05
0,0,2.1900368233920102e-05
0,0,2.1900368233920102e-05
0,0,2.1900368233920102e-05
0,0,2.1900368233920102e-05
0,0,2.1900368233920102e-05
0,0,2.1900368233920102e-05
0,0,2.1900368233920102e-05
0,0,2.190032900518737e-05
0,0,2.1900368233920102e-05
0,0,2.1900368233920102e-05
0,0,2.1900368233920102e-05
0,0,2.1900368233920102e-05
0,0,2.1900368233920102e-05
0,0,2.1900368233920102e-05
0,0,2.1900368233920102e-05
1,1,0.9999780982689799
0,0,2.1900368233920102e-05
0,0,2.1900368233920102e-05
0,0,2.1900368233920102e-05
0,0,2.1900368233920102e-05
0,0,2.1900368233920102e-05
1,1,0.9999780982689799
0,0,2.1900368233920102e-05
0,0,2.1900368233920102e-05
1,1,0.9999780982689799
0,0,2.1900368233920102e-05
0,0,2.1900368233920102e-05
0,0,2.1900368233920102e-05
0,0,2.1849638289488447e-05
0,0,2.1900368233920102e-05
0,0,2.1900368233920102e-05
0,0,2.1900368233920102e-05
0,0,2.1900368233920102e-05
0,0,2.1900368233920102e-05
0,0,2.1900368233920102e-05
0,0,2.1900368233920102e-05
1,1,0.9999780982689799
0,0,2.1900368233920102e-05
0,0,2.1900368233920102e-05
0,0,2.1900368233920102e-05
0,0,2.1900368233920102e-05
0,0,2.1900368233920102e-05
1,1,0.9999780982689799
0,0,2.1900368233920102e-05
0,0,2.1900368233920102e-05
0,0,2.1900368233920102e-05
0,0,2.1900368233920102e-05
0,0,2.1900368233920102e-05
0,0,2.1900368233920102e-05
0,0,2.1900368233920102e-05
0,0,2.1900368233920102e-05
0,0,2.1900368233920102e-05
0,0,2.1900368233920102e-05
0,0,2.1900368233920102e-05
1,1,0.9999780982689799
0,0,2.1900368233920102e-05
1,1,0.9857272741716785
0,0,2.1900368233920102e-05
1,1,0.9999780982689799
0,0,2.1900368233920102e-05
0,0,2.190032900518737e-05
0,0,2.1900368233920102e-05
1,1,0.9999780982689799
1,1,0.9999780982689799
1,1,0.9999780982689799
0,0,2.1850216823955003e-05
0,0,2.1900368233920102e-05
0,0,2.1900368233920102e-05
0,0,2.1900368233920102e-05
1,1,0.9999780982689799
0,0,2.1900368233920102e-05
0,0,2.1900368233920102e-05
0,0,2.1900368233920102e-05
0,0,2.1900368233920102e-05
0,0,2.180649931902061e-05
0,0,2.1900368233920102e-05
0,0,2.1900368233920102e-05
0,0,2.1900368233920102e-05
0,0,2.1900368233920102e-05
0,0,2.1900368233920102e-05
0,0,2.1900368233920102e-05
0,0,2.1900368233920102e-05
0,0,2.1900368233920102e-05
0,0,2.1900368233920102e-05
0,0,2.1900368233920102e-05
0,0,2.1900368233920102e-05
1,1,0.9999780982689799
0,0,2.1900368233920102e-05
0,0,2.1900368233920102e-05
1,1,0.9999780982689799
0,0,2.1900368233920102e-05
0,0,2.1900368233920102e-05
1,1,0.9999780982689799
0,0,2.1900368233920102e-05
0,0,2.1900368233920102e-05
0,0,2.190032900518737e-05
0,0,2.1900368233920102e-05
1,1,0.9999780982689799
1,1,0.9999780982689799
1,1,0.9999780982689799
1,1,0.9999780982689799
0,0,2.1900368233920102e-05
0,0,2.1900368233920102e-05
0,0,2.1900368233920102e-05
0,0,2.1900368233920102e-05
0,0,2.1900368233920102e-05
0,0,2.1900368233920102e-05
0,0,2.1900368233920102e-05
0,0,2.1849638289488447e-05
0,0,2.1900368233920102e-05
0,0,2.1900368233920102e-05
0,0,2.1900368233920102e-05
0,0,2.1900368233920102e-05
0,0,2.1900368233920102e-05
0,0,2.1900368233920102e-05
0,0,2.1900368233920102e-05
0,0,2.1900368233920102e-05
1,1,0.9999780982689799
0,0,2.1900368233920102e-05
1,1,0.9999780982689799
1,1,0.9999780982689799
0,0,2.190032900518737e-05
0,0,2.1900368233920102e-05
1,1,0.9999780982689799
0,0,8.935200740653735e-05
0,0,2.1900368233920102e-05
0,0,2.1900368233920102e-05
0,0,2.1900368233920102e-05
0,0,2.1900368233920102e-05
0,0,2.1900368233920102e-05
1,1,0.9999780982689799
0,0,2.1900368233920102e-05
1,1,0.9999780982689799
0,0,2.1900368233920102e-05
0,0,2.1900368233920102e-05
0,0,2.1900368233920102e-05
0,0,3.340073313732474e-05
1,1,0.9999780982689799
0,0,2.1900368233920102e-05
0,0,2.1900368233920102e-05
0,0,2.1900368233920102e-05
0,0,2.1900368233920102e-05
0,0,2.1900368233920102e-05
1,1,0.9999780982689799
0,0,2.1900368233920102e-05
0,0,2.1900368233920102e-05
0,0,2.1849638289488447e-05
0,0,2.1900368233920102e-05
1,1,0.9999780982689799
0,0,2.1900368233920102e-05
0,0,2.1900368233920102e-05
0,0,2.1900368233920102e-05
0,0,2.1900368233920102e-05
0,0,2.1900368233920102e-05
1,1,0.9999780982689799
0,0,2.1900368233920102e-05
0,0,2.1900368233920102e-05
0,0,2.1900368233920102e-05
0,0,2.1900368233920102e-05
0,0,2.1900368233920102e-05
0,0,2.1900368233920102e-05
0,0,2.1900368233920102e-05
0,0,2.1900368233920102e-05
0,0,2.1900368233920102e-05
0,0,2.1900368233920102e-05
0,0,2.1900368233920102e-05
0,0,2.1900368233920102e-05
0,0,2.1900368233920102e-05
0,0,2.1900368233920102e-05
0,0,2.0840178625791537e-05
0,0,2.1900368233920102e-05
0,0,2.1900368233920102e-05
0,0,2.1900368233920102e-05
0,0,2.1900368233920102e-05
0,0,2.1900368233920102e-05
0,0,2.1900368233920102e-05
0,0,2.1900368233920102e-05
0,0,2.1759094668752983e-05
0,0,2.1900368233920102e-05
0,0,2.190032900518737e-05
0,0,2.35437446597984e-05
0,0,2.1900368233920102e-05
0,0,2.1900368233920102e-05
0,0,2.1900368233920102e-05
0,0,2.1900368233920102e-05
0,0,2.1900368233920102e-05
0,0,2.1900368233920102e-05
0,0,2.1900368233920102e-05
0,0,2.1900368233920102e-05
0,0,2.1849638289488447e-05
0,0,2.1900368233920102e-05
0,0,2.1900368233920102e-05
0,0,2.7295192913571255e-05
0,0,2.1900368233920102e-05
0,0,2.1900368233920102e-05
0,0,2.1219298852346862e-05
0,0,2.1900368233920102e-05
0,0,2.1900368233920102e-05
0,0,2.163264947193321e-05
0,0,2.2681802941829723e-05
1,1,0.9999780982689799
0,0,2.1900368233920102e-05
0,0,2.1900368233920102e-05
0,0,2.1900368233920102e-05
0,0,2.1900368233920102e-05
0,0,2.190032900518737e-05
0,0,2.1900368233920102e-05
0,0,2.1900368233920102e-05
0,0,2.1900368233920102e-05
0,0,2.1900368233920102e-05
0,0,2.1900368233920102e-05
0,0,2.1900368233920102e-05
0,0,2.190032900518737e-05
0,0,2.1900368233920102e-05
0,0,2.1900368233920102e-05
0,0,2.1900368233920102e-05
0,0,2.1900368233920102e-05
0,0,2.1900368233920102e-05
0,0,2.1900368233920102e-05
0,0,2.1900368233920102e-05
0,0,2.1900368233920102e-05
0,0,2.1900368233920102e-05
0,0,2.1900368233920102e-05
1,1,0.9999780982689799
0,0,2.1900368233920102e-05
0,0,2.1900368233920102e-05
0,0,2.1900368233920102e-05
0,0,2.1900368233920102e-05
0,0,2.1900368233920102e-05
0,0,2.1900368233920102e-05
0,0,2.1900368233920102e-05
0,0,2.1850216823955003e-05
0,0,2.1900368233920102e-05
1,1,0.9999780982689799
0,0,2.1900368233920102e-05
1,1,0.9999780982689799
0,0,2.1900368233920102e-05
0,0,2.1900368233920102e-05
0,0,2.1900368233920102e-05
0,0,2.1900368233920102e-05
1,1,0.9999780982689799
0,0,2.1900368233920102e-05
0,0,2.1850810655113965e-05
0,0,2.1900368233920102e-05
1,1,0.9999780982689799
0,0,2.1900368233920102e-05
0,0,2.1900368233920102e-05
0,0,2.1900368233920102e-05
0,0,2.1900368233920102e-05
1,1,0.9999780982689799
0,0,2.190032900518737e-05
0,0,2.1900368233920102e-05
0,0,2.1900368233920102e-05
0,0,2.1900368233920102e-05
0,0,2.1900368233920102e-05
0,0,2.1900368233920102e-05
0,0,2.1900368233920102e-05
0,0,2.1849638289488447e-05
0,0,2.1900368233920102e-05
1,1,0.9999780982689799
0,0,2.1900368233920102e-05
0,0,2.190032900518737e-05
1,1,0.9999780982689799
0,0,2.190032900518737e-05
0,0,2.1900368233920102e-05
0,0,2.1900368233920102e-05
0,0,2.1900368233920102e-05
0,0,2.1900368233920102e-05
1,1,0.9999780982689799
1,1,0.9999782126833564
0,0,6.201788456681692e-05
0,0,2.1900368233920102e-05
0,0,2.1900368233920102e-05
1,1,0.9999780982689799
0,0,2.1900368233920102e-05
0,0,2.1900368233920102e-05
0,0,2.1900368233920102e-05
1,1,0.9999780982689799
0,0,2.190032900518737e-05
1,1,0.9999780982689799
0,0,2.1900368233920102e-05
0,0,2.1900368233920102e-05
0,0,2.1900368233920102e-05
0,0,2.1900368233920102e-05
1,1,0.9999780982689799
0,0,2.1900368233920102e-05
0,0,2.1900368233920102e-05
0,0,2.1900368233920102e-05
0,0,2.190032900518737e-05
1,1,0.9999780982689799
0,0,2.1900368233920102e-05
0,0,2.1900368233920102e-05
0,0,2.1900368233920102e-05
0,0,2.1900368233920102e-05
0,0,2.1900368233920102e-05
0,0,2.1900368233920102e-05
1,1,0.9999780982689799
1,1,0.9999780982689799
1,1,0.9999780982689799
0,0,2.1849638289488447e-05
0,0,2.1900368233920102e-05
0,0,2.1900368233920102e-05
0,0,2.1900368233920102e-05
0,0,2.1900368233920102e-05
0,0,2.1900368233920102e-05
0,0,2.1900368233920102e-05
0,0,0.0005102243020672014
0,0,2.1900368233920102e-05
0,0,2.1900368233920102e-05
0,0,2.1900368233920102e-05
0,0,2.1900368233920102e-05
0,0,2.1900368233920102e-05
0,0,2.1900368233920102e-05
0,0,2.1900368233920102e-05
0,0,2.1900368233920102e-05
0,0,2.1900368233920102e-05
0,0,2.1900368233920102e-05
0,0,2.1900368233920102e-05
0,0,2.1900368233920102e-05
0,0,2.1900368233920102e-05
0,0,2.1900368233920102e-05
0,0,2.1900368233920102e-05
0,0,2.1900368233920102e-05
0,0,2.190032900518737e-05
0,0,2.1900368233920102e-05
0,0,2.1900368233920102e-05
0,0,2.1900368233920102e-05
0,0,2.1900368233920102e-05
0,0,2.1900368233920102e-05
0,0,2.1900368233920102e-05
0,0,2.1900368233920102e-05
0,0,2.6356441049214996e-05
0,0,2.1900368233920102e-05
0,0,2.1900368233920102e-05
0,0,2.1900368233920102e-05
0,0,4.105076499319184e-05
0,0,2.1900368233920102e-05
0,0,2.1900368233920102e-05
0,0,2.1900368233920102e-05
0,0,2.1900368233920102e-05
0,0,2.1900368233920102e-05
0,0,2.1850216823955003e-05
0,0,2.1900368233920102e-05
0,0,2.1900368233920102e-05
0,0,2.1900368233920102e-05
0,0,2.1900368233920102e-05
0,0,2.1900368233920102e-05
0,0,2.1900368233920102e-05
1,1,0.999977553209454
0,0,2.1900368233920102e-05
1,1,0.9999780982689799
0,0,2.1900368233920102e-05
0,0,2.1849638289488447e-05
0,0,2.1900368233920102e-05
0,0,2.1900368233920102e-05
0,0,2.1900368233920102e-05
0,0,2.1900368233920102e-05
0,0,2.1900368233920102e-05
0,0,2.1900368233920102e-05
0,0,2.1900368233920102e-05
0,0,2.1900368233920102e-05
0,0,2.1900368233920102e-05
0,0,2.1900368233920102e-05
0,0,2.1900368233920102e-05
0,0,2.1900368233920102e-05
1,1,0.9999780982689799
0,0,2.1900368233920102e-05
1,1,0.9999780982689799
0,0,2.1900368233920102e-05
0,0,2.1900368233920102e-05
0,0,2.1900368233920102e-05
0,0,2.1900368233920102e-05
0,0,2.1900368233920102e-05
1,1,0.9999780982689799
0,0,2.1759094668752983e-05
0,0,2.1900368233920102e-05
0,0,2.1900368233920102e-05
1,1,0.9999780982689799
0,0,2.1900368233920102e-05
0,0,2.1900368233920102e-05
0,0,2.1900368233920102e-05
0,0,2.1900368233920102e-05
1,1,0.9999780982689799
0,0,2.1900368233920102e-05
0,0,2.1900368233920102e-05
0,0,2.1900368233920102e-05
0,0,2.1900368233920102e-05
0,0,2.1900368233920102e-05
0,0,2.1900368233920102e-05
0,0,2.1900368233920102e-05
0,0,2.1900368233920102e-05
0,0,2.1900368233920102e-05
0,0,2.168382108031741e-05
0,0,2.1849638289488447e-05
0,0,2.1900368233920102e-05
0,0,2.1900368233920102e-05
0,0,2.1900368233920102e-05
0,0,2.1849638289488447e-05
0,0,2.3304823402571572e-05
0,0,2.1900368233920102e-05
0,0,2.1900368233920102e-05
0,0,2.1849638289488447e-05
0,0,2.1900368233920102e-05
1,1,0.9999780982689799
1,1,0.9999780982689799
0,0,2.1900368233920102e-05
0,0,2.1900368233920102e-05
0,0,2.1900368233920102e-05
1,1,0.9999780982689799
0,0,2.1900368233920102e-05
0,0,2.1900368233920102e-05
0,0,2.1900368233920102e-05
0,0,2.1900368233920102e-05
1,1,0.9999606514400106
0,0,2.1900368233920102e-05
1,1,0.9999780982689799
0,0,2.1900368233920102e-05
0,0,2.1900368233920102e-05
0,0,2.1900368233920102e-05
0,0,2.1900368233920102e-05
0,0,2.1900368233920102e-05
0,0,2.1900368233920102e-05
0,0,2.1900368233920102e-05
0,0,2.1900368233920102e-05
0,0,2.1900368233920102e-05
0,0,2.1900368233920102e-05
1,1,0.9999780982689799
0,0,2.1900368233920102e-05
0,0,2.190032900518737e-05
0,0,2.1900368233920102e-05
0,0,2.1900368233920102e-05
0,0,2.190032900518737e-05
0,0,2.1900368233920102e-05
0,0,2.1900368233920102e-05
0,0,2.1900368233920102e-05
0,0,2.1900368233920102e-05
1,1,0.9999780982689799
0,0,2.190032900518737e-05
0,0,2.1900368233920102e-05
1,1,0.9999780982689799
0,0,2.1900368233920102e-05
0,0,2.182222181106097e-05
1,1,0.9999780982689799
0,0,2.1900368233920102e-05
0,0,2.1900368233920102e-05
0,0,2.1900368233920102e-05
0,0,2.1900368233920102e-05
1,1,0.9999307234033327
1,1,0.9999780982689799
0,0,2.1900368233920102e-05
1,1,0.9999781217733866
0,0,2.35437446597984e-05
0,0,2.1849638289488447e-05
0,0,2.1900368233920102e-05
0,0,2.1900368233920102e-05
0,0,2.1900368233920102e-05
0,0,2.1900368233920102e-05
0,0,2.1900368233920102e-05
1,1,0.9999780982689799
0,0,2.1900368233920102e-05
0,0,2.1900368233920102e-05
0,0,2.1849638289488447e-05
0,0,2.1900368233920102e-05
0,0,2.1900368233920102e-05
1,1,0.9999780982689799
0,0,2.1900368233920102e-05
0,0,2.1900368233920102e-05
0,0,2.1849638289488447e-05
0,0,2.1900368233920102e-05
0,0,2.1900368233920102e-05
1,1,0.9999780982689799
0,0,2.1900368233920102e-05
0,0,2.1900368233920102e-05
0,0,2.1900368233920102e-05
0,0,2.1900368233920102e-05
0,0,2.1900368233920102e-05
0,0,2.1849638289488447e-05
0,0,2.1900368233920102e-05
0,0,2.1900368233920102e-05
0,0,2.1900368233920102e-05
0,0,2.1900368233920102e-05
0,0,2.190032900518737e-05
0,0,2.1900368233920102e-05
1,1,0.9999516616534386
1,1,0.9999780982689799
0,0,2.1900368233920102e-05
0,0,2.1900368233920102e-05
0,0,2.1686938306470504e-05
0,0,2.1900368233920102e-05
0,0,2.1900368233920102e-05
0,0,2.1900368233920102e-05
0,0,2.1900368233920102e-05
0,0,2.1686938306470504e-05
0,0,2.1900368233920102e-05
1,1,0.9999780982689799
0,0,2.1900368233920102e-05
0,0,2.1900368233920102e-05
0,0,2.1900368233920102e-05
0,0,2.1900368233920102e-05
0,0,2.1900368233920102e-05
0,0,2.1900368233920102e-05
1,1,0.9999780982689799
0,0,2.1900368233920102e-05
0,0,2.1900368233920102e-05
0,0,2.1900368233920102e-05
0,0,2.1900368233920102e-05
0,0,2.1900368233920102e-05
0,0,2.1900368233920102e-05
0,0,2.1900368233920102e-05
0,0,2.1900368233920102e-05
1,1,0.9999780982689799
0,0,2.1900368233920102e-05
0,0,2.1900368233920102e-05
0,0,2.1900368233920102e-05
0,0,2.1849638289488447e-05
0,0,2.1900368233920102e-05
0,0,2.1900368233920102e-05
0,0,2.1900368233920102e-05
1,1,0.9999780982689799
0,0,2.1900368233920102e-05
0,0,2.1900368233920102e-05
0,0,2.1900368233920102e-05
0,0,2.1900368233920102e-05
0,0,2.190032900518737e-05
0,0,2.1900368233920102e-05
0,0,2.1900368233920102e-05
0,0,2.190032900518737e-05
1,1,0.9999780982689799
0,0,2.1900368233920102e-05
0,0,2.1900368233920102e-05
0,0,2.1900368233920102e-05
0,0,2.1900368233920102e-05
0,0,2.1900368233920102e-05
1,1,0.9999780982689799
0,0,2.1900368233920102e-05
0,0,2.1900368233920102e-05
0,0,2.1900368233920102e-05
0,0,2.1900368233920102e-05
1,1,0.9999780982689799
0,0,5.263415024881236e-05
0,0,2.1900368233920102e-05
0,0,2.1900368233920102e-05
0,0,2.1900368233920102e-05
0,0,2.1900368233920102e-05
0,0,2.190032900518737e-05
0,0,2.1900368233920102e-05
0,0,2.1900368233920102e-05
1,1,0.9999780982689799
0,0,2.1900368233920102e-05
0,0,2.1900368233920102e-05
0,0,2.1900368233920102e-05
0,0,2.1900368233920102e-05
0,0,2.1900368233920102e-05
1,1,0.9999780982689799
1,1,0.9999780982689799
0,0,2.1900368233920102e-05
0,0,2.1900368233920102e-05
0,0,2.1849638289488447e-05
0,0,2.1900368233920102e-05
0,0,2.1900368233920102e-05
0,0,2.1900368233920102e-05
0,0,2.1900368233920102e-05
0,0,2.1900368233920102e-05
0,0,2.1900368233920102e-05
0,0,2.190032900518737e-05
0,0,2.1900368233920102e-05
0,0,2.1900368233920102e-05
0,0,2.1900368233920102e-05
0,0,2.190032900518737e-05
0,0,2.1900368233920102e-05
0,0,2.1900368233920102e-05
0,0,2.1900368233920102e-05
1,1,0.9999780982689799
0,0,2.1900368233920102e-05
0,0,2.1900368233920102e-05
0,0,2.1900368233920102e-05
0,0,2.1900368233920102e-05
0,0,2.1900368233920102e-05
0,0,2.1900368233920102e-05
0,0,2.1900368233920102e-05
0,0,2.190032900518737e-05
0,0,2.1900368233920102e-05
0,0,2.1900368233920102e-05
0,0,2.1900368233920102e-05
0,0,2.1900368233920102e-05
0,0,2.1900368233920102e-05
0,0,2.1759094668752983e-05
0,0,2.1849638289488447e-05
0,0,2.1900368233920102e-05
0,0,3.214979133519192e-05
0,0,2.1900368233920102e-05
0,0,2.1900368233920102e-05
0,0,2.1900368233920102e-05
0,0,2.1900368233920102e-05
0,0,2.1900368233920102e-05
0,0,2.1849638289488447e-05
0,0,2.1900368233920102e-05
0,0,2.1900368233920102e-05
0,0,2.1900368233920102e-05
0,0,2.1900368233920102e-05
0,0,2.1900368233920102e-05
0,0,2.1900368233920102e-05
1,1,0.9999780982689799
1,1,0.9999780982689799
0,0,2.1900368233920102e-05
0,0,2.1900368233920102e-05
0,0,2.1900368233920102e-05
0,0,2.190032900518737e-05
0,0,2.1900368233920102e-05
0,0,2.1900368233920102e-05
1,1,0.9999780982689799
0,0,2.1900368233920102e-05
0,0,2.1900368233920102e-05
0,0,2.1900368233920102e-05
0,0,2.1900368233920102e-05
0,0,2.1900368233920102e-05
0,0,2.1900368233920102e-05
0,0,2.1900368233920102e-05
0,0,2.1900368233920102e-05
1,1,0.9999780982689799
0,0,2.1900368233920102e-05
0,0,2.1900368233920102e-05
0,0,2.1900368233920102e-05
0,0,2.1900368233920102e-05
0,0,2.1900368233920102e-05
1,1,0.9999780982689799
0,0,2.1900368233920102e-05
0,0,2.1900368233920102e-05
0,0,2.179152769328258e-05
0,0,2.1900368233920102e-05
1,1,0.9999780982689799
0,0,2.288946952642391e-05
0,0,2.1900368233920102e-05
0,0,3.580270458194628e-05
0,0,2.1900368233920102e-05
0,0,2.1900368233920102e-05
0,0,2.1900368233920102e-05
0,0,2.1900368233920102e-05
1,1,0.9995723126224539
0,0,2.1900368233920102e-05
0,0,2.1900368233920102e-05
0,0,2.1900368233920102e-05
0,0,2.1900368233920102e-05
0,0,2.1900368233920102e-05
0,0,2.1900368233920102e-05
1,1,0.9999780982689799
0,0,2.190032900518737e-05
0,0,2.1900368233920102e-05
0,0,2.1900368233920102e-05
0,0,2.1900368233920102e-05
0,0,2.190032900518737e-05
0,0,2.1900368233920102e-05
0,0,2.1900368233920102e-05
0,0,2.1900368233920102e-05
0,0,2.1900368233920102e-05
0,0,2.1900368233920102e-05
0,0,2.1900368233920102e-05
0,0,2.1900368233920102e-05
0,0,2.190032900518737e-05
0,0,2.1900368233920102e-05
0,0,2.190032900518737e-05
0,0,2.1900368233920102e-05
1,1,0.9999780982689799
0,0,2.1900368233920102e-05
0,0,2.1900368233920102e-05
0,0,2.1900368233920102e-05
0,0,2.1900368233920102e-05
0,0,2.1849638289488447e-05
1,1,0.9999780982689799
1,1,0.9999780982689799
0,0,2.1900368233920102e-05
0,0,2.1900368233920102e-05
0,0,2.1900368233920102e-05
0,0,2.1900368233920102e-05
0,0,2.1900368233920102e-05
0,0,2.1900368233920102e-05
0,0,2.1900368233920102e-05
1,1,0.9999780982689799
0,0,2.1850810655113965e-05
0,0,2.190032900518737e-05
0,0,2.1900368233920102e-05
0,0,2.1900368233920102e-05
0,0,2.1900368233920102e-05
0,0,2.1900368233920102e-05
0,0,2.1900368233920102e-05
0,0,2.3973063327895122e-05
0,0,2.1900368233920102e-05
0,0,2.1900368233920102e-05
1,1,0.9999780982689799
0,0,2.1849638289488447e-05
1,1,0.9999780982689799
1,1,0.9999780982689799
1,1,0.9999780982689799
1,1,0.9999780982689799
0,0,2.1900368233920102e-05
1,1,0.9999780982689799
0,0,2.1900368233920102e-05
0,0,2.1900368233920102e-05
0,0,2.1900368233920102e-05
0,0,2.1900368233920102e-05
0,0,2.190032900518737e-05
0,0,2.1900368233920102e-05
1,1,0.9999780982689799
0,0,2.1900368233920102e-05
0,0,2.2798939554795958e-05
0,0,2.1900368233920102e-05
0,0,2.1900368233920102e-05
0,0,2.1900368233920102e-05
0,0,7.855392926647026e-05
0,0,2.1900368233920102e-05
0,0,2.190032900518737e-05
1,1,0.9999780982689799
0,0,2.1900368233920102e-05
0,0,2.1900368233920102e-05
0,0,2.180649931902061e-05
0,0,2.1849638289488447e-05
0,0,2.1900368233920102e-05
0,0,2.2681802941829723e-05
0,0,2.1900368233920102e-05
0,0,2.1900368233920102e-05
0,0,2.1900368233920102e-05
0,0,2.1900368233920102e-05
0,0,2.1900368233920102e-05
0,0,2.1900368233920102e-05
0,0,2.190032900518737e-05
0,0,2.1900368233920102e-05
0,0,2.1900368233920102e-05
1,1,0.9999780982689799
0,0,2.190032900518737e-05
0,0,2.1900368233920102e-05
1,1,0.9999771153316755
0,0,2.1900368233920102e-05
0,0,2.1900368233920102e-05
0,0,2.1900368233920102e-05
0,0,2.1900368233920102e-05
0,0,2.1900368233920102e-05
0,0,2.1900368233920102e-05
0,0,2.1900368233920102e-05
1,1,0.9999780982689799
0,0,2.1900368233920102e-05
0,0,2.1849638289488447e-05
0,0,2.1900368233920102e-05
0,0,2.1900368233920102e-05
1,1,0.9999780982689799
0,0,2.1900368233920102e-05
0,0,2.1900368233920102e-05
0,0,2.1849638289488447e-05
1,1,0.9999780982689799
0,0,2.1900368233920102e-05
0,0,2.1900368233920102e-05
0,0,2.1900368233920102e-05
0,0,2.1900368233920102e-05
0,0,2.1900368233920102e-05
0,0,2.1900368233920102e-05
0,0,2.1900368233920102e-05
0,0,2.1900368233920102e-05
1,1,0.9999780982689799
0,0,2.1900368233920102e-05
0,0,2.1900368233920102e-05
0,0,2.1900368233920102e-05
0,0,2.1900368233920102e-05
0,0,3.0130186324907354e-05
0,0,2.1900368233920102e-05
0,0,2.1900368233920102e-05
0,0,2.1900368233920102e-05
0,0,2.1900368233920102e-05
0,0,2.1900368233920102e-05
0,0,2.1900368233920102e-05
0,0,2.1849638289488447e-05
0,0,2.1900368233920102e-05
0,0,2.1900368233920102e-05
0,0,2.1900368233920102e-05
0,0,2.1900368233920102e-05
0,0,2.1900368233920102e-05
0,0,2.1900368233920102e-05
0,0,2.1900368233920102e-05
0,0,2.1900368233920102e-05
0,0,2.1900368233920102e-05
0,0,2.1900368233920102e-05
0,0,2.1900368233920102e-05
0,0,2.1900368233920102e-05
0,0,2.1900368233920102e-05
0,0,2.1900368233920102e-05
0,0,2.1900368233920102e-05
0,0,2.1900368233920102e-05
0,0,2.1900368233920102e-05
0,0,2.190032900518737e-05
0,0,2.1900368233920102e-05
0,0,2.1900368233920102e-05
0,0,2.1900368233920102e-05
0,0,2.1900368233920102e-05
1,1,0.9999780982689799
0,0,2.190032900518737e-05
0,0,2.1900368233920102e-05
1,1,0.9999780982689799
0,0,2.1900368233920102e-05
0,0,2.1900368233920102e-05
1,1,0.9999780982689799
0,0,2.1900368233920102e-05
0,0,2.1900368233920102e-05
0,0,2.1900368233920102e-05
0,0,2.190032900518737e-05
0,0,2.1900368233920102e-05
0,0,2.1900368233920102e-05
0,0,2.1900368233920102e-05
0,0,2.1900368233920102e-05
0,0,2.1900368233920102e-05
0,0,2.1900368233920102e-05
0,0,2.1900368233920102e-05
0,0,2.190032900518737e-05
0,0,2.1900368233920102e-05
1,1,0.9999780982689799
0,0,2.1900368233920102e-05
0,0,2.1900368233920102e-05
1,1,0.9999780982689799
0,0,2.1900368233920102e-05
0,0,2.1900368233920102e-05
1,1,0.9999549828021383
0,0,2.1900368233920102e-05
0,0,2.1900368233920102e-05
0,0,2.1527168288729698e-05
1,1,0.9999780982689799
0,0,2.1900368233920102e-05
1,1,0.9999780982689799
0,0,2.1900368233920102e-05
1,1,0.9999780982689799
0,0,2.1900368233920102e-05
0,0,2.1900368233920102e-05
0,0,2.1900368233920102e-05
1,1,0.9999780982689799
0,0,2.1900368233920102e-05
0,0,2.1900368233920102e-05
0,0,2.1900368233920102e-05
0,0,2.1900368233920102e-05
0,0,2.1900368233920102e-05
0,0,0.000337650846301462
0,0,2.1900368233920102e-05
0,0,2.1900368233920102e-05
0,0,2.1900368233920102e-05
0,0,2.1900368233920102e-05
0,0,2.1900368233920102e-05
0,0,2.1900368233920102e-05
0,0,2.1900368233920102e-05
0,0,2.190032900518737e-05
0,0,2.1900368233920102e-05
0,0,2.1900368233920102e-05
0,0,2.1900368233920102e-05
0,0,2.1900368233920102e-05
0,0,2.1900368233920102e-05
0,0,2.1900368233920102e-05
0,0,2.1900368233920102e-05
1,1,0.9999780982689799
0,0,2.1900368233920102e-05
0,0,2.1900368233920102e-05
0,0,2.1900368233920102e-05
0,0,2.1900368233920102e-05
0,0,2.1900368233920102e-05
0,0,2.190032900518737e-05
0,0,2.1900368233920102e-05
0,0,2.1900368233920102e-05
0,0,2.1900368233920102e-05
1,1,0.9999780982689799
1,1,0.9999780982689799
1,1,0.9999780982689799
0,0,2.1900368233920102e-05
0,0,2.1900368233920102e-05
0,0,2.1900368233920102e-05
1,1,0.9999780982689799
0,0,2.1900368233920102e-05
0,0,2.1900368233920102e-05
1,1,0.9999780982689799
1,1,0.9999375006916753
1,1,0.9999780982689799
1,1,0.9999780982689799
0,0,2.190032900518737e-05
0,0,2.1900368233920102e-05
0,0,2.1900368233920102e-05
0,0,2.1900368233920102e-05
0,0,2.1900368233920102e-05
0,0,2.1900368233920102e-05
1,1,0.9999780982689799
0,0,2.1900368233920102e-05
0,0,2.1900368233920102e-05
0,0,2.1900368233920102e-05
0,0,2.1900368233920102e-05
1,1,0.9999780982689799
0,0,2.1900368233920102e-05
0,0,2.1900368233920102e-05
0,0,2.1900368233920102e-05
1,1,0.9999780982689799
1,1,0.9999780982689799
0,0,2.1900368233920102e-05
0,0,2.1900368233920102e-05
0,0,2.1900368233920102e-05
0,0,2.1900368233920102e-05
1,1,0.9999780982689799
1,1,0.9999780982689799
0,0,2.1900368233920102e-05
1,1,0.9999782075518043
0,0,2.1900368233920102e-05
0,0,2.1900368233920102e-05
0,0,2.1900368233920102e-05
0,0,2.1900368233920102e-05
0,0,2.1900368233920102e-05
0,0,2.1900368233920102e-05
0,0,2.1849638289488447e-05
0,0,2.1900368233920102e-05
0,0,2.1900368233920102e-05
0,0,2.1900368233920102e-05
0,0,2.1900368233920102e-05
0,0,2.1900368233920102e-05
0,0,2.1900368233920102e-05
1,1,0.9999780982689799
0,0,2.1900368233920102e-05
0,0,2.1900368233920102e-05
0,0,2.1900368233920102e-05
1,1,0.9999780982689799
0,0,2.1900368233920102e-05
0,0,2.1900368233920102e-05
0,0,2.177420401507351e-05
0,0,2.1900368233920102e-05
0,0,2.1900368233920102e-05
0,0,2.1900368233920102e-05
1,1,0.9999780982689799
1,1,0.9999780982689799
0,0,2.190032900518737e-05
0,0,2.1849638289488447e-05
0,0,2.1900368233920102e-05
1,1,0.9999782077488997
0,0,2.1900368233920102e-05
0,0,2.1900368233920102e-05
0,0,2.1900368233920102e-05
0,0,2.1900368233920102e-05
0,0,2.1900368233920102e-05
1,1,0.9999780982689799
0,0,2.1900368233920102e-05
0,0,2.1900368233920102e-05
0,0,2.1900368233920102e-05
0,0,2.1900368233920102e-05
0,0,2.1900368233920102e-05
0,0,2.1900368233920102e-05
0,0,2.1849638289488447e-05
1,1,0.9999780982689799
1,1,0.9999780982689799
0,0,2.1900368233920102e-05
1,1,0.9999780982689799
0,0,2.1900368233920102e-05
0,0,2.1900368233920102e-05
0,0,2.1900368233920102e-05
1,1,0.9999780982689799
1,1,0.9999780982689799
0,0,2.1900368233920102e-05
0,0,2.1900368233920102e-05
0,0,2.1900368233920102e-05
0,0,2.1900368233920102e-05
1,1,0.9999780982689799
0,0,2.1900368233920102e-05
0,0,2.190032900518737e-05
0,0,2.1900368233920102e-05
0,0,2.190032900518737e-05
0,0,2.1900368233920102e-05
0,0,2.353972774971165e-05
0,0,2.1900368233920102e-05
1,1,0.9999780982689799
1,1,0.9999780982689799
0,0,2.1900368233920102e-05
0,0,5.207925418324566e-05
0,0,2.1900368233920102e-05
0,0,2.1900368233920102e-05
1,1,0.9999780982689799
0,0,2.1900368233920102e-05
0,0,2.1900368233920102e-05
0,0,2.1900368233920102e-05
0,0,2.1900368233920102e-05
0,0,2.1900368233920102e-05
0,0,2.1900368233920102e-05
0,0,2.1900368233920102e-05
0,0,2.190032900518737e-05
1,1,0.9999780982689799
0,0,2.1900368233920102e-05
0,0,2.1900368233920102e-05
0,0,2.1900368233920102e-05
0,0,2.1900368233920102e-05
0,0,2.1900368233920102e-05
1,1,0.9999780982689799
0,0,2.1900368233920102e-05
0,0,2.1900368233920102e-05
0,0,2.1900368233920102e-05
0,0,2.1900368233920102e-05
0,0,2.1900368233920102e-05
1,1,0.9999780982689799
1,1,0.9999780982689799
0,0,2.1900368233920102e-05
0,0,2.190032900518737e-05
1,1,0.9999780982689799
0,0,2.1900368233920102e-05
0,0,2.1900368233920102e-05
0,0,2.1900368233920102e-05
1,1,0.9999780982689799
0,0,2.190032900518737e-05
0,0,2.1900368233920102e-05
1,1,0.9999780982689799
0,0,2.1900368233920102e-05
0,0,2.1900368233920102e-05
0,0,2.1900368233920102e-05
0,0,2.1900368233920102e-05
0,0,2.1900368233920102e-05
0,0,2.1900368233920102e-05
0,0,2.190032900518737e-05
0,0,2.1900368233920102e-05
0,0,2.1900368233920102e-05
1,1,0.9999780982689799
0,0,2.1900368233920102e-05
0,0,2.1900368233920102e-05
0,0,2.1900368233920102e-05
0,0,2.1900368233920102e-05
0,0,2.1900368233920102e-05
0,0,2.1900368233920102e-05
0,0,2.1900368233920102e-05
0,0,2.1849638289488447e-05
0,0,2.1900368233920102e-05
0,0,2.1849638289488447e-05
0,0,2.1900368233920102e-05
0,0,2.1900368233920102e-05
0,0,2.1900368233920102e-05
0,0,2.1900368233920102e-05
0,0,2.1900368233920102e-05
0,0,2.1900368233920102e-05
0,0,2.1900368233920102e-05
1,1,0.9999780982689799
0,0,2.1900368233920102e-05
0,0,2.1850810655113965e-05
0,0,2.1900368233920102e-05
1,1,0.9999780982689799
0,0,2.1900368233920102e-05
1,1,0.9999780982689799
0,0,2.1849638289488447e-05
0,0,2.1900368233920102e-05
0,0,2.1900368233920102e-05
0,0,2.1900368233920102e-05
0,0,2.1900368233920102e-05
0,0,2.1900368233920102e-05
0,0,2.1900368233920102e-05
0,0,2.1900368233920102e-05
0,0,2.190032900518737e-05
0,0,2.1900368233920102e-05
0,0,2.1900368233920102e-05
0,0,2.1900368233920102e-05
1,1,0.9999780982689799
0,0,2.1900368233920102e-05
0,0,2.2798939554795958e-05
1,1,0.9999780982689799
0,0,2.1900368233920102e-05
0,0,2.1179874901911334e-05
0,0,2.1900368233920102e-05
0,0,2.1900368233920102e-05
0,0,2.1900368233920102e-05
0,0,2.1900368233920102e-05
0,0,2.1900368233920102e-05
0,0,2.1900368233920102e-05
0,0,2.1900368233920102e-05
0,0,2.1900368233920102e-05
1,1,0.9999780982689799
0,0,2.1900368233920102e-05
0,0,2.1900368233920102e-05
0,0,2.1900368233920102e-05
0,0,2.1849638289488447e-05
0,0,2.1849638289488447e-05
0,0,2.1900368233920102e-05
0,0,2.1900368233920102e-05
0,0,2.1900368233920102e-05
0,0,2.1900368233920102e-05
0,0,2.1900368233920102e-05
0,0,2.1900368233920102e-05
0,0,2.1900368233920102e-05
1,1,0.9999780982689799
0,0,2.1900368233920102e-05
0,0,2.168441260205949e-05
0,0,2.1900368233920102e-05
1,1,0.9999780982689799
1,1,0.9999780982689799
0,0,2.1900368233920102e-05
0,0,2.1900368233920102e-05
0,0,2.1900368233920102e-05
0,0,2.1900368233920102e-05
0,0,2.1900368233920102e-05
0,0,2.1900368233920102e-05
0,0,2.1900368233920102e-05
0,0,2.1900368233920102e-05
0,0,2.1900368233920102e-05
0,0,2.1900368233920102e-05
0,0,2.1900368233920102e-05
0,0,2.1900368233920102e-05
1,1,0.9999780982689799
0,0,2.1900368233920102e-05
1,1,0.9999780982689799
0,0,2.1900368233920102e-05
0,0,2.1900368233920102e-05
0,0,2.1900368233920102e-05
0,0,2.1900368233920102e-05
0,0,2.1900368233920102e-05
0,0,2.1900368233920102e-05
1,1,0.9999780982689799
0,0,2.1900368233920102e-05
0,0,0.00013343138016985723
0,0,2.1900368233920102e-05
0,0,2.1900368233920102e-05
0,0,2.1900368233920102e-05
0,0,2.1900368233920102e-05
0,0,2.1900368233920102e-05
0,0,2.1900368233920102e-05
0,0,2.1900368233920102e-05
1,1,0.9999780982689799
0,0,2.1900368233920102e-05
0,0,2.1900368233920102e-05
0,0,2.1900368233920102e-05
0,0,2.1900368233920102e-05
0,0,2.1900368233920102e-05
0,0,2.1900368233920102e-05
0,0,2.1900368233920102e-05
0,0,2.190032900518737e-05
0,0,2.1900368233920102e-05
0,0,2.1900368233920102e-05
0,0,2.190032900518737e-05
0,0,2.1900368233920102e-05
0,0,2.1900368233920102e-05
1,1,0.9999070000910685
0,0,2.1900368233920102e-05
1,1,0.9999780982689799
0,0,2.1900368233920102e-05
0,0,2.1900368233920102e-05
1,1,0.9999780982689799
0,0,2.1900368233920102e-05
0,0,2.1900368233920102e-05
1,1,0.9999780982689799
1,1,0.9999780982689799
0,0,2.1900368233920102e-05
0,0,2.1900368233920102e-05
0,0,2.1900368233920102e-05
1,1,0.9999780982689799
0,0,2.1900368233920102e-05
0,0,2.1900368233920102e-05
0,0,2.1900368233920102e-05
0,0,2.190032900518737e-05
0,0,2.1759094668752983e-05
0,0,2.1900368233920102e-05
0,0,2.1900368233920102e-05
0,0,2.190032900518737e-05
0,0,2.1900368233920102e-05
0,0,2.1900368233920102e-05
0,0,2.1900368233920102e-05
0,0,2.1900368233920102e-05
1,1,0.9999780982689799
0,0,2.1900368233920102e-05
0,0,2.1900368233920102e-05
0,0,2.1900368233920102e-05
0,0,2.1900368233920102e-05
0,0,2.1900368233920102e-05
0,0,2.1900368233920102e-05
0,0,2.1900368233920102e-05
0,0,2.1900368233920102e-05
0,0,2.1900368233920102e-05
0,0,2.1900368233920102e-05
0,0,2.1900368233920102e-05
0,0,2.1900368233920102e-05
0,0,2.1900368233920102e-05
1,1,0.9999780982689799
0,0,2.1900368233920102e-05
0,0,2.1900368233920102e-05
0,0,2.1900368233920102e-05
1,1,0.9999780982689799
0,0,2.1900368233920102e-05
0,0,2.1900368233920102e-05
0,0,2.1900368233920102e-05
0,0,2.1900368233920102e-05
0,0,2.190032900518737e-05
0,0,2.1900368233920102e-05
0,0,2.1900368233920102e-05
0,0,2.1900368233920102e-05
0,0,2.1900368233920102e-05
0,0,2.1900368233920102e-05
1,1,0.9999780982689799
0,0,2.1900368233920102e-05
0,0,2.1900368233920102e-05
0,0,2.1900368233920102e-05
0,0,2.1900368233920102e-05
0,0,2.1900368233920102e-05
0,0,2.1900368233920102e-05
0,0,2.1900368233920102e-05
0,0,2.1900368233920102e-05
0,0,2.1900368233920102e-05
0,0,2.1900368233920102e-05
0,0,2.1900368233920102e-05
0,0,2.1900368233920102e-05
0,0,2.1900368233920102e-05
0,0,2.1900368233920102e-05
0,0,2.1900368233920102e-05
0,0,2.1693070649453014e-05
0,0,2.1900368233920102e-05
0,0,2.1900368233920102e-05
0,0,2.1900368233920102e-05
0,0,2.1900368233920102e-05
0,0,2.1900368233920102e-05
1,1,0.9999780982689799
1,1,0.9999780982689799
0,0,2.1900368233920102e-05
0,0,2.1849638289488447e-05
1,1,0.9999780982689799
0,0,2.1686938306470504e-05
0,0,2.1900368233920102e-05
0,0,2.1900368233920102e-05
0,0,2.1900368233920102e-05
0,0,0.00020788455720579973
0,0,2.1900368233920102e-05
0,0,2.1900368233920102e-05
0,0,2.1900368233920102e-05
0,0,2.1900368233920102e-05
0,0,2.1849638289488447e-05
0,0,2.1900368233920102e-05
0,0,2.1900368233920102e-05
0,0,2.1900368233920102e-05
0,0,2.1900368233920102e-05
0,0,2.1900368233920102e-05
0,0,2.1900368233920102e-05
0,0,2.1900368233920102e-05
0,0,2.1900368233920102e-05
1,1,0.9999780982689799
0,0,2.1900368233920102e-05
0,0,2.1900368233920102e-05
0,0,2.1900368233920102e-05
0,0,2.1900368233920102e-05
0,0,2.1900368233920102e-05
0,0,2.1900368233920102e-05
1,1,0.9999780982689799
0,0,2.1900368233920102e-05
0,0,2.1809262908510643e-05
0,0,2.1900368233920102e-05
1,1,0.9999780982689799
0,0,2.1900368233920102e-05
0,0,2.1900368233920102e-05
0,0,2.1900368233920102e-05
0,0,2.1900368233920102e-05
0,0,2.1900368233920102e-05
1,1,0.9999780982689799
0,0,2.1900368233920102e-05
0,0,2.1900368233920102e-05
0,0,2.1900368233920102e-05
1,1,0.9999780982689799
0,0,2.1900368233920102e-05
0,0,2.1900368233920102e-05
0,0,2.1900368233920102e-05
0,0,2.1900368233920102e-05
0,0,2.1900368233920102e-05
0,0,2.1900368233920102e-05
0,0,2.1900368233920102e-05
0,0,2.1900368233920102e-05
0,0,2.1900368233920102e-05
1,1,0.9999780982689799
1,1,0.9999780982689799
0,0,2.1900368233920102e-05
0,0,2.190032900518737e-05
0,0,2.1900368233920102e-05
0,0,2.1900368233920102e-05
0,0,2.1900368233920102e-05
0,0,2.1900368233920102e-05
0,0,2.1900368233920102e-05
1,1,0.9999780982689799
0,0,2.1900368233920102e-05
0,0,2.1900368233920102e-05
0,0,2.1900368233920102e-05
0,0,2.1900368233920102e-05
1,1,0.9999780982689799
0,0,2.1900368233920102e-05
0,0,2.1900368233920102e-05
0,0,2.1900368233920102e-05
0,0,2.1900368233920102e-05
0,0,2.1900368233920102e-05
1,1,0.9999780982689799
0,0,2.1849638289488447e-05
0,0,2.1900368233920102e-05
0,0,2.1900368233920102e-05
0,0,2.1900368233920102e-05
0,0,2.1900368233920102e-05
0,0,2.1900368233920102e-05
0,0,2.1900368233920102e-05
0,0,2.1900368233920102e-05
0,0,2.1900368233920102e-05
0,0,2.1900368233920102e-05
0,0,2.1900368233920102e-05
0,0,2.1900368233920102e-05
0,0,2.1900368233920102e-05
0,0,2.1900368233920102e-05
0,0,2.1900368233920102e-05
1,1,0.9999780982689799
0,0,2.190032900518737e-05
0,0,2.1900368233920102e-05
0,0,2.1900368233920102e-05
0,0,2.1900368233920102e-05
0,0,2.1900368233920102e-05
1,1,0.9970290466577926
0,0,2.190032900518737e-05
0,0,2.1900368233920102e-05
0,0,2.1900368233920102e-05
0,0,2.1900368233920102e-05
1,1,0.9999769450644679
0,0,2.1900368233920102e-05
0,0,2.1900368233920102e-05
0,0,2.1900368233920102e-05
0,0,2.1900368233920102e-05
0,0,2.1900368233920102e-05
0,0,2.1900368233920102e-05
0,0,2.190032900518737e-05
0,0,2.1849638289488447e-05
0,0,2.1900368233920102e-05
1,1,0.9999780982689799
0,0,2.177420401507351e-05
0,0,2.1900368233920102e-05
0,0,2.1900368233920102e-05
0,0,2.1900368233920102e-05
1,1,0.9999781072907488
0,0,2.1900368233920102e-05
0,0,2.1900368233920102e-05
0,0,2.190032900518737e-05
0,0,2.1900368233920102e-05
0,0,2.1900368233920102e-05
1,1,0.9999780982689799
0,0,2.1900368233920102e-05
1,1,0.9999780982689799
0,0,2.1900368233920102e-05
0,0,2.1900368233920102e-05
0,0,2.1900368233920102e-05
0,0,2.1900368233920102e-05
0,0,2.211734066829199e-05
0,0,2.1900368233920102e-05
0,0,2.1900368233920102e-05
0,0,2.1900368233920102e-05
0,0,2.1900368233920102e-05
0,0,2.1900368233920102e-05
0,0,2.1900368233920102e-05
0,0,2.6198099501345462e-05
0,0,2.1900368233920102e-05
0,0,2.1900368233920102e-05
0,0,2.1900368233920102e-05
1,1,0.9999780982689799
1,1,0.9999780982689799
0,0,2.1900368233920102e-05
0,0,2.190032900518737e-05
0,0,2.1900368233920102e-05
1,1,0.9999780982689799
0,0,2.1900368233920102e-05
1,1,0.9999780982689799
1,1,0.9999780982689799
0,0,2.1900368233920102e-05
0,0,2.1900368233920102e-05
0,0,2.1900368233920102e-05
0,0,2.1900368233920102e-05
0,0,2.1900368233920102e-05
0,0,2.1900368233920102e-05
0,0,2.1900368233920102e-05
0,0,2.1900368233920102e-05
0,0,2.1900368233920102e-05
1,1,0.9999780982689799
0,0,2.1900368233920102e-05
0,0,2.1900368233920102e-05
1,1,0.9999780982689799
0,0,2.1900368233920102e-05
0,0,2.1900368233920102e-05
1,1,0.9999780982689799
0,0,2.1900368233920102e-05
0,0,2.1900368233920102e-05
1,1,0.9999780982689799
0,0,2.1900368233920102e-05
0,0,2.1900368233920102e-05
0,0,2.1900368233920102e-05
0,0,2.1900368233920102e-05
0,0,2.1900368233920102e-05
0,0,2.1900368233920102e-05
0,0,2.1900368233920102e-05
0,0,2.1900368233920102e-05
0,0,2.1900368233920102e-05
1,1,0.9999780982689799
0,0,2.1900368233920102e-05
0,0,2.1900368233920102e-05
0,0,2.1900368233920102e-05
0,0,2.1900368233920102e-05
0,0,2.1900368233920102e-05
0,0,2.1900368233920102e-05
0,0,2.1900368233920102e-05
0,0,2.190032900518737e-05
0,0,2.1900368233920102e-05
0,0,2.1900368233920102e-05
0,0,2.1900368233920102e-05
0,0,2.1900368233920102e-05
0,0,2.1900368233920102e-05
0,0,2.190032900518737e-05
0,0,2.190032900518737e-05
0,0,2.1900368233920102e-05
0,0,2.1900368233920102e-05
0,0,3.030573010669803e-05
0,0,2.1900368233920102e-05
0,0,2.1900368233920102e-05
0,0,2.1900368233920102e-05
0,0,2.1900368233920102e-05
0,0,2.1900368233920102e-05
0,0,2.1900368233920102e-05
1,1,0.9999780982689799
0,0,2.1900368233920102e-05
0,0,2.1900368233920102e-05
0,0,2.1900368233920102e-05
0,0,2.1900368233920102e-05
0,0,0.0001926808101000267
0,0,2.1900368233920102e-05
1,1,0.9999780982689799
0,0,2.1900368233920102e-05
0,0,2.1900368233920102e-05
0,0,2.1900368233920102e-05
0,0,2.1900368233920102e-05
0,0,2.1900368233920102e-05
0,0,2.1900368233920102e-05
0,0,2.1900368233920102e-05
0,0,2.1849638289488447e-05
0,0,2.1900368233920102e-05
0,0,2.1900368233920102e-05
0,0,2.1900368233920102e-05
0,0,2.1900368233920102e-05
1,1,0.9999780982689799
1,1,0.9999780982689799
1,1,0.9999782159223645
0,0,2.1900368233920102e-05
0,0,2.1900368233920102e-05
0,0,2.1900368233920102e-05
0,0,2.1900368233920102e-05
0,0,2.1900368233920102e-05
0,0,2.1900368233920102e-05
0,0,2.190032900518737e-05
0,0,2.1900368233920102e-05
0,0,2.1900368233920102e-05
0,0,2.1900368233920102e-05
1,1,0.9999780982689799
0,0,2.1900368233920102e-05
0,0,2.1900368233920102e-05
0,0,2.1900368233920102e-05
0,0,2.1900368233920102e-05
0,0,2.1900368233920102e-05
0,0,2.1900368233920102e-05
0,0,2.1900368233920102e-05
0,0,2.1900368233920102e-05
0,0,2.1900368233920102e-05
0,0,2.1900368233920102e-05
0,0,2.180649931902061e-05
0,0,2.1900368233920102e-05
0,0,2.1900368233920102e-05
0,0,2.190032900518737e-05
0,0,2.1900368233920102e-05
0,0,2.1849638289488447e-05
0,0,2.1900368233920102e-05
0,0,2.1900368233920102e-05
0,0,2.1900368233920102e-05
0,0,2.190032900518737e-05
0,0,2.1900368233920102e-05
0,0,2.1900368233920102e-05
0,0,2.1900368233920102e-05
0,0,2.1900368233920102e-05
0,0,2.1900368233920102e-05
0,0,2.1900368233920102e-05
0,0,2.1849638289488447e-05
0,0,2.1900368233920102e-05
0,0,2.190032900518737e-05
0,0,2.1900368233920102e-05
0,0,2.1900368233920102e-05
0,0,2.1900368233920102e-05
0,0,2.1900368233920102e-05
0,0,5.758846591114874e-05
0,0,2.1900368233920102e-05
0,0,2.1900368233920102e-05
0,0,2.1900368233920102e-05
0,0,2.1900368233920102e-05
1,1,0.9999780982689799
0,0,2.1900368233920102e-05
0,0,2.1900368233920102e-05
0,0,2.1900368233920102e-05
0,0,2.1900368233920102e-05
1,1,0.9999780982689799
0,0,2.1900368233920102e-05
0,0,2.1900368233920102e-05
0,0,2.1900368233920102e-05
0,0,2.1900368233920102e-05
1,1,0.9999780982689799
0,0,2.1900368233920102e-05
0,0,2.1900368233920102e-05
0,0,2.1850810655113965e-05
0,0,2.1900368233920102e-05
1,1,0.9999780982689799
0,0,2.190032900518737e-05
0,0,2.180649931902061e-05
1,1,0.9999780982689799
0,0,2.1900368233920102e-05
0,0,2.1900368233920102e-05
1,1,0.9999780982689799
0,0,2.1900368233920102e-05
0,0,2.1900368233920102e-05
1,1,0.9999780982689799
0,0,2.1900368233920102e-05
0,0,2.1900368233920102e-05
0,0,2.190032900518737e-05
0,0,2.1849638289488447e-05
0,0,2.1900368233920102e-05
0,0,2.1900368233920102e-05
0,0,2.1900368233920102e-05
0,0,2.1900368233920102e-05
1,1,0.9999780982689799
0,0,2.1900368233920102e-05
0,0,5.386898478246268e-05
0,0,2.3670233075635047e-05
1,1,0.9999539667020098
1,1,0.9999780982689799
1,1,0.9999780982689799
0,0,2.1900368233920102e-05
0,0,2.190032900518737e-05
0,0,2.1900368233920102e-05
0,0,2.1900368233920102e-05
0,0,2.1900368233920102e-05
0,0,2.1900368233920102e-05
1,1,0.9999780982689799
0,0,2.1179874901911334e-05
0,0,2.1900368233920102e-05
0,0,2.1900368233920102e-05
0,0,2.1900368233920102e-05
0,0,2.1900368233920102e-05
0,0,2.1900368233920102e-05
0,0,2.1900368233920102e-05
0,0,2.1900368233920102e-05
0,0,2.1900368233920102e-05
0,0,2.1900368233920102e-05
0,0,2.1900368233920102e-05
0,0,2.1900368233920102e-05
0,0,2.1900368233920102e-05
0,0,2.1900368233920102e-05
0,0,2.1900368233920102e-05
1,1,0.9999780982689799
0,0,2.1900368233920102e-05
1,1,0.9999782126833564
0,0,2.1900368233920102e-05
1,1,0.9999780982689799
0,0,2.1900368233920102e-05
0,0,2.1900368233920102e-05
0,0,2.1900368233920102e-05
0,0,2.1900368233920102e-05
0,0,2.1900368233920102e-05
0,0,2.1900368233920102e-05
1,1,0.9999780982689799
0,0,2.1849638289488447e-05
0,0,2.1900368233920102e-05
0,0,2.1900368233920102e-05
0,0,2.1900368233920102e-05
0,0,2.1900368233920102e-05
0,0,2.281279449923971e-05
0,0,2.1900368233920102e-05
0,0,2.1900368233920102e-05
1,1,0.9999780982689799
1,1,0.9999780982689799
0,0,2.1688931300343456e-05
0,0,2.1900368233920102e-05
1,1,0.9999780982689799
0,0,2.1900368233920102e-05
0,0,2.1900368233920102e-05
0,0,2.1900368233920102e-05
0,0,2.1900368233920102e-05
0,0,2.1900368233920102e-05
0,0,2.1900368233920102e-05
0,0,2.1900368233920102e-05
0,0,2.1900368233920102e-05
0,0,2.1900368233920102e-05
1,1,0.9999780982689799
0,0,2.1900368233920102e-05
1,1,0.9999780982689799
0,0,2.1900368233920102e-05
0,0,2.1900368233920102e-05
0,0,2.1900368233920102e-05
0,0,2.1849638289488447e-05
0,0,2.1900368233920102e-05
0,0,2.1900368233920102e-05
0,0,2.190032900518737e-05
0,0,2.190032900518737e-05
0,0,2.1900368233920102e-05
0,0,2.1900368233920102e-05
0,0,2.1900368233920102e-05
0,0,2.1900368233920102e-05
0,0,2.1900368233920102e-05
0,0,2.1900368233920102e-05
0,0,2.1900368233920102e-05
0,0,2.1900368233920102e-05
0,0,2.1849638289488447e-05
0,0,2.1759094668752983e-05
0,0,2.1849638289488447e-05
0,0,2.1900368233920102e-05
0,0,2.1900368233920102e-05
0,0,2.1900368233920102e-05
1,1,0.9999780982689799
1,1,0.9999780982689799
0,0,2.1900368233920102e-05
0,0,2.1900368233920102e-05
0,0,2.1900368233920102e-05
0,0,2.182222181106097e-05
1,1,0.9999780982689799
0,0,2.1900368233920102e-05
0,0,2.1900368233920102e-05
0,0,2.1849638289488447e-05
0,0,2.1900368233920102e-05
0,0,2.1900368233920102e-05
0,0,2.1900368233920102e-05
0,0,2.1900368233920102e-05
0,0,2.1900368233920102e-05
0,0,2.1849638289488447e-05
0,0,2.1900368233920102e-05
0,0,2.1900368233920102e-05
0,0,2.1900368233920102e-05
0,0,2.1849638289488447e-05
0,0,2.1900368233920102e-05
0,0,2.180649931902061e-05
0,0,2.1900368233920102e-05
0,0,2.1900368233920102e-05
0,0,2.1900368233920102e-05
1,1,0.9999780982689799
1,1,0.9999780982689799
1,1,0.9999780982689799
0,0,2.1900368233920102e-05
0,0,2.1900368233920102e-05
0,0,2.1900368233920102e-05
0,0,2.1900368233920102e-05
0,0,2.1900368233920102e-05
1,1,0.9999780982689799
0,0,2.1900368233920102e-05
1,1,0.9999780982689799
0,0,2.1900368233920102e-05
0,0,2.1900368233920102e-05
0,0,2.1849638289488447e-05
0,0,2.1900368233920102e-05
0,0,2.1900368233920102e-05
0,0,2.1900368233920102e-05
0,0,2.1900368233920102e-05
1,1,0.9999780982689799
0,0,2.1900368233920102e-05
0,0,2.1900368233920102e-05
0,0,2.1900368233920102e-05
0,0,2.1849638289488447e-05
0,0,2.1900368233920102e-05
1,1,0.9999780982689799
0,0,2.163765449622024e-05
0,0,2.1900368233920102e-05
0,0,2.1900368233920102e-05
1,1,0.9999780982689799
0,0,2.1900368233920102e-05
0,0,2.1900368233920102e-05
1,1,0.9999780982689799
0,0,2.1900368233920102e-05
0,0,2.1900368233920102e-05
0,0,2.1900368233920102e-05
0,0,2.1900368233920102e-05
0,0,2.1900368233920102e-05
1,1,0.9999780982689799
1,1,0.9999780982689799
0,0,2.1849638289488447e-05
0,0,2.1900368233920102e-05
0,0,2.1900368233920102e-05
0,0,2.1900368233920102e-05
0,0,2.1900368233920102e-05
0,0,2.1900368233920102e-05
0,0,2.1900368233920102e-05
0,0,2.1900368233920102e-05
0,0,2.1900368233920102e-05
1,1,0.9999780982689799
0,0,2.1900368233920102e-05
0,0,2.1900368233920102e-05
0,0,2.1900368233920102e-05
0,0,2.1900368233920102e-05
0,0,2.1900368233920102e-05
0,0,2.1900368233920102e-05
0,0,2.1900368233920102e-05
0,0,2.1900368233920102e-05
0,0,2.190032900518737e-05
0,0,2.1900368233920102e-05
0,0,2.1900368233920102e-05
1,1,0.9999780982689799
1,1,0.9999780982689799
0,0,2.1900368233920102e-05
0,0,2.190032900518737e-05
0,0,2.1900368233920102e-05
0,0,2.1900368233920102e-05
0,0,2.1900368233920102e-05
1,1,0.9999780982689799
0,0,2.1900368233920102e-05
1,1,0.9999780982689799
0,0,2.1900368233920102e-05
0,0,2.1900368233920102e-05
1,1,0.9999780982689799
0,0,2.1900368233920102e-05
0,0,2.1900368233920102e-05
0,0,2.1900368233920102e-05
0,0,2.190032900518737e-05
0,0,2.1900368233920102e-05
0,0,2.1900368233920102e-05
0,0,2.1900368233920102e-05
0,0,2.1900368233920102e-05
0,0,2.1900368233920102e-05
0,0,2.1900368233920102e-05
0,0,2.1900368233920102e-05
0,0,2.1849638289488447e-05
0,0,2.1900368233920102e-05
0,0,2.1900368233920102e-05
0,0,2.1900368233920102e-05
0,0,2.1900368233920102e-05
0,0,2.1900368233920102e-05
0,0,2.190032900518737e-05
0,0,2.1900368233920102e-05
1,1,0.9999780982689799
0,0,2.1900368233920102e-05
0,0,2.1849638289488447e-05
1,1,0.9999780982689799
0,0,2.1900368233920102e-05
0,0,2.1900368233920102e-05
0,0,2.1900368233920102e-05
0,0,2.1900368233920102e-05
0,0,2.1900368233920102e-05
0,0,2.1900368233920102e-05
0,0,2.1900368233920102e-05
0,0,2.1900368233920102e-05
0,0,2.1900368233920102e-05
0,0,2.1900368233920102e-05
0,0,2.1900368233920102e-05
1,1,0.9999780982689799
0,0,2.190032900518737e-05
0,0,2.1900368233920102e-05
0,0,2.6954525609653715e-05
0,0,2.1900368233920102e-05
0,0,2.1900368233920102e-05
0,0,2.1900368233920102e-05
0,0,2.1900368233920102e-05
0,0,2.1900368233920102e-05
0,0,2.1900368233920102e-05
0,0,2.1900368233920102e-05
0,0,2.1900368233920102e-05
0,0,2.1900368233920102e-05
0,0,2.1900368233920102e-05
1,1,0.9999780982689799
0,0,2.1900368233920102e-05
0,0,2.1900368233920102e-05
0,0,2.1900368233920102e-05
0,0,2.1900368233920102e-05
0,0,2.1900368233920102e-05
0,0,2.1900368233920102e-05
0,0,2.1900368233920102e-05
0,0,2.1900368233920102e-05
0,0,2.1900368233920102e-05
0,0,2.1900368233920102e-05
0,0,2.1900368233920102e-05
1,1,0.9999780982689799
0,0,2.163765449622024e-05
1,1,0.9999780982689799
0,0,2.1900368233920102e-05
0,0,2.1900368233920102e-05
1,1,0.9999780982689799
0,0,2.1849638289488447e-05
1,1,0.9999780982689799
0,0,2.1900368233920102e-05
0,0,2.1900368233920102e-05
0,0,2.1900368233920102e-05
0,0,2.1900368233920102e-05
0,0,2.1900368233920102e-05
0,0,2.1900368233920102e-05
0,0,2.1900368233920102e-05
0,0,2.179152769328258e-05
0,0,2.190032900518737e-05
1,1,0.9999780982689799
0,0,2.1900368233920102e-05
0,0,2.1900368233920102e-05
0,0,2.180649931902061e-05
0,0,2.1900368233920102e-05
0,0,2.1900368233920102e-05
0,0,2.1900368233920102e-05
0,0,2.1900368233920102e-05
0,0,2.1900368233920102e-05
0,0,2.1900368233920102e-05
0,0,2.1900368233920102e-05
0,0,2.1849638289488447e-05
0,0,2.1900368233920102e-05
0,0,2.190032900518737e-05
1,1,0.9999780982689799
0,0,2.1900368233920102e-05
0,0,2.1900368233920102e-05
0,0,2.1900368233920102e-05
0,0,2.1900368233920102e-05
0,0,2.1900368233920102e-05
0,0,2.1900368233920102e-05
0,0,2.1900368233920102e-05
0,0,2.1766350602227485e-05
0,0,2.1900368233920102e-05
0,0,2.1900368233920102e-05
0,0,2.1900368233920102e-05
0,0,2.1900368233920102e-05
0,0,2.1900368233920102e-05
0,0,2.1900368233920102e-05
0,0,2.1900368233920102e-05
0,0,2.1900368233920102e-05
0,0,2.1900368233920102e-05
0,0,2.1900368233920102e-05
0,0,2.1900368233920102e-05
0,0,2.1900368233920102e-05
0,0,2.182222181106097e-05
0,0,2.190032900518737e-05
1,1,0.9999780982689799
0,0,2.1900368233920102e-05
0,0,2.1900368233920102e-05
0,0,0.00012043781563181606
0,0,2.1900368233920102e-05
0,0,2.1900368233920102e-05
0,0,2.1900368233920102e-05
1,1,0.9999780982689799
0,0,2.1849638289488447e-05
0,0,2.1900368233920102e-05
0,0,2.1900368233920102e-05
0,0,2.182222181106097e-05
0,0,2.1900368233920102e-05
0,0,2.1900368233920102e-05
0,0,2.1900368233920102e-05
0,0,2.1900368233920102e-05
1,1,0.9999780982689799
0,0,2.1900368233920102e-05
0,0,2.1900368233920102e-05
0,0,2.1759094668752983e-05
0,0,2.1900368233920102e-05
0,0,2.1849638289488447e-05
1,1,0.9999780982689799
0,0,2.1900368233920102e-05
0,0,2.1900368233920102e-05
0,0,2.1900368233920102e-05
0,0,2.1849638289488447e-05
0,0,2.1900368233920102e-05
0,0,2.1900368233920102e-05
0,0,2.190032900518737e-05
0,0,2.1900368233920102e-05
0,0,2.1900368233920102e-05
0,0,2.1900368233920102e-05
0,0,2.1900368233920102e-05
0,0,2.1900368233920102e-05
0,0,2.1900368233920102e-05
0,0,2.1900368233920102e-05
0,0,2.190032900518737e-05
0,0,2.1900368233920102e-05
0,0,2.1900368233920102e-05
0,0,2.1900368233920102e-05
0,0,2.1900368233920102e-05
1,1,0.9999780982689799
0,0,2.1900368233920102e-05
0,0,2.1900368233920102e-05
1,1,0.9999780982689799
0,0,2.1900368233920102e-05
0,0,2.1900368233920102e-05
0,0,2.1900368233920102e-05
0,0,2.1900368233920102e-05
0,0,2.1900368233920102e-05
0,0,2.1900368233920102e-05
0,0,2.1900368233920102e-05
0,0,2.1900368233920102e-05
0,0,2.1900368233920102e-05
0,0,2.1900368233920102e-05
0,0,2.1900368233920102e-05
0,0,2.1900368233920102e-05
0,0,2.1900368233920102e-05
0,0,2.1900368233920102e-05
0,0,2.1900368233920102e-05
0,0,2.1900368233920102e-05
1,1,0.9999780982689799
0,0,2.1900368233920102e-05
1,1,0.9999780982689799
0,0,2.1900368233920102e-05
0,0,2.1900368233920102e-05
0,0,2.1759094668752983e-05
1,1,0.9999780982689799
1,1,0.9999780982689799
0,0,2.1849638289488447e-05
0,0,2.1900368233920102e-05
0,0,2.1849638289488447e-05
0,0,2.1900368233920102e-05
0,0,2.1849638289488447e-05
1,1,0.9999780982689799
0,0,2.1900368233920102e-05
0,0,2.1900368233920102e-05
0,0,2.1900368233920102e-05
0,0,2.1900368233920102e-05
0,0,2.1900368233920102e-05
0,0,2.1900368233920102e-05
0,0,2.1900368233920102e-05
0,0,2.190032900518737e-05
0,0,2.1900368233920102e-05
0,0,2.1900368233920102e-05
0,0,2.1900368233920102e-05
1,1,0.9999780982689799
0,0,2.1900368233920102e-05
0,0,2.190032900518737e-05
0,0,2.1900368233920102e-05
0,0,2.1900368233920102e-05
0,0,2.1900368233920102e-05
0,0,2.1900368233920102e-05
0,0,2.1900368233920102e-05
0,0,2.1900368233920102e-05
0,0,2.1900368233920102e-05
1,1,0.9999780982689799
0,0,2.1900368233920102e-05
1,1,0.9999780982689799
0,0,2.1900368233920102e-05
0,0,2.190032900518737e-05
0,0,2.1900368233920102e-05
0,0,2.1900368233920102e-05
0,0,2.1900368233920102e-05
0,0,2.1900368233920102e-05
1,1,0.9999780982689799
0,0,2.1900368233920102e-05
1,1,0.9808168262871215
0,0,2.1900368233920102e-05
0,0,2.1900368233920102e-05
1,1,0.9999780982689799
0,0,2.1900368233920102e-05
0,0,2.1900368233920102e-05
1,1,0.9999780982689799
1,1,0.9999780982689799
0,0,2.1900368233920102e-05
0,0,2.1900368233920102e-05
0,0,2.190032900518737e-05
0,0,2.1900368233920102e-05
0,0,2.1900368233920102e-05
1,1,0.9998730541398838
0,0,2.1900368233920102e-05
0,0,2.1849638289488447e-05
0,0,2.1900368233920102e-05
0,0,2.1900368233920102e-05
0,0,2.1900368233920102e-05
0,0,2.1900368233920102e-05
0,0,2.1900368233920102e-05
0,0,2.1900368233920102e-05
0,0,2.1900368233920102e-05
0,0,2.1900368233920102e-05
0,0,2.1900368233920102e-05
0,0,2.1900368233920102e-05
1,1,0.9999780982689799
0,0,2.1900368233920102e-05
0,0,2.1900368233920102e-05
0,0,2.1900368233920102e-05
0,0,2.1900368233920102e-05
0,0,2.1900368233920102e-05
0,0,2.1900368233920102e-05
0,0,2.1900368233920102e-05
0,0,2.1900368233920102e-05
0,0,2.1900368233920102e-05
0,0,2.1900368233920102e-05
0,0,2.1900368233920102e-05
1,1,0.9999780982689799
0,0,2.1900368233920102e-05
0,0,2.1900368233920102e-05
1,1,0.9999780982689799
0,0,2.1900368233920102e-05
0,0,2.1900368233920102e-05
0,0,2.1900368233920102e-05
0,0,2.1548206643576956e-05
0,0,2.1900368233920102e-05
0,0,2.1900368233920102e-05
0,0,2.190032900518737e-05
0,0,2.1900368233920102e-05
0,0,2.1900368233920102e-05
0,0,2.1849638289488447e-05
0,0,2.1900368233920102e-05
1,1,0.9999780982689799
1,1,0.9999780982689799
0,0,2.1900368233920102e-05
0,0,2.1900368233920102e-05
1,1,0.9999782087166031
1,1,0.9999780982689799
0,0,2.1900368233920102e-05
1,1,0.9999780982689799
1,1,0.9999780982689799
0,0,2.1900368233920102e-05
0,0,2.1900368233920102e-05
0,0,2.1900368233920102e-05
0,0,2.1900368233920102e-05
0,0,2.190032900518737e-05
0,0,2.1900368233920102e-05
0,0,2.1900368233920102e-05
0,0,2.1900368233920102e-05
0,0,2.1900368233920102e-05
0,0,2.1900368233920102e-05
0,0,2.1900368233920102e-05
0,0,2.1900368233920102e-05
0,0,2.1900368233920102e-05
0,0,2.1900368233920102e-05
1,1,0.9999780982689799
0,0,2.1900368233920102e-05
0,0,2.1900368233920102e-05
0,0,2.1900368233920102e-05
0,0,2.1900368233920102e-05
0,0,2.1900368233920102e-05
1,1,0.9999780982689799
0,0,2.1900368233920102e-05
0,0,2.1900368233920102e-05
1,1,0.9999780982689799
0,0,2.1219298852346862e-05
1,1,0.9999780982689799
0,0,2.1900368233920102e-05
0,0,2.1900368233920102e-05
0,0,2.1900368233920102e-05
0,0,2.1900368233920102e-05
0,0,2.1900368233920102e-05
0,0,2.1686938306470504e-05
0,0,2.1900368233920102e-05
0,0,2.1900368233920102e-05
0,0,2.5367676273643276e-05
0,0,2.1900368233920102e-05
0,0,2.35437446597984e-05
0,0,2.1900368233920102e-05
0,0,2.1900368233920102e-05
1,1,0.9999780982689799
0,0,2.1900368233920102e-05
0,0,2.1900368233920102e-05
0,0,2.1900368233920102e-05
1,1,0.9999780982689799
0,0,2.1900368233920102e-05
0,0,2.1900368233920102e-05
0,0,2.1900368233920102e-05
0,0,2.1900368233920102e-05
0,0,2.1900368233920102e-05
1,1,0.9999780982689799
0,0,2.1900368233920102e-05
0,0,2.1900368233920102e-05
0,0,2.1900368233920102e-05
0,0,2.1900368233920102e-05
0,0,2.1849638289488447e-05
0,0,2.1900368233920102e-05
0,0,2.1900368233920102e-05
1,1,0.9999780982689799
0,0,2.1900368233920102e-05
0,0,2.1900368233920102e-05
0,0,2.1688931300343456e-05
0,0,2.1900368233920102e-05
0,0,2.1900368233920102e-05
0,0,2.1900368233920102e-05
0,0,2.1900368233920102e-05
0,0,2.1900368233920102e-05
0,0,2.1900368233920102e-05
0,0,2.1900368233920102e-05
0,0,2.1900368233920102e-05
0,0,2.1900368233920102e-05
1,1,0.99997685371493
0,0,2.1900368233920102e-05
0,0,2.1900368233920102e-05
0,0,2.1900368233920102e-05
0,0,2.1900368233920102e-05
0,0,2.1900368233920102e-05
0,0,2.1900368233920102e-05
0,0,2.1900368233920102e-05
0,0,2.1900368233920102e-05
0,0,2.1900368233920102e-05
0,0,2.1900368233920102e-05
0,0,2.1900368233920102e-05
1,1,0.9999780982689799
0,0,2.1900368233920102e-05
0,0,2.1900368233920102e-05
0,0,2.1900368233920102e-05
0,0,2.1900368233920102e-05
0,0,2.1900368233920102e-05
0,0,2.1900368233920102e-05
0,0,2.1900368233920102e-05
0,0,4.605354508144769e-05
0,0,2.1900368233920102e-05
1,1,0.9999780982689799
0,0,2.1900368233920102e-05
0,0,2.1900368233920102e-05
0,0,2.1900368233920102e-05
1,1,0.9999780982689799
0,0,2.4031021172094254e-05
0,0,2.190032900518737e-05
0,0,2.1900368233920102e-05
1,1,0.9999780982689799
0,0,2.1900368233920102e-05
1,1,0.9999780982689799
1,1,0.9999780982689799
0,0,2.1900368233920102e-05
0,0,2.1900368233920102e-05
1,1,0.9999780982689799
0,0,2.190032900518737e-05
0,0,2.1900368233920102e-05
0,0,2.1900368233920102e-05
0,0,2.1900368233920102e-05
0,0,2.179152769328258e-05
0,0,2.1900368233920102e-05
0,0,2.1900368233920102e-05
0,0,2.1900368233920102e-05
0,0,2.1900368233920102e-05
0,0,2.1900368233920102e-05
0,0,2.1900368233920102e-05
0,0,2.179152769328258e-05
0,0,2.1900368233920102e-05
0,0,2.1900368233920102e-05
0,0,2.1900368233920102e-05
0,0,2.1900368233920102e-05
0,0,2.1900368233920102e-05
0,0,2.190032900518737e-05
0,0,2.1900368233920102e-05
0,0,3.68935897520969e-05
0,0,2.1900368233920102e-05
0,0,2.1900368233920102e-05
0,0,2.1900368233920102e-05
1,1,0.999800044563731
0,0,2.1900368233920102e-05
0,0,2.1900368233920102e-05
0,0,2.1900368233920102e-05
0,0,2.190032900518737e-05
0,0,2.1900368233920102e-05
1,1,0.9999780982689799
0,0,2.1900368233920102e-05
0,0,2.1900368233920102e-05
0,0,2.1900368233920102e-05
0,0,2.1900368233920102e-05
0,0,2.190032900518737e-05
1,1,0.9999780982689799
0,0,2.1900368233920102e-05
0,0,2.1900368233920102e-05
1,1,0.9999780982689799
0,0,2.1900368233920102e-05
0,0,4.204834009961084e-05
0,0,2.190032900518737e-05
0,0,2.190032900518737e-05
0,0,2.1900368233920102e-05
0,0,2.1849638289488447e-05
1,1,0.9999780982689799
1,1,0.9999780982689799
0,0,2.1900368233920102e-05
0,0,2.1900368233920102e-05
0,0,2.190032900518737e-05
0,0,2.1900368233920102e-05
0,0,1.9436590837724132e-05
0,0,2.1849638289488447e-05
0,0,2.1900368233920102e-05
0,0,2.1849638289488447e-05
0,0,2.1900368233920102e-05
0,0,2.1900368233920102e-05
0,0,2.1900368233920102e-05
0,0,2.1900368233920102e-05
0,0,2.1900368233920102e-05
0,0,2.1900368233920102e-05
0,0,2.1900368233920102e-05
1,1,0.9986394277050008
0,0,2.1900368233920102e-05
0,0,2.1900368233920102e-05
0,0,2.1900368233920102e-05
0,0,2.1900368233920102e-05
1,1,0.9999780982689799
0,0,2.1900368233920102e-05
0,0,2.1900368233920102e-05
0,0,2.1900368233920102e-05
0,0,2.1219298852346862e-05
0,0,2.1900368233920102e-05
1,1,0.9999780982689799
1,1,0.9999780982689799
0,0,2.1900368233920102e-05
0,0,2.1900368233920102e-05
0,0,2.1900368233920102e-05
0,0,2.1900368233920102e-05
0,0,2.1900368233920102e-05
0,0,2.1900368233920102e-05
0,0,2.111182428105159e-05
0,0,2.1900368233920102e-05
0,0,2.1900368233920102e-05
0,0,2.1900368233920102e-05
1,1,0.9999780982689799
0,0,2.1900368233920102e-05
1,1,0.9999780982689799
0,0,2.1900368233920102e-05
0,0,2.1900368233920102e-05
0,0,2.1900368233920102e-05
0,0,2.1900368233920102e-05
0,0,2.1900368233920102e-05
0,0,2.1900368233920102e-05
0,0,2.1900368233920102e-05
1,1,0.9999780982689799
0,0,2.1900368233920102e-05
1,1,0.9999780982689799
0,0,2.179152769328258e-05
0,0,2.1900368233920102e-05
0,0,2.1900368233920102e-05
0,0,2.1900368233920102e-05
0,0,2.1900368233920102e-05
0,0,2.1900368233920102e-05
1,1,0.9999780982689799
0,0,2.1900368233920102e-05
0,0,2.1900368233920102e-05
0,0,2.1900368233920102e-05
0,0,2.1900368233920102e-05
0,0,2.1900368233920102e-05
0,0,2.1900368233920102e-05
0,0,2.1900368233920102e-05
0,0,2.1900368233920102e-05
0,0,2.1900368233920102e-05
0,0,2.1900368233920102e-05
1,1,0.9999781072907488
1,1,0.9999780982689799
0,0,2.1900368233920102e-05
0,0,2.1900368233920102e-05
0,0,2.1900368233920102e-05
0,0,2.1900368233920102e-05
1,1,0.9999780982689799
0,0,2.663272866956889e-05
0,0,2.1849638289488447e-05
1,1,0.9999780982689799
0,0,2.1900368233920102e-05
0,0,2.1900368233920102e-05
0,0,2.1900368233920102e-05
0,0,2.1900368233920102e-05
0,0,2.1900368233920102e-05
0,0,2.1900368233920102e-05
0,0,2.1900368233920102e-05
0,0,2.1900368233920102e-05
0,0,2.1900368233920102e-05
1,1,0.9999780982689799
0,0,2.1900368233920102e-05
1,1,0.9999780982689799
0,0,2.1849638289488447e-05
0,0,2.1900368233920102e-05
0,0,2.1900368233920102e-05
0,0,2.1900368233920102e-05
0,0,2.1900368233920102e-05
0,0,2.1900368233920102e-05
1,1,0.9999780982689799
0,0,2.1900368233920102e-05
0,0,2.1900368233920102e-05
0,0,2.1900368233920102e-05
0,0,2.1900368233920102e-05
0,0,2.1900368233920102e-05
0,0,2.190032900518737e-05
0,0,2.1900368233920102e-05
0,0,2.1900368233920102e-05
0,0,2.1900368233920102e-05
0,0,2.1900368233920102e-05
0,0,2.1900368233920102e-05
0,0,2.1900368233920102e-05
0,0,2.1900368233920102e-05
0,0,2.1900368233920102e-05
0,0,2.1900368233920102e-05
1,1,0.9999780982689799
0,0,2.1900368233920102e-05
0,0,2.1900368233920102e-05
0,0,2.1900368233920102e-05
0,0,2.1900368233920102e-05
0,0,2.1900368233920102e-05
1,1,0.9999780982689799
1,1,0.9999780982689799
0,0,2.1900368233920102e-05
0,0,2.1900368233920102e-05
0,0,2.1900368233920102e-05
0,0,2.1900368233920102e-05
0,0,2.1900368233920102e-05
0,0,2.1900368233920102e-05
0,0,2.1900368233920102e-05
1,1,0.9999780982689799
0,0,2.1900368233920102e-05
0,0,2.1900368233920102e-05
0,0,2.1900368233920102e-05
0,0,2.1900368233920102e-05
0,0,2.1900368233920102e-05
0,0,2.1900368233920102e-05
0,0,2.1900368233920102e-05
0,0,2.1900368233920102e-05
0,0,2.1850810655113965e-05
0,0,2.1900368233920102e-05
0,0,2.1900368233920102e-05
0,0,2.190032900518737e-05
0,0,2.1900368233920102e-05
0,0,2.1900368233920102e-05
0,0,2.1900368233920102e-05
0,0,2.1900368233920102e-05
0,0,2.1900368233920102e-05
0,0,2.1900368233920102e-05
0,0,2.1900368233920102e-05
0,0,2.1900368233920102e-05
0,0,2.1900368233920102e-05
0,0,2.1900368233920102e-05
0,0,2.1849638289488447e-05
0,0,2.1900368233920102e-05
1,1,0.9999780982689799
0,0,2.1900368233920102e-05
0,0,2.1900368233920102e-05
0,0,2.1900368233920102e-05
0,0,2.190032900518737e-05
1,1,0.9999780982689799
1,1,0.9999780982689799
0,0,2.1900368233920102e-05
0,0,2.1900368233920102e-05
0,0,2.1900368233920102e-05
0,0,2.190032900518737e-05
0,0,2.1900368233920102e-05
0,0,2.1900368233920102e-05
0,0,2.1900368233920102e-05
0,0,2.1900368233920102e-05
0,0,2.1900368233920102e-05
0,0,2.1900368233920102e-05
0,0,2.1900368233920102e-05
0,0,2.1900368233920102e-05
0,0,2.1900368233920102e-05
0,0,2.1900368233920102e-05
0,0,2.182222181106097e-05
1,1,0.9999780982689799
0,0,2.1900368233920102e-05
0,0,2.1900368233920102e-05
0,0,2.1900368233920102e-05
0,0,2.1900368233920102e-05
1,1,0.9999780982689799
0,0,2.1900368233920102e-05
0,0,2.1900368233920102e-05
0,0,2.1900368233920102e-05
0,0,2.1900368233920102e-05
0,0,2.1900368233920102e-05
0,0,2.1900368233920102e-05
0,0,2.1900368233920102e-05
0,0,2.1900368233920102e-05
0,0,2.1849638289488447e-05
1,1,0.9999782077488997
0,0,2.1900368233920102e-05
0,0,2.1900368233920102e-05
1,1,0.9999780982689799
0,0,2.1900368233920102e-05
0,0,2.1900368233920102e-05
0,0,2.1900368233920102e-05
0,0,2.1900368233920102e-05
0,0,2.1900368233920102e-05
0,0,2.1900368233920102e-05
0,0,2.1900368233920102e-05
0,0,2.1900368233920102e-05
0,0,2.1900368233920102e-05
0,0,2.1900368233920102e-05
0,0,2.1900368233920102e-05
0,0,2.1900368233920102e-05
0,0,2.1900368233920102e-05
0,0,2.190032900518737e-05
0,0,2.1900368233920102e-05
0,0,2.1900368233920102e-05
0,0,2.1900368233920102e-05
0,0,2.1900368233920102e-05
0,0,2.1900368233920102e-05
0,0,2.1900368233920102e-05
0,0,2.1849638289488447e-05
0,0,2.1900368233920102e-05
0,0,2.1900368233920102e-05
0,0,2.1900368233920102e-05
0,0,2.1900368233920102e-05
0,0,2.1900368233920102e-05
0,0,2.1900368233920102e-05
1,1,0.9999780982689799
0,0,2.190032900518737e-05
0,0,2.1900368233920102e-05
0,0,2.1900368233920102e-05
0,0,2.1900368233920102e-05
0,0,2.1900368233920102e-05
1,1,0.9999780982689799
0,0,2.1900368233920102e-05
0,0,2.1900368233920102e-05
0,0,2.1900368233920102e-05
1,1,0.9997098621959821
0,0,2.1900368233920102e-05
0,0,2.1900368233920102e-05
0,0,2.1900368233920102e-05
0,0,2.1900368233920102e-05
1,1,0.9999780982689799
0,0,2.1900368233920102e-05
0,0,2.1900368233920102e-05
0,0,2.1900368233920102e-05
0,0,2.179152769328258e-05
0,0,2.1900368233920102e-05
1,1,0.9999780982689799
0,0,2.1900368233920102e-05
0,0,2.1900368233920102e-05
0,0,2.1900368233920102e-05
0,0,2.1900368233920102e-05
0,0,2.1900368233920102e-05
0,0,2.1900368233920102e-05
0,0,2.1900368233920102e-05
1,1,0.9999780982689799
0,0,2.3332875687429415e-05
1,1,0.9999780982689799
0,0,2.1900368233920102e-05
0,0,2.1900368233920102e-05
0,0,2.1849638289488447e-05
0,0,2.190032900518737e-05
0,0,2.1900368233920102e-05
0,0,2.1900368233920102e-05
0,0,2.1900368233920102e-05
0,0,2.1900368233920102e-05
0,0,2.1900368233920102e-05
0,0,2.1900368233920102e-05
0,0,2.1900368233920102e-05
0,0,2.1900368233920102e-05
1,1,0.9999780982689799
0,0,2.190032900518737e-05
0,0,2.1900368233920102e-05
0,0,2.1900368233920102e-05
0,0,2.1900368233920102e-05
0,0,2.1900368233920102e-05
0,0,2.190032900518737e-05
0,0,2.1900368233920102e-05
0,0,2.1900368233920102e-05
1,1,0.9999780982689799
1,1,0.9999780982689799
0,0,2.1900368233920102e-05
1,1,0.9999780982689799
0,0,2.1900368233920102e-05
0,0,2.1900368233920102e-05
0,0,2.1900368233920102e-05
0,0,2.1900368233920102e-05
0,0,2.1900368233920102e-05
0,0,2.1900368233920102e-05
0,0,2.1900368233920102e-05
1,1,0.9999780982689799
1,0,0.09826621443716478
0,0,2.1849638289488447e-05
0,0,2.1900368233920102e-05
1,1,0.9999782087166031
0,0,2.1900368233920102e-05
0,0,2.1900368233920102e-05
0,0,2.1900368233920102e-05
0,0,2.1900368233920102e-05
1,1,0.9999780982689799
0,0,2.1900368233920102e-05
0,0,2.1900368233920102e-05
0,0,2.1900368233920102e-05
0,0,2.1900368233920102e-05
0,0,2.1900368233920102e-05
0,0,2.1900368233920102e-05
0,0,2.1900368233920102e-05
1,1,0.9999780982689799
0,0,2.1900368233920102e-05
1,1,0.9999780982689799
0,0,2.1900368233920102e-05
0,0,2.1900368233920102e-05
0,0,2.1900368233920102e-05
0,0,2.1900368233920102e-05
0,0,2.280100954017698e-05
0,0,2.1900368233920102e-05
0,0,2.1900368233920102e-05
0,0,2.1900368233920102e-05
0,0,2.1900368233920102e-05
0,0,2.1900368233920102e-05
1,1,0.9999780982689799
0,0,2.1900368233920102e-05
0,0,2.1900368233920102e-05
1,1,0.9999780982689799
0,0,2.1900368233920102e-05
0,0,2.7739238176425085e-05
0,0,2.1900368233920102e-05
0,0,2.2898056632711697e-05
0,0,2.1900368233920102e-05
0,0,2.1900368233920102e-05
0,0,2.1900368233920102e-05
1,1,0.9999780982689799
0,0,4.03280435988228e-05
0,0,0.0003301675698450725
0,0,2.1900368233920102e-05
0,0,2.1900368233920102e-05
0,0,2.1900368233920102e-05
0,0,2.1900368233920102e-05
0,0,2.1900368233920102e-05
0,0,2.1900368233920102e-05
0,0,2.1849638289488447e-05
0,0,2.1900368233920102e-05
0,0,2.1900368233920102e-05
0,0,2.1900368233920102e-05
0,0,2.1900368233920102e-05
0,0,2.1900368233920102e-05
0,0,2.1900368233920102e-05
0,0,2.1900368233920102e-05
0,0,2.190032900518737e-05
0,0,2.1900368233920102e-05
0,0,2.1900368233920102e-05
0,0,2.1849638289488447e-05
0,0,2.1900368233920102e-05
1,1,0.9999780982689799
1,1,0.9999780982689799
0,0,2.1900368233920102e-05
0,0,2.1900368233920102e-05
0,0,2.190032900518737e-05
0,0,2.1900368233920102e-05
0,0,2.1900368233920102e-05
1,1,0.9999780982689799
1,1,0.9999780982689799
0,0,2.1900368233920102e-05
0,0,2.1900368233920102e-05
0,0,2.1900368233920102e-05
0,0,2.1900368233920102e-05
0,0,2.1900368233920102e-05
0,0,2.1900368233920102e-05
0,0,2.1900368233920102e-05
0,0,2.1900368233920102e-05
1,1,0.9999780982689799
0,0,2.1900368233920102e-05
0,0,2.1900368233920102e-05
0,0,2.190032900518737e-05
0,0,2.1900368233920102e-05
0,0,2.1900368233920102e-05
0,0,2.1900368233920102e-05
0,0,2.1900368233920102e-05
1,1,0.9999780982689799
0,0,2.1900368233920102e-05
0,0,2.1900368233920102e-05
0,0,2.141921938388188e-05
1,1,0.9999536239479607
0,0,2.1900368233920102e-05
0,0,2.1900368233920102e-05
0,0,2.1900368233920102e-05
1,1,0.9999738643905615
0,0,2.1900368233920102e-05
1,1,0.9999780982689799
0,0,2.1900368233920102e-05
0,0,2.1900368233920102e-05
1,1,0.9999780982689799
0,0,2.1900368233920102e-05
0,0,2.1849638289488447e-05
0,0,2.1900368233920102e-05
0,0,2.1900368233920102e-05
1,1,0.9999780982689799
1,1,0.9999780982689799
0,0,2.1900368233920102e-05
0,0,2.1900368233920102e-05
0,0,2.1900368233920102e-05
0,0,3.0273612650564188e-05
0,0,2.1900368233920102e-05
0,0,2.1900368233920102e-05
1,1,0.9999780982689799
0,0,2.1900368233920102e-05
0,0,2.190032900518737e-05
0,0,2.1900368233920102e-05
0,0,2.1849638289488447e-05
0,0,2.1900368233920102e-05
0,0,2.1900368233920102e-05
0,0,2.1900368233920102e-05
0,0,2.1900368233920102e-05
0,0,2.1900368233920102e-05
0,0,2.1900368233920102e-05
0,0,2.1900368233920102e-05
0,0,2.1900368233920102e-05
0,0,2.1900368233920102e-05
0,0,2.1900368233920102e-05
0,0,2.190032900518737e-05
1,1,0.9839333745970918
0,0,2.1900368233920102e-05
0,0,2.1900368233920102e-05
1,1,0.9999780982689799
1,1,0.9999780982689799
0,0,2.1900368233920102e-05
0,0,2.1900368233920102e-05
0,0,2.190032900518737e-05
1,1,0.9999780982689799
0,0,2.1900368233920102e-05
0,0,2.1900368233920102e-05
1,1,0.9999780982689799
0,0,2.1900368233920102e-05
0,0,2.1900368233920102e-05
0,0,2.1900368233920102e-05
0,0,2.1900368233920102e-05
1,1,0.9999780982689799
0,0,2.1900368233920102e-05
0,0,2.1900368233920102e-05
0,0,2.190032900518737e-05
0,0,2.1900368233920102e-05
0,0,2.1900368233920102e-05
0,0,2.1900368233920102e-05
0,0,2.1900368233920102e-05
0,0,2.1900368233920102e-05
0,0,2.1900368233920102e-05
0,0,2.1900368233920102e-05
0,0,2.1900368233920102e-05
0,0,2.1849638289488447e-05
0,0,2.1900368233920102e-05
0,0,2.1900368233920102e-05
0,0,2.1900368233920102e-05
0,0,2.1900368233920102e-05
0,0,2.1900368233920102e-05
0,0,2.1900368233920102e-05
0,0,2.1900368233920102e-05
0,0,2.1900368233920102e-05
0,0,2.1900368233920102e-05
0,0,2.5594823069531922e-05
0,0,2.1900368233920102e-05
0,0,2.1900368233920102e-05
0,0,2.1849638289488447e-05
0,0,2.1900368233920102e-05
0,0,2.1900368233920102e-05
0,0,2.1900368233920102e-05
0,0,2.1900368233920102e-05
0,0,3.0273612650564188e-05
0,0,2.1900368233920102e-05
0,0,2.1900368233920102e-05
0,0,2.1900368233920102e-05
0,0,2.1900368233920102e-05
0,0,2.1900368233920102e-05
0,0,2.1849638289488447e-05
0,0,2.1900368233920102e-05
0,0,2.1900368233920102e-05
0,0,2.1900368233920102e-05
0,0,2.1900368233920102e-05
0,0,2.1900368233920102e-05
0,0,2.1900368233920102e-05
0,0,2.1900368233920102e-05
0,0,2.1900368233920102e-05
1,1,0.9999780982689799
0,0,2.1900368233920102e-05
0,0,2.1900368233920102e-05
0,0,2.1900368233920102e-05
0,0,2.1900368233920102e-05
0,0,2.1900368233920102e-05
1,1,0.9999780982689799
0,0,2.179152769328258e-05
0,0,2.1900368233920102e-05
0,0,2.190032900518737e-05
0,0,2.1900368233920102e-05
0,0,2.1900368233920102e-05
0,0,2.1900368233920102e-05
1,1,0.9999780982689799
0,0,2.1900368233920102e-05
0,0,2.1900368233920102e-05
0,0,2.1900368233920102e-05
0,0,2.1900368233920102e-05
0,0,2.1900368233920102e-05
0,0,2.1900368233920102e-05
0,0,2.1900368233920102e-05
0,0,2.1900368233920102e-05
0,0,2.1900368233920102e-05
0,0,2.1900368233920102e-05
0,0,2.1900368233920102e-05
0,0,2.1900368233920102e-05
0,0,2.880348518722063e-05
0,0,2.1900368233920102e-05
0,0,2.1900368233920102e-05
1,1,0.9999780982689799
0,0,2.1900368233920102e-05
0,0,2.1686938306470504e-05
0,0,2.1900368233920102e-05
0,0,2.1900368233920102e-05
0,0,2.1900368233920102e-05
1,1,0.9999780982689799
0,0,2.1900368233920102e-05
0,0,2.1900368233920102e-05
0,0,2.1900368233920102e-05
0,0,2.1900368233920102e-05
0,0,2.1900368233920102e-05
0,0,2.190032900518737e-05
0,0,2.1900368233920102e-05
0,0,2.1900368233920102e-05
0,0,2.1900368233920102e-05
0,0,2.1900368233920102e-05
1,1,0.9999780982689799
0,0,2.1900368233920102e-05
0,0,2.1900368233920102e-05
0,0,2.1900368233920102e-05
0,0,2.1900368233920102e-05
1,1,0.9999780982689799
0,0,2.1900368233920102e-05
0,0,2.1900368233920102e-05
0,0,2.1900368233920102e-05
0,0,2.1900368233920102e-05
0,0,2.1900368233920102e-05
0,0,2.1759094668752983e-05
0,0,2.1900368233920102e-05
1,1,0.9999780982689799
0,0,2.1900368233920102e-05
0,0,2.6023323461399888e-05
0,0,2.1900368233920102e-05
1,1,0.9999285496024827
0,0,2.1900368233920102e-05
1,1,0.9999780982689799
0,0,2.1900368233920102e-05
0,0,2.1900368233920102e-05
0,0,2.1900368233920102e-05
0,0,2.1702930865998866e-05
0,0,2.179152769328258e-05
0,0,2.1849638289488447e-05
0,0,2.1900368233920102e-05
0,0,2.1716809773558755e-05
1,1,0.9999780982689799
0,0,2.1900368233920102e-05
0,0,2.190032900518737e-05
0,0,2.1900368233920102e-05
0,0,2.1900368233920102e-05
0,0,2.1900368233920102e-05
0,0,2.1900368233920102e-05
0,0,2.1900368233920102e-05
0,0,2.1900368233920102e-05
0,0,2.1900368233920102e-05
0,0,2.1900368233920102e-05
1,1,0.9999780982689799
0,0,2.1900368233920102e-05
0,0,2.1900368233920102e-05
0,0,2.1900368233920102e-05
0,0,2.1900368233920102e-05
0,0,2.1900368233920102e-05
1,1,0.9999780982689799
0,0,2.1900368233920102e-05
0,0,2.1900368233920102e-05
0,0,2.190032900518737e-05
0,0,2.1900368233920102e-05
0,0,2.1900368233920102e-05
0,0,2.1900368233920102e-05
0,0,2.1900368233920102e-05
0,0,2.1900368233920102e-05
0,0,2.1900368233920102e-05
0,0,2.2798939554795958e-05
0,0,2.1900368233920102e-05
0,0,2.1900368233920102e-05
0,0,2.1900368233920102e-05
0,0,2.1900368233920102e-05
0,0,2.1900368233920102e-05
0,0,2.1900368233920102e-05
0,0,2.1900368233920102e-05
0,0,2.1900368233920102e-05
0,0,2.1900368233920102e-05
0,0,2.1849638289488447e-05
0,0,2.1900368233920102e-05
0,0,2.1900368233920102e-05
1,1,0.9999780982689799
0,0,2.1900368233920102e-05
0,0,2.160057294560227e-05
0,0,2.1900368233920102e-05
0,0,2.1900368233920102e-05
0,0,2.1900368233920102e-05
0,0,2.1900368233920102e-05
0,0,2.1900368233920102e-05
0,0,2.1900368233920102e-05
1,1,0.9999780982689799
1,1,0.9999383614504035
0,0,2.1900368233920102e-05
0,0,2.1900368233920102e-05
0,0,2.1759094668752983e-05
0,0,2.1900368233920102e-05
0,0,2.1900368233920102e-05
1,1,0.9999780982689799
0,0,2.1900368233920102e-05
0,0,2.1900368233920102e-05
1,1,0.9999780982689799
0,0,2.190032900518737e-05
0,0,2.1900368233920102e-05
0,0,2.1900368233920102e-05
0,0,2.1900368233920102e-05
0,0,2.1849638289488447e-05
0,0,2.190032900518737e-05
0,0,2.1900368233920102e-05
0,0,2.1900368233920102e-05
0,0,2.1900368233920102e-05
0,0,2.190032900518737e-05
0,0,2.1900368233920102e-05
0,0,2.1900368233920102e-05
0,0,2.1900368233920102e-05
0,0,2.1900368233920102e-05
1,1,0.9999437365586874
0,0,2.1900368233920102e-05
0,0,2.1900368233920102e-05
0,0,2.1849638289488447e-05
0,0,2.1900368233920102e-05
1,1,0.9999780982689799
0,0,2.1900368233920102e-05
0,0,2.1900368233920102e-05
0,0,2.1900368233920102e-05
0,0,2.1900368233920102e-05
0,0,2.1900368233920102e-05
1,1,0.9999780982689799
0,0,2.1900368233920102e-05
0,0,2.1900368233920102e-05
1,1,0.9999780982689799
0,0,2.1900368233920102e-05
0,0,2.1900368233920102e-05
0,0,2.1900368233920102e-05
0,0,2.1900368233920102e-05
0,0,2.1900368233920102e-05
0,0,2.1900368233920102e-05
0,0,2.1849638289488447e-05
0,0,2.1900368233920102e-05
0,0,2.1900368233920102e-05
0,0,2.1900368233920102e-05
0,0,2.1900368233920102e-05
0,0,2.1900368233920102e-05
0,0,2.1900368233920102e-05
0,0,2.1900368233920102e-05
0,0,2.1900368233920102e-05
0,0,2.1900368233920102e-05
0,0,2.1900368233920102e-05
0,0,2.1900368233920102e-05
0,0,2.1900368233920102e-05
0,0,2.1900368233920102e-05
0,0,2.1900368233920102e-05
0,0,2.1900368233920102e-05
0,0,2.1900368233920102e-05
0,0,2.1900368233920102e-05
0,0,2.1900368233920102e-05
0,0,2.1900368233920102e-05
0,0,2.1900368233920102e-05
0,0,2.1900368233920102e-05
0,0,2.190032900518737e-05
0,0,2.1900368233920102e-05
0,0,2.1900368233920102e-05
0,0,2.1900368233920102e-05
0,0,2.1900368233920102e-05
0,0,2.1900368233920102e-05
0,0,2.1900368233920102e-05
0,0,2.1900368233920102e-05
0,0,2.1900368233920102e-05
0,0,2.1900368233920102e-05
0,0,2.1900368233920102e-05
0,0,2.1900368233920102e-05
1,1,0.9999780982689799
1,1,0.9999780982689799
1,1,0.9999780982689799
1,1,0.9999441468649104
0,0,2.1900368233920102e-05
0,0,2.1900368233920102e-05
0,0,2.1900368233920102e-05
1,1,0.9999780982689799
0,0,2.1900368233920102e-05
0,0,2.1900368233920102e-05
0,0,2.1849638289488447e-05
0,0,2.1900368233920102e-05
0,0,2.1900368233920102e-05
0,0,2.1900368233920102e-05
0,0,2.190032900518737e-05
0,0,2.1900368233920102e-05
0,0,2.1900368233920102e-05
0,0,2.1900368233920102e-05
0,0,2.1900368233920102e-05
0,0,2.1900368233920102e-05
0,0,2.1900368233920102e-05
0,0,2.1900368233920102e-05
0,0,2.1900368233920102e-05
0,0,2.1900368233920102e-05
0,0,2.190032900518737e-05
0,0,2.1900368233920102e-05
0,0,2.1900368233920102e-05
0,0,2.1900368233920102e-05
0,0,2.1900368233920102e-05
0,0,2.1900368233920102e-05
0,0,2.1900368233920102e-05
0,0,2.1900368233920102e-05
0,0,2.1900368233920102e-05
0,0,2.1900368233920102e-05
0,0,2.1900368233920102e-05
0,0,2.1900368233920102e-05
0,0,2.1900368233920102e-05
1,1,0.9999484017551283
0,0,2.1900368233920102e-05
0,0,2.1900368233920102e-05
0,0,2.1900368233920102e-05
0,0,2.1900368233920102e-05
0,0,2.1900368233920102e-05
0,0,2.1900368233920102e-05
1,1,0.9999780982689799
0,0,2.1900368233920102e-05
0,0,2.1900368233920102e-05
0,0,2.1900368233920102e-05
0,0,2.1900368233920102e-05
1,1,0.9999780982689799
0,0,2.1900368233920102e-05
0,0,2.1900368233920102e-05
0,0,2.1900368233920102e-05
0,0,2.1900368233920102e-05
0,0,2.1900368233920102e-05
0,0,6.360435682976828e-05
1,1,0.9999780982689799
0,0,2.1900368233920102e-05
0,0,2.1900368233920102e-05
0,0,2.1900368233920102e-05
0,0,2.1900368233920102e-05
0,0,2.1900368233920102e-05
0,0,2.290479962423446e-05
0,0,2.1900368233920102e-05
0,0,2.1900368233920102e-05
0,0,2.1900368233920102e-05
0,0,2.1900368233920102e-05
0,0,2.1900368233920102e-05
0,0,2.1900368233920102e-05
0,0,2.1900368233920102e-05
1,1,0.9999780982689799
0,0,2.1900368233920102e-05
1,1,0.9999780982689799
0,0,2.1688931300343456e-05
1,1,0.9999780982689799
0,0,2.1900368233920102e-05
0,0,2.1900368233920102e-05
1,1,0.9999780982689799
0,0,2.1900368233920102e-05
0,0,2.1900368233920102e-05
0,0,2.1900368233920102e-05
1,1,0.9999780982689799
0,0,2.1900368233920102e-05
1,1,0.9999780982689799
0,0,2.1900368233920102e-05
0,0,2.1900368233920102e-05
0,0,2.1900368233920102e-05
1,1,0.9999780982689799
0,0,2.1900368233920102e-05
1,1,0.9999780982689799
0,0,2.1900368233920102e-05
0,0,2.1900368233920102e-05
0,0,2.1900368233920102e-05
0,0,2.1849638289488447e-05
0,0,2.1900368233920102e-05
0,0,2.1900368233920102e-05
0,0,2.1900368233920102e-05
0,0,2.1900368233920102e-05
0,0,2.1900368233920102e-05
0,0,2.1900368233920102e-05
0,0,2.1900368233920102e-05
1,1,0.9999780982689799
0,0,2.1900368233920102e-05
0,0,2.1900368233920102e-05
0,0,2.1900368233920102e-05
0,0,2.1900368233920102e-05
1,1,0.9999780982689799
0,0,2.1900368233920102e-05
0,0,2.1900368233920102e-05
0,0,2.1900368233920102e-05
0,0,2.1900368233920102e-05
0,0,2.1900368233920102e-05
0,0,2.1900368233920102e-05
0,0,2.1900368233920102e-05
0,0,2.1900368233920102e-05
0,0,2.1900368233920102e-05
1,1,0.9999780982689799
0,0,2.1900368233920102e-05
0,0,2.1900368233920102e-05
0,0,2.1900368233920102e-05
0,0,2.1900368233920102e-05
1,1,0.9999780982689799
0,0,2.1900368233920102e-05
0,0,2.1900368233920102e-05
0,0,2.1900368233920102e-05
0,0,2.1900368233920102e-05
0,0,2.1900368233920102e-05
0,0,2.1900368233920102e-05
0,0,2.1311567650044245e-05
0,0,2.1900368233920102e-05
0,0,2.1900368233920102e-05
0,0,2.1900368233920102e-05
0,0,2.1900368233920102e-05
0,0,2.1900368233920102e-05
0,0,2.1900368233920102e-05
0,0,2.1900368233920102e-05
0,0,2.1900368233920102e-05
0,0,2.1900368233920102e-05
0,0,2.1900368233920102e-05
0,0,2.1900368233920102e-05
0,0,2.1900368233920102e-05
0,0,2.1900368233920102e-05
1,1,0.9999780982689799
0,0,2.1686938306470504e-05
0,0,2.1900368233920102e-05
1,1,0.99997685371493
0,0,2.1900368233920102e-05
0,0,2.1900368233920102e-05
0,0,2.3332397561467826e-05
0,0,2.1900368233920102e-05
0,0,2.1900368233920102e-05
0,0,2.1900368233920102e-05
0,0,2.8217727923100456e-05
1,1,0.9999780982689799
0,0,2.1900368233920102e-05
1,1,0.9999780982689799
0,0,2.1900368233920102e-05
0,0,2.1900368233920102e-05
0,0,2.1900368233920102e-05
0,0,2.1849638289488447e-05
0,0,2.1900368233920102e-05
0,0,2.1900368233920102e-05
0,0,2.1900368233920102e-05
0,0,2.1900368233920102e-05
0,0,2.1900368233920102e-05
0,0,2.1900368233920102e-05
1,1,0.9999780982689799
0,0,2.1900368233920102e-05
0,0,2.1900368233920102e-05
0,0,2.1900368233920102e-05
0,0,2.1900368233920102e-05
0,0,2.1900368233920102e-05
0,0,2.1900368233920102e-05
0,0,2.1900368233920102e-05
1,1,0.9999780982689799
0,0,2.1900368233920102e-05
0,0,2.1900368233920102e-05
0,0,2.1900368233920102e-05
0,0,2.1900368233920102e-05
0,0,2.1900368233920102e-05
0,0,2.1900368233920102e-05
1,1,0.9999780982689799
1,1,0.9999780982689799
0,0,2.1900368233920102e-05
1,1,0.9999780982689799
1,1,0.9999780982689799
0,0,2.1900368233920102e-05
0,0,2.1900368233920102e-05
0,0,2.1850810655113965e-05
0,0,2.1900368233920102e-05
0,0,2.1900368233920102e-05
0,0,2.1900368233920102e-05
0,0,2.1900368233920102e-05
0,0,2.1900368233920102e-05
0,0,2.190032900518737e-05
0,0,2.1900368233920102e-05
0,0,2.1900368233920102e-05
0,0,2.1900368233920102e-05
0,0,2.1900368233920102e-05
0,0,2.1900368233920102e-05
0,0,2.1900368233920102e-05
0,0,2.1900368233920102e-05
1,1,0.9999780982689799
0,0,2.1900368233920102e-05
0,0,2.1900368233920102e-05
0,0,2.1900368233920102e-05
0,0,2.1900368233920102e-05
1,1,0.9999780982689799
1,1,0.9999780982689799
0,0,2.1900368233920102e-05
0,0,2.1900368233920102e-05
0,0,2.1900368233920102e-05
0,0,2.1900368233920102e-05
0,0,2.1900368233920102e-05
0,0,2.1900368233920102e-05
1,1,0.9999780982689799
0,0,2.1900368233920102e-05
0,0,2.1900368233920102e-05
0,0,2.1900368233920102e-05
0,0,2.1900368233920102e-05
0,0,2.190032900518737e-05
0,0,2.1900368233920102e-05
0,0,2.1900368233920102e-05
0,0,2.1900368233920102e-05
0,0,2.1900368233920102e-05
0,0,2.1900368233920102e-05
0,0,2.190032900518737e-05
0,0,2.1900368233920102e-05
0,0,2.1900368233920102e-05
0,0,2.1900368233920102e-05
1,1,0.9999780982689799
0,0,2.1900368233920102e-05
0,0,2.1900368233920102e-05
0,0,2.1900368233920102e-05
0,0,2.1900368233920102e-05
0,0,2.379548701718641e-05
0,0,2.1900368233920102e-05
0,0,2.1900368233920102e-05
0,0,2.1900368233920102e-05
0,0,2.1900368233920102e-05
0,0,2.1900368233920102e-05
0,0,2.1900368233920102e-05
0,0,2.190032900518737e-05
0,0,2.1900368233920102e-05
0,0,2.1900368233920102e-05
1,1,0.9999780982689799
0,0,2.1900368233920102e-05
1,1,0.9999780982689799
0,0,2.1849638289488447e-05
0,0,2.1900368233920102e-05
1,1,0.9999780982689799
0,0,2.1900368233920102e-05
0,0,2.1900368233920102e-05
1,1,0.9999780982689799
1,1,0.9999780982689799
0,0,2.1900368233920102e-05
1,1,0.9999780982689799
0,0,2.1900368233920102e-05
0,0,2.1900368233920102e-05
0,0,2.1900368233920102e-05
1,1,0.998091060306177
0,0,2.1900368233920102e-05
0,0,2.1900368233920102e-05
0,0,2.1900368233920102e-05
0,0,2.1900368233920102e-05
0,0,2.1900368233920102e-05
1,1,0.9999780982689799
0,0,2.1900368233920102e-05
0,0,2.1900368233920102e-05
0,0,2.1900368233920102e-05
0,0,2.1900368233920102e-05
1,1,0.9999780982689799
0,0,2.1900368233920102e-05
0,0,2.1900368233920102e-05
0,0,2.1900368233920102e-05
1,1,0.9999780982689799
0,0,2.1900368233920102e-05
0,0,2.1900368233920102e-05
0,0,2.1900368233920102e-05
0,0,2.1900368233920102e-05
1,1,0.9999780982689799
0,0,2.1900368233920102e-05
0,0,0.00014949745447621657
1,1,0.9999780982689799
0,0,2.190032900518737e-05
0,0,2.1900368233920102e-05
0,0,2.1900368233920102e-05
0,0,2.1900368233920102e-05
0,0,2.1900368233920102e-05
0,0,2.1900368233920102e-05
1,1,0.9999780982689799
1,1,0.9999780982689799
1,1,0.9999780982689799
0,0,2.1900368233920102e-05
1,1,0.9999780982689799
1,1,0.9999780982689799
0,0,2.1900368233920102e-05
0,0,2.1900368233920102e-05
0,0,2.1900368233920102e-05
0,0,2.1900368233920102e-05
0,0,2.1900368233920102e-05
0,0,2.1900368233920102e-05
0,0,2.1900368233920102e-05
1,1,0.9999780982689799
0,0,2.1900368233920102e-05
0,0,2.1900368233920102e-05
0,0,2.1900368233920102e-05
0,0,2.1900368233920102e-05
1,1,0.999966901140209
0,0,2.1849638289488447e-05
0,0,2.1900368233920102e-05
1,1,0.9999780982689799
0,0,2.1900368233920102e-05
1,1,0.9999780982689799
0,0,2.1900368233920102e-05
0,0,2.1900368233920102e-05
0,0,2.1900368233920102e-05
0,0,2.1900368233920102e-05
0,0,2.1900368233920102e-05
0,0,2.1900368233920102e-05
0,0,2.1900368233920102e-05
0,0,2.1900368233920102e-05
0,0,2.1900368233920102e-05
0,0,2.1900368233920102e-05
1,1,0.9999780982689799
0,0,2.1900368233920102e-05
0,0,2.1900368233920102e-05
0,0,2.1900368233920102e-05
0,0,2.1900368233920102e-05
0,0,2.1900368233920102e-05
0,0,2.1900368233920102e-05
0,0,2.1849638289488447e-05
0,0,2.1900368233920102e-05
0,0,2.1849638289488447e-05
0,0,2.1900368233920102e-05
1,1,0.9999780982689799
0,0,2.1900368233920102e-05
0,0,2.1900368233920102e-05
0,0,2.1900368233920102e-05
0,0,2.1900368233920102e-05
0,0,2.190032900518737e-05
0,0,2.1900368233920102e-05
0,0,2.1849638289488447e-05
0,0,2.190032900518737e-05
0,0,2.1900368233920102e-05
0,0,2.163765449622024e-05
1,1,0.9999780982689799
0,0,2.1900368233920102e-05
0,0,2.1900368233920102e-05
1,1,0.9999780982689799
0,0,2.1900368233920102e-05
0,0,2.1900368233920102e-05
0,0,2.1900368233920102e-05
1,1,0.9999780982689799
0,0,2.1900368233920102e-05
0,0,2.1900368233920102e-05
0,0,2.1900368233920102e-05
0,0,2.1900368233920102e-05
1,1,0.9999780982689799
0,0,2.1900368233920102e-05
0,0,2.1900368233920102e-05
0,0,2.1900368233920102e-05
0,0,2.1900368233920102e-05
0,0,2.1900368233920102e-05
0,0,2.190032900518737e-05
0,0,2.1900368233920102e-05
1,1,0.9999780982689799
0,0,2.1900368233920102e-05
0,0,2.1900368233920102e-05
0,0,2.1900368233920102e-05
0,0,2.1900368233920102e-05
0,0,2.1900368233920102e-05
0,0,2.1900368233920102e-05
0,0,2.1900368233920102e-05
0,0,2.1900368233920102e-05
0,0,2.1900368233920102e-05
0,0,2.1900368233920102e-05
1,1,0.9999780982689799
0,0,2.1900368233920102e-05
0,0,2.1900368233920102e-05
0,0,2.1900368233920102e-05
0,0,2.1900368233920102e-05
0,0,2.1900368233920102e-05
0,0,2.1900368233920102e-05
1,1,0.999976418107775
0,0,2.1900368233920102e-05
0,0,2.190032900518737e-05
1,1,0.9999780982689799
0,0,2.1900368233920102e-05
1,1,0.9999780982689799
1,1,0.9999780982689799
0,0,2.1900368233920102e-05
0,0,2.1900368233920102e-05
1,1,0.9999782091676533
0,0,2.1900368233920102e-05
1,1,0.9999780982689799
0,0,2.1900368233920102e-05
0,0,2.1900368233920102e-05
1,1,0.9999780982689799
0,0,2.1900368233920102e-05
0,0,2.1900368233920102e-05
1,1,0.9999780982689799
0,0,2.1849638289488447e-05
0,0,2.1900368233920102e-05
0,0,2.1900368233920102e-05
0,0,2.1900368233920102e-05
0,0,2.1900368233920102e-05
0,0,2.1900368233920102e-05
0,0,2.1849638289488447e-05
0,0,2.1849638289488447e-05
1,1,0.9999780982689799
0,0,2.1900368233920102e-05
0,0,2.1900368233920102e-05
0,0,2.1900368233920102e-05
0,0,2.1900368233920102e-05
0,0,2.1900368233920102e-05
0,0,2.1900368233920102e-05
0,0,2.1900368233920102e-05
0,0,2.1900368233920102e-05
1,1,0.9999780982689799
0,0,2.1900368233920102e-05
0,0,2.1900368233920102e-05
1,1,0.9999780982689799
0,0,2.1900368233920102e-05
0,0,2.1900368233920102e-05
0,0,2.1900368233920102e-05
0,0,2.1900368233920102e-05
0,0,2.1900368233920102e-05
0,0,2.1900368233920102e-05
0,0,2.190032900518737e-05
0,0,2.1900368233920102e-05
0,0,2.1900368233920102e-05
0,0,2.1900368233920102e-05
0,0,2.1849638289488447e-05
0,0,2.1900368233920102e-05
0,0,2.1900368233920102e-05
0,0,2.1900368233920102e-05
0,0,2.1900368233920102e-05
0,0,2.1900368233920102e-05
0,0,2.1900368233920102e-05
0,0,2.1900368233920102e-05
0,0,2.1849638289488447e-05
0,0,2.1849638289488447e-05
0,0,2.1900368233920102e-05
0,0,2.1900368233920102e-05
0,0,2.1900368233920102e-05
0,0,2.1900368233920102e-05
0,0,2.103174222015622e-05
0,0,2.1900368233920102e-05
0,0,2.1900368233920102e-05
0,0,2.1900368233920102e-05
0,0,0.00018320930403182143
0,0,2.1900368233920102e-05
0,0,2.1900368233920102e-05
1,1,0.9999780982689799
1,1,0.9999780982689799
0,0,2.1900368233920102e-05
1,1,0.9999780982689799
0,0,2.1900368233920102e-05
0,0,2.1900368233920102e-05
0,0,2.1900368233920102e-05
0,0,2.1900368233920102e-05
0,0,2.1900368233920102e-05
0,0,2.1900368233920102e-05
0,0,2.1900368233920102e-05
0,0,2.1900368233920102e-05
0,0,2.1900368233920102e-05
0,0,2.1900368233920102e-05
0,0,2.1900368233920102e-05
0,0,2.1900368233920102e-05
0,0,2.1900368233920102e-05
0,0,2.1900368233920102e-05
1,1,0.9999753152099968
0,0,2.1900368233920102e-05
0,0,2.1900368233920102e-05
0,0,2.1900368233920102e-05
0,0,2.1900368233920102e-05
0,0,2.1900368233920102e-05
0,0,2.1900368233920102e-05
0,0,2.1900368233920102e-05
0,0,2.1900368233920102e-05
0,0,2.1900368233920102e-05
0,0,2.1849638289488447e-05
0,0,2.1900368233920102e-05
0,0,2.1900368233920102e-05
0,0,2.1900368233920102e-05
0,0,2.190032900518737e-05
0,0,2.1900368233920102e-05
0,0,2.1849638289488447e-05
0,0,2.1900368233920102e-05
0,0,2.1900368233920102e-05
0,0,2.1900368233920102e-05
0,0,2.1688931300343456e-05
0,0,2.1900368233920102e-05
0,0,2.1900368233920102e-05
0,0,2.1900368233920102e-05
0,0,2.1900368233920102e-05
1,1,0.9999780982689799
0,0,2.1900368233920102e-05
0,0,2.1900368233920102e-05
0,0,2.1900368233920102e-05
0,0,2.1900368233920102e-05
0,0,2.1900368233920102e-05
0,0,2.1900368233920102e-05
1,1,0.9999780982689799
0,0,2.1900368233920102e-05
0,0,2.1900368233920102e-05
0,0,2.1900368233920102e-05
0,0,2.1900368233920102e-05
0,0,2.1900368233920102e-05
0,0,2.1900368233920102e-05
0,0,2.1900368233920102e-05
0,0,2.1849638289488447e-05
0,0,2.1900368233920102e-05
1,1,0.9999780982689799
0,0,2.1900368233920102e-05
0,0,2.1900368233920102e-05
0,0,2.1900368233920102e-05
1,1,0.9999780982689799
0,0,2.1900368233920102e-05
0,0,2.1900368233920102e-05
0,0,2.1900368233920102e-05
0,0,2.1688931300343456e-05
0,0,2.1900368233920102e-05
0,0,2.1900368233920102e-05
1,1,0.9999780982689799
0,0,2.1900368233920102e-05
0,0,2.1900368233920102e-05
0,0,2.1900368233920102e-05
0,0,2.1900368233920102e-05
0,0,2.1686040955391878e-05
0,0,2.1849638289488447e-05
1,1,0.9999780982689799
0,0,2.1900368233920102e-05
1,1,0.9999780982689799
1,1,0.9999780982689799
1,1,0.9999780982689799
0,0,2.1900368233920102e-05
0,0,2.190032900518737e-05
1,1,0.9999780982689799
0,0,2.1900368233920102e-05
1,1,0.9999780982689799
1,1,0.9999780982689799
0,0,2.1900368233920102e-05
0,0,2.1900368233920102e-05
0,0,2.1900368233920102e-05
0,0,2.190032900518737e-05
0,0,2.1900368233920102e-05
0,0,2.1900368233920102e-05
0,0,2.1900368233920102e-05
0,0,2.1900368233920102e-05
0,0,3.934906208330595e-05
0,0,2.1900368233920102e-05
0,0,2.1900368233920102e-05
0,0,2.1900368233920102e-05
0,0,2.1900368233920102e-05
0,0,2.1900368233920102e-05
0,0,2.1900368233920102e-05
0,0,2.1900368233920102e-05
0,0,2.190032900518737e-05
0,0,2.1900368233920102e-05
1,1,0.9999780982689799
0,0,2.1849638289488447e-05
0,0,2.190032900518737e-05
1,1,0.9999780982689799
0,0,2.1900368233920102e-05
0,0,2.190032900518737e-05
0,0,2.1900368233920102e-05
0,0,2.884677546845149e-05
0,0,2.1900368233920102e-05
0,0,2.1900368233920102e-05
0,0,2.1900368233920102e-05
0,0,2.1900368233920102e-05
0,0,2.223199134544354e-05
0,0,2.1900368233920102e-05
0,0,2.1900368233920102e-05
0,0,2.1900368233920102e-05
0,0,2.1849638289488447e-05
0,0,2.1900368233920102e-05
0,0,2.1900368233920102e-05
0,0,2.1900368233920102e-05
0,0,2.1900368233920102e-05
0,0,2.1900368233920102e-05
1,1,0.9999780982689799
0,0,2.1900368233920102e-05
1,1,0.9999780982689799
0,0,2.1900368233920102e-05
0,0,2.1900368233920102e-05
0,0,2.1900368233920102e-05
0,0,2.1900368233920102e-05
0,0,2.1900368233920102e-05
0,0,2.1900368233920102e-05
1,1,0.9999780982689799
0,0,2.1900368233920102e-05
0,0,2.1900368233920102e-05
1,1,0.9999780982689799
0,0,2.1900368233920102e-05
1,1,0.9999780982689799
0,0,2.1900368233920102e-05
0,0,2.1900368233920102e-05
0,0,1.75539867474246e-05
0,0,2.1900368233920102e-05
1,1,0.9999780982689799
1,1,0.9999780982689799
0,0,2.1900368233920102e-05
0,0,2.1900368233920102e-05
0,0,2.1900368233920102e-05
0,0,2.1900368233920102e-05
0,0,2.1900368233920102e-05
1,1,0.9999780982689799
0,0,2.1900368233920102e-05
0,0,2.1849638289488447e-05
1,1,0.9999780982689799
0,0,2.1900368233920102e-05
0,0,2.1900368233920102e-05
0,0,2.1900368233920102e-05
1,1,0.9999780982689799
0,0,2.620416078041641e-05
0,0,2.1900368233920102e-05
1,1,0.9999780982689799
0,0,2.1900368233920102e-05
0,0,2.1900368233920102e-05
0,0,2.1900368233920102e-05
0,0,2.1900368233920102e-05
0,0,2.1900368233920102e-05
0,0,2.1900368233920102e-05
1,1,0.9999780982689799
0,0,2.1900368233920102e-05
0,0,2.1900368233920102e-05
0,0,2.1900368233920102e-05
1,1,0.9999780982689799
0,0,2.1900368233920102e-05
0,0,2.1900368233920102e-05
0,0,2.1900368233920102e-05
0,0,2.1900368233920102e-05
0,0,2.1900368233920102e-05
0,0,2.1900368233920102e-05
0,0,2.288784447544899e-05
0,0,2.1900368233920102e-05
1,1,0.9999780982689799
0,0,2.1900368233920102e-05
0,0,2.1900368233920102e-05
1,1,0.9999780982689799
0,0,2.190032900518737e-05
1,1,0.9999780982689799
0,0,2.190032900518737e-05
0,0,2.1900368233920102e-05
0,0,2.1900368233920102e-05
0,0,2.1900368233920102e-05
0,0,2.1900368233920102e-05
0,0,2.1900368233920102e-05
0,0,2.1900368233920102e-05
0,0,2.1900368233920102e-05
0,0,2.1900368233920102e-05
0,0,2.1900368233920102e-05
0,0,2.1900368233920102e-05
1,1,0.9999780982689799
0,0,2.1900368233920102e-05
0,0,2.190032900518737e-05
0,0,2.1900368233920102e-05
0,0,2.1849638289488447e-05
0,0,2.1900368233920102e-05
1,1,0.9999780982689799
0,0,2.1900368233920102e-05
0,0,2.1900368233920102e-05
0,0,2.1900368233920102e-05
0,0,2.1900368233920102e-05
0,0,2.1900368233920102e-05
0,0,2.1849638289488447e-05
0,0,2.1900368233920102e-05
0,0,2.1900368233920102e-05
0,0,2.1900368233920102e-05
0,0,2.1900368233920102e-05
0,0,2.1900368233920102e-05
0,0,2.1900368233920102e-05
0,0,2.190032900518737e-05
1,1,0.9999780982689799
0,0,2.190032900518737e-05
0,0,2.1900368233920102e-05
0,0,2.1900368233920102e-05
0,0,2.0845611602322993e-05
0,0,2.1900368233920102e-05
1,1,0.9999780982689799
0,0,2.1900368233920102e-05
0,0,2.1900368233920102e-05
0,0,2.1900368233920102e-05
0,0,2.1900368233920102e-05
0,0,2.1900368233920102e-05
0,0,2.190032900518737e-05
0,0,2.1900368233920102e-05
1,1,0.9999780982689799
0,0,2.1900368233920102e-05
0,0,2.1900368233920102e-05
0,0,2.1900368233920102e-05
1,1,0.9999780982689799
0,0,2.1900368233920102e-05
0,0,2.190032900518737e-05
0,0,2.1900368233920102e-05
0,0,2.1900368233920102e-05
0,0,2.1849638289488447e-05
0,0,2.1900368233920102e-05
0,0,2.1900368233920102e-05
0,0,2.1900368233920102e-05
0,0,2.1900368233920102e-05
0,0,2.190032900518737e-05
0,0,2.1900368233920102e-05
0,0,2.1900368233920102e-05
0,0,2.1900368233920102e-05
0,0,2.1900368233920102e-05
1,1,0.9999780982689799
0,0,2.1900368233920102e-05
0,0,2.1900368233920102e-05
1,1,0.9999780982689799
0,0,2.1900368233920102e-05
0,0,2.1900368233920102e-05
0,0,2.1900368233920102e-05
0,0,2.190032900518737e-05
0,0,2.1900368233920102e-05
0,0,2.1900368233920102e-05
0,0,2.1849638289488447e-05
0,0,2.1900368233920102e-05
0,0,2.1900368233920102e-05
1,1,0.9999780982689799
0,0,2.1900368233920102e-05
1,1,0.9999780982689799
0,0,2.1900368233920102e-05
0,0,2.1900368233920102e-05
0,0,2.1900368233920102e-05
0,0,2.1900368233920102e-05
0,0,2.1900368233920102e-05
1,1,0.9999780982689799
0,0,2.1849638289488447e-05
0,0,2.1900368233920102e-05
0,0,2.1900368233920102e-05
0,0,2.1900368233920102e-05
0,0,2.1900368233920102e-05
0,0,2.1900368233920102e-05
0,0,2.190032900518737e-05
0,0,2.1900368233920102e-05
0,0,2.1900368233920102e-05
0,0,2.1900368233920102e-05
0,0,2.1900368233920102e-05
0,0,2.1900368233920102e-05
0,0,2.1900368233920102e-05
1,1,0.9999780982689799
0,0,2.1900368233920102e-05
0,0,2.1900368233920102e-05
0,0,2.1900368233920102e-05
0,0,2.1900368233920102e-05
0,0,2.1900368233920102e-05
0,0,2.1900368233920102e-05
0,0,2.1759094668752983e-05
0,0,2.1900368233920102e-05
0,0,2.1900368233920102e-05
0,0,2.1900368233920102e-05
0,0,2.1900368233920102e-05
0,0,2.1900368233920102e-05
0,0,2.0840178625791537e-05
0,0,2.1900368233920102e-05
0,0,2.1900368233920102e-05
0,0,2.1900368233920102e-05
0,0,2.1900368233920102e-05
0,0,2.1900368233920102e-05
0,0,2.1849638289488447e-05
0,0,2.1900368233920102e-05
0,0,2.1900368233920102e-05
0,0,2.1900368233920102e-05
0,0,2.190032900518737e-05
0,0,2.1900368233920102e-05
0,0,2.1900368233920102e-05
0,0,2.1900368233920102e-05
0,0,2.190032900518737e-05
0,0,3.6679671682031506e-05
1,1,0.9999780982689799
0,0,2.1900368233920102e-05
0,0,2.1900368233920102e-05
0,0,2.1900368233920102e-05
0,0,2.1900368233920102e-05
0,0,2.1900368233920102e-05
0,0,2.1900368233920102e-05
0,0,2.1900368233920102e-05
0,0,2.1900368233920102e-05
0,0,2.1900368233920102e-05
0,0,2.1849638289488447e-05
0,0,2.1900368233920102e-05
0,0,2.1900368233920102e-05
0,0,2.1900368233920102e-05
0,0,2.1900368233920102e-05
0,0,2.1900368233920102e-05
0,0,2.1900368233920102e-05
0,0,2.1900368233920102e-05
0,0,2.1900368233920102e-05
0,0,2.1900368233920102e-05
0,0,2.190032900518737e-05
0,0,3.0273612650564188e-05
0,0,2.1900368233920102e-05
0,0,2.1900368233920102e-05
0,0,2.1900368233920102e-05
0,0,2.1900368233920102e-05
0,0,2.1900368233920102e-05
0,0,2.1900368233920102e-05
0,0,2.1900368233920102e-05
0,0,2.1900368233920102e-05
0,0,2.1900368233920102e-05
0,0,2.1900368233920102e-05
0,0,2.1900368233920102e-05
0,0,2.1900368233920102e-05
0,0,2.1900368233920102e-05
0,0,2.1900368233920102e-05
0,0,2.1900368233920102e-05
0,0,2.1900368233920102e-05
0,0,2.1900368233920102e-05
0,0,2.1900368233920102e-05
0,0,2.1900368233920102e-05
0,0,2.1900368233920102e-05
0,0,2.1900368233920102e-05
0,0,2.1900368233920102e-05
0,0,2.1900368233920102e-05
0,0,2.1900368233920102e-05
0,0,2.1900368233920102e-05
0,0,2.1900368233920102e-05
0,0,2.190032900518737e-05
0,0,2.1900368233920102e-05
1,1,0.9999780982689799
0,0,2.1900368233920102e-05
0,0,2.1900368233920102e-05
0,0,2.1900368233920102e-05
0,0,2.1900368233920102e-05
0,0,2.1900368233920102e-05
0,0,2.1900368233920102e-05
0,0,2.1900368233920102e-05
0,0,2.1900368233920102e-05
0,0,2.1900368233920102e-05
0,0,2.1900368233920102e-05
0,0,2.1900368233920102e-05
0,0,2.1900368233920102e-05
1,1,0.9999780982689799
0,0,2.1900368233920102e-05
1,1,0.9999780982689799
0,0,2.1900368233920102e-05
0,0,2.1900368233920102e-05
0,0,2.190032900518737e-05
0,0,2.1900368233920102e-05
0,0,2.1900368233920102e-05
0,0,2.1900368233920102e-05
0,0,2.1900368233920102e-05
0,0,2.1900368233920102e-05
0,0,2.1849638289488447e-05
0,0,2.1900368233920102e-05
1,1,0.9999780982689799
0,0,2.1900368233920102e-05
0,0,2.1900368233920102e-05
0,0,2.1900368233920102e-05
0,0,2.1900368233920102e-05
0,0,2.1900368233920102e-05
1,1,0.9999780982689799
0,0,2.1849638289488447e-05
0,0,2.1900368233920102e-05
0,0,2.1900368233920102e-05
0,0,2.1900368233920102e-05
0,0,2.1900368233920102e-05
0,0,2.1900368233920102e-05
1,1,0.9999780982689799
0,0,2.1900368233920102e-05
0,0,2.1900368233920102e-05
0,0,2.1900368233920102e-05
0,0,2.1900368233920102e-05
0,0,2.1900368233920102e-05
0,0,2.1900368233920102e-05
0,0,2.1900368233920102e-05
1,1,0.9999780982689799
1,1,0.9999780982689799
0,0,2.1900368233920102e-05
0,0,2.1900368233920102e-05
0,0,2.1900368233920102e-05
0,0,2.1900368233920102e-05
0,0,2.1900368233920102e-05
0,0,2.1900368233920102e-05
0,0,2.1900368233920102e-05
1,1,0.9999780982689799
1,1,0.9999780982689799
0,0,2.1900368233920102e-05
0,0,2.1900368233920102e-05
0,0,2.190032900518737e-05
0,0,2.1900368233920102e-05
1,1,0.9999780982689799
0,0,2.1900368233920102e-05
0,0,1.877808312375749e-05
0,0,2.1900368233920102e-05
0,0,2.1900368233920102e-05
0,0,2.1900368233920102e-05
1,1,0.9999780982689799
1,1,0.9999229330631126
0,0,2.1900368233920102e-05
0,0,2.1900368233920102e-05
0,0,2.1900368233920102e-05
0,0,2.1900368233920102e-05
0,0,2.1900368233920102e-05
0,0,2.1900368233920102e-05
1,1,0.9999780982689799
0,0,2.1900368233920102e-05
0,0,2.1900368233920102e-05
0,0,2.1900368233920102e-05
0,0,2.1900368233920102e-05
0,0,2.1900368233920102e-05
0,0,2.1900368233920102e-05
0,0,2.1900368233920102e-05
0,0,2.1900368233920102e-05
1,1,0.9999780982689799
1,1,0.9999780982689799
0,0,2.1900368233920102e-05
1,1,0.9999782091676533
0,0,2.1900368233920102e-05
0,0,2.1900368233920102e-05
0,0,2.1900368233920102e-05
0,0,2.1900368233920102e-05
0,0,2.1900368233920102e-05
0,0,2.1900368233920102e-05
1,1,0.9999780982689799
0,0,2.1900368233920102e-05
0,0,2.1900368233920102e-05
0,0,2.1900368233920102e-05
0,0,2.1900368233920102e-05
0,0,2.1849638289488447e-05
0,0,2.1900368233920102e-05
0,0,2.35437446597984e-05
0,0,2.1900368233920102e-05
1,1,0.9999780982689799
0,0,2.1900368233920102e-05
1,1,0.9999780982689799
0,0,2.1900368233920102e-05
0,0,2.1900368233920102e-05
0,0,2.1900368233920102e-05
1,1,0.9999780982689799
0,0,2.1849638289488447e-05
0,0,2.1900368233920102e-05
0,0,2.1900368233920102e-05
0,0,2.1900368233920102e-05
1,1,0.9999780982689799
0,0,2.1900368233920102e-05
1,1,0.9999780982689799
0,0,2.1900368233920102e-05
0,0,2.1900368233920102e-05
0,0,2.1849638289488447e-05
0,0,2.1849638289488447e-05
0,0,2.1900368233920102e-05
0,0,2.1759094668752983e-05
0,0,2.1900368233920102e-05
1,1,0.9999780982689799
0,0,2.1900368233920102e-05
0,0,2.1900368233920102e-05
0,0,2.1900368233920102e-05
0,0,2.1900368233920102e-05
0,0,2.1900368233920102e-05
0,0,2.1900368233920102e-05
0,0,2.1900368233920102e-05
0,0,2.1900368233920102e-05
1,1,0.9999546013882397
1,1,0.9999780982689799
0,0,2.1900368233920102e-05
0,0,2.1900368233920102e-05
0,0,2.1900368233920102e-05
0,0,2.1900368233920102e-05
0,0,2.1900368233920102e-05
0,0,2.1900368233920102e-05
0,0,2.1900368233920102e-05
0,0,2.1849638289488447e-05
0,0,2.1900368233920102e-05
0,0,2.1900368233920102e-05
1,1,0.9999780982689799
0,0,2.1900368233920102e-05
0,0,2.1900368233920102e-05
0,0,2.1900368233920102e-05
0,0,2.1900368233920102e-05
1,1,0.9999780982689799
0,0,2.1900368233920102e-05
0,0,2.1900368233920102e-05
0,0,2.1900368233920102e-05
0,0,2.1900368233920102e-05
0,0,2.1900368233920102e-05
1,1,0.9999780982689799
1,1,0.9999780982689799
0,0,2.1900368233920102e-05
0,0,2.1900368233920102e-05
0,0,2.1900368233920102e-05
1,1,0.9999780982689799
0,0,2.1900368233920102e-05
0,0,2.1900368233920102e-05
1,1,0.9999780982689799
0,0,2.1809262908510643e-05
0,0,2.1900368233920102e-05
0,0,2.1900368233920102e-05
0,0,2.1849638289488447e-05
0,0,2.1900368233920102e-05
0,0,2.1900368233920102e-05
0,0,2.1900368233920102e-05
1,1,0.9999780982689799
0,0,2.1900368233920102e-05
0,0,2.1900368233920102e-05
1,1,0.9999780982689799
0,0,2.1900368233920102e-05
0,0,2.1900368233920102e-05
0,0,2.1900368233920102e-05
0,0,2.1900368233920102e-05
0,0,2.1900368233920102e-05
1,1,0.9999780982689799
0,0,2.1900368233920102e-05
0,0,2.190032900518737e-05
0,0,2.190032900518737e-05
0,0,2.1900368233920102e-05
1,1,0.9999780982689799
0,0,2.1900368233920102e-05
0,0,2.1900368233920102e-05
0,0,2.1900368233920102e-05
0,0,2.1900368233920102e-05
0,0,2.1900368233920102e-05
0,0,2.1849638289488447e-05
0,0,2.1900368233920102e-05
0,0,2.1900368233920102e-05
0,0,2.1900368233920102e-05
0,0,2.1900368233920102e-05
0,0,2.1900368233920102e-05
0,0,2.1900368233920102e-05
1,1,0.9999780982689799
0,0,2.1900368233920102e-05
1,1,0.9999780982689799
0,0,2.1900368233920102e-05
0,0,2.190032900518737e-05
0,0,2.1900368233920102e-05
0,0,2.1900368233920102e-05
0,0,2.1900368233920102e-05
0,0,2.1900368233920102e-05
0,0,2.160057294560227e-05
1,1,0.9999780982689799
1,1,0.9999780982689799
0,0,2.1900368233920102e-05
0,0,2.1900368233920102e-05
0,0,2.1900368233920102e-05
0,0,2.1900368233920102e-05
0,0,2.1900368233920102e-05
0,0,2.179152769328258e-05
0,0,2.1900368233920102e-05
0,0,2.1900368233920102e-05
0,0,2.1900368233920102e-05
0,0,2.1900368233920102e-05
0,0,2.190032900518737e-05
0,0,2.1900368233920102e-05
0,0,2.1900368233920102e-05
1,1,0.9999780982689799
0,0,2.1900368233920102e-05
1,1,0.9999780982689799
0,0,2.1900368233920102e-05
0,0,2.1900368233920102e-05
0,0,2.1900368233920102e-05
0,0,2.1900368233920102e-05
0,0,2.1900368233920102e-05
0,0,2.1900368233920102e-05
1,1,0.9999780982689799
0,0,2.1900368233920102e-05
0,0,2.1900368233920102e-05
0,0,2.1900368233920102e-05
0,0,2.1900368233920102e-05
0,0,2.1900368233920102e-05
0,0,2.1900368233920102e-05
0,0,2.1900368233920102e-05
0,0,2.1900368233920102e-05
1,1,0.9999780982689799
0,0,2.1759094668752983e-05
0,0,2.1900368233920102e-05
0,0,2.1900368233920102e-05
0,0,2.1900368233920102e-05
0,0,2.1849638289488447e-05
0,0,2.1900368233920102e-05
0,0,2.1900368233920102e-05
0,0,0.0001893373856503469
0,0,2.1900368233920102e-05
0,0,2.1900368233920102e-05
0,0,2.1900368233920102e-05
0,0,2.1900368233920102e-05
0,0,2.1900368233920102e-05
0,0,5.3770162413942574e-05
0,0,2.1900368233920102e-05
0,0,2.1900368233920102e-05
0,0,2.1900368233920102e-05
0,0,2.1900368233920102e-05
0,0,2.1900368233920102e-05
0,0,2.1900368233920102e-05
0,0,2.1900368233920102e-05
0,0,2.1900368233920102e-05
0,0,2.1900368233920102e-05
0,0,2.1900368233920102e-05
1,1,0.9999780982689799
0,0,2.1900368233920102e-05
0,0,2.1900368233920102e-05
0,0,2.1900368233920102e-05
0,0,2.1900368233920102e-05
0,0,2.1900368233920102e-05
0,0,2.190032900518737e-05
0,0,2.1900368233920102e-05
0,0,2.1900368233920102e-05
0,0,2.1900368233920102e-05
0,0,2.1900368233920102e-05
0,0,2.1900368233920102e-05
0,0,2.3754520989194338e-05
0,0,2.1900368233920102e-05
1,1,0.9999780982689799
0,0,2.1849638289488447e-05
0,0,2.1900368233920102e-05
0,0,2.1900368233920102e-05
1,1,0.9999780982689799
0,0,2.1900368233920102e-05
0,0,2.1900368233920102e-05
0,0,2.1900368233920102e-05
0,0,2.190032900518737e-05
0,0,2.1849638289488447e-05
0,0,2.1900368233920102e-05
0,0,2.1849638289488447e-05
0,0,2.1900368233920102e-05
0,0,2.1900368233920102e-05
0,0,2.1900368233920102e-05
1,1,0.9999780982689799
0,0,2.1900368233920102e-05
0,0,2.1900368233920102e-05
0,0,2.1900368233920102e-05
0,0,2.1900368233920102e-05
0,0,2.1900368233920102e-05
1,1,0.9999780982689799
0,0,2.1900368233920102e-05
1,1,0.9999780982689799
0,0,2.1900368233920102e-05
0,0,2.1900368233920102e-05
0,0,2.1900368233920102e-05
0,0,2.1900368233920102e-05
0,0,2.1900368233920102e-05
0,0,2.1900368233920102e-05
0,0,2.1900368233920102e-05
0,0,2.1900368233920102e-05
0,0,2.1900368233920102e-05
0,0,2.1900368233920102e-05
0,0,2.1900368233920102e-05
0,0,2.1849638289488447e-05
0,0,2.1900368233920102e-05
1,1,0.9999780982689799
0,0,2.1900368233920102e-05
0,0,2.1900368233920102e-05
0,0,2.1900368233920102e-05
0,0,2.1900368233920102e-05
0,0,2.1900368233920102e-05
0,0,2.1900368233920102e-05
0,0,2.1900368233920102e-05
0,0,2.1900368233920102e-05
0,0,2.1900368233920102e-05
0,0,2.1900368233920102e-05
1,1,0.9999780982689799
0,0,2.1900368233920102e-05
0,0,2.1900368233920102e-05
0,0,2.1900368233920102e-05
0,0,2.1900368233920102e-05
0,0,2.087838237997e-05
0,0,2.1900368233920102e-05
0,0,2.1900368233920102e-05
0,0,2.1900368233920102e-05
0,0,2.1900368233920102e-05
0,0,2.1900368233920102e-05
0,0,2.1900368233920102e-05
0,0,2.190032900518737e-05
1,1,0.9999780982689799
1,1,0.9999780982689799
0,0,2.1688931300343456e-05
0,0,2.1900368233920102e-05
0,0,2.1900368233920102e-05
0,0,2.1900368233920102e-05
0,0,2.1900368233920102e-05
0,0,2.1900368233920102e-05
1,1,0.9999780982689799
0,0,2.1900368233920102e-05
0,0,2.1900368233920102e-05
0,0,2.1900368233920102e-05
0,0,2.1900368233920102e-05
0,0,2.1900368233920102e-05
0,0,2.1900368233920102e-05
1,1,0.999976418107775
0,0,2.1900368233920102e-05
1,1,0.9999780982689799
1,1,0.9999780982689799
1,1,0.9999780982689799
0,0,2.1900368233920102e-05
1,1,0.9999780982689799
0,0,2.1262618360290815e-05
0,0,2.1900368233920102e-05
0,0,2.1900368233920102e-05
0,0,2.1900368233920102e-05
0,0,2.1900368233920102e-05
0,0,2.1900368233920102e-05
0,0,2.1900368233920102e-05
0,0,2.1900368233920102e-05
0,0,2.1900368233920102e-05
0,0,2.1900368233920102e-05
0,0,2.1900368233920102e-05
0,0,2.1900368233920102e-05
1,1,0.9999780982689799
0,0,2.1900368233920102e-05
0,0,2.1900368233920102e-05
0,0,2.1900368233920102e-05
0,0,2.1900368233920102e-05
1,1,0.9999780982689799
1,1,0.9999780982689799
0,0,2.1900368233920102e-05
0,0,2.1900368233920102e-05
0,0,2.190032900518737e-05
0,0,2.1900368233920102e-05
0,0,2.1900368233920102e-05
0,0,2.1900368233920102e-05
0,0,2.1900368233920102e-05
0,0,4.866851912917612e-05
0,0,2.1900368233920102e-05
0,0,2.1900368233920102e-05
0,0,2.1900368233920102e-05
0,0,2.1900368233920102e-05
0,0,2.1900368233920102e-05
0,0,2.1900368233920102e-05
0,0,2.1900368233920102e-05
0,0,2.1900368233920102e-05
0,0,2.1900368233920102e-05
0,0,2.1900368233920102e-05
0,0,2.1900368233920102e-05
0,0,2.1900368233920102e-05
1,1,0.9999780982689799
0,0,2.1849638289488447e-05
1,1,0.9999780982689799
0,0,2.1900368233920102e-05
0,0,2.1900368233920102e-05
0,0,2.1900368233920102e-05
0,0,2.1900368233920102e-05
0,0,2.1900368233920102e-05
0,0,2.1900368233920102e-05
0,0,2.1900368233920102e-05
0,0,2.190032900518737e-05
0,0,2.190032900518737e-05
1,1,0.9999780982689799
0,0,2.1900368233920102e-05
0,0,2.1900368233920102e-05
0,0,2.1849638289488447e-05
0,0,2.1900368233920102e-05
0,0,2.1900368233920102e-05
0,0,2.1900368233920102e-05
0,0,2.1644071335919784e-05
1,1,0.9999780982689799
0,0,2.1900368233920102e-05
0,0,2.1849638289488447e-05
0,0,2.1900368233920102e-05
0,0,2.1900368233920102e-05
0,0,2.1900368233920102e-05
0,0,2.1900368233920102e-05
0,0,2.1900368233920102e-05
0,0,2.1900368233920102e-05
1,1,0.9999780982689799
0,0,2.1900368233920102e-05
0,0,2.1900368233920102e-05
0,0,2.1900368233920102e-05
0,0,2.1900368233920102e-05
0,0,2.1900368233920102e-05
0,0,2.1900368233920102e-05
1,1,0.9999780982689799
0,0,2.190032900518737e-05
0,0,2.1900368233920102e-05
1,1,0.9999780982689799
0,0,2.1900368233920102e-05
0,0,2.1900368233920102e-05
0,0,2.1900368233920102e-05
0,0,2.1900368233920102e-05
0,0,2.1900368233920102e-05
0,0,2.1849638289488447e-05
0,0,2.1900368233920102e-05
0,0,2.190032900518737e-05
0,0,2.1900368233920102e-05
0,0,2.1900368233920102e-05
0,0,2.1900368233920102e-05
0,0,2.1900368233920102e-05
0,0,2.190032900518737e-05
0,0,0.0007895842507545991
0,0,2.1900368233920102e-05
0,0,2.1900368233920102e-05
0,0,2.1900368233920102e-05
0,0,2.1900368233920102e-05
0,0,2.036747083861562e-05
0,0,2.1900368233920102e-05
0,0,2.1900368233920102e-05
0,0,2.1900368233920102e-05
0,0,2.1900368233920102e-05
0,0,2.1900368233920102e-05
0,0,2.1849638289488447e-05
0,0,2.1900368233920102e-05
1,1,0.9999780982689799
0,0,2.1900368233920102e-05
0,0,2.1900368233920102e-05
0,0,2.1409703208480037e-05
1,1,0.9999780982689799
0,0,2.1900368233920102e-05
1,1,0.9999780982689799
0,0,2.160057294560227e-05
0,0,2.1900368233920102e-05
0,0,2.1900368233920102e-05
0,0,2.1900368233920102e-05
0,0,2.1900368233920102e-05
0,0,2.1900368233920102e-05
0,0,2.1900368233920102e-05
0,0,2.1900368233920102e-05
0,0,2.1900368233920102e-05
0,0,2.1900368233920102e-05
0,0,2.1900368233920102e-05
0,0,2.1900368233920102e-05
0,0,2.1900368233920102e-05
0,0,2.1900368233920102e-05
0,0,2.190032900518737e-05
1,1,0.9999271354322525
0,0,2.1900368233920102e-05
0,0,2.1900368233920102e-05
0,0,2.1900368233920102e-05
0,0,2.1900368233920102e-05
0,0,2.1900368233920102e-05
0,0,2.1900368233920102e-05
0,0,2.1900368233920102e-05
0,0,2.1900368233920102e-05
0,0,2.180649931902061e-05
0,0,2.1849638289488447e-05
0,0,2.1900368233920102e-05
0,0,2.1900368233920102e-05
0,0,2.1900368233920102e-05
0,0,2.1900368233920102e-05
0,0,2.1900368233920102e-05
0,0,2.1849638289488447e-05
1,1,0.9999780982689799
0,0,2.190032900518737e-05
0,0,2.1900368233920102e-05
1,1,0.9999780982689799
0,0,2.1900368233920102e-05
0,0,2.1900368233920102e-05
1,1,0.9999780982689799
0,0,2.1900368233920102e-05
0,0,2.1900368233920102e-05
0,0,2.1900368233920102e-05
0,0,2.1900368233920102e-05
0,0,2.1900368233920102e-05
0,0,2.1900368233920102e-05
0,0,2.1900368233920102e-05
0,0,2.1849638289488447e-05
0,0,2.1900368233920102e-05
0,0,2.1900368233920102e-05
0,0,2.1900368233920102e-05
0,0,2.1900368233920102e-05
0,0,2.1900368233920102e-05
1,1,0.9999780982689799
0,0,2.1900368233920102e-05
0,0,2.1900368233920102e-05
0,0,2.1900368233920102e-05
0,0,2.1900368233920102e-05
0,0,2.1900368233920102e-05
1,1,0.9999780982689799
0,0,2.1900368233920102e-05
0,0,2.1900368233920102e-05
0,0,2.1900368233920102e-05
0,0,2.1849638289488447e-05
0,0,2.1900368233920102e-05
1,1,0.9999782112648317
0,0,2.1900368233920102e-05
0,0,2.190032900518737e-05
0,0,2.1900368233920102e-05
0,0,2.1900368233920102e-05
0,0,2.190032900518737e-05
0,0,2.1900368233920102e-05
1,1,0.9999780982689799
0,0,2.1900368233920102e-05
1,1,0.9999780982689799
0,0,2.1900368233920102e-05
0,0,2.190032900518737e-05
1,1,0.9999780982689799
0,0,2.1900368233920102e-05
0,0,2.1849638289488447e-05
0,0,2.1900368233920102e-05
0,0,0.0003193151432072467
0,0,2.1900368233920102e-05
0,0,2.1900368233920102e-05
0,0,2.1849638289488447e-05
1,1,0.9999780982689799
0,0,2.1900368233920102e-05
0,0,2.1900368233920102e-05
0,0,2.190032900518737e-05
0,0,2.1849638289488447e-05
0,0,2.1900368233920102e-05
0,0,2.1900368233920102e-05
0,0,2.1900368233920102e-05
1,1,0.9999780982689799
1,1,0.9999780982689799
0,0,2.1900368233920102e-05
1,1,0.9999780982689799
0,0,2.1900368233920102e-05
0,0,2.1900368233920102e-05
0,0,2.1900368233920102e-05
0,0,2.1900368233920102e-05
0,0,2.1900368233920102e-05
0,0,2.1900368233920102e-05
0,0,2.1900368233920102e-05
0,0,2.190032900518737e-05
0,0,2.1900368233920102e-05
0,0,0.0004280346509050919
0,0,2.1900368233920102e-05
0,0,2.1900368233920102e-05
0,0,2.1900368233920102e-05
0,0,2.1900368233920102e-05
0,0,2.1900368233920102e-05
0,0,2.1900368233920102e-05
0,0,2.1900368233920102e-05
0,0,2.190032900518737e-05
0,0,2.1900368233920102e-05
0,0,2.1900368233920102e-05
0,0,2.1900368233920102e-05
0,0,2.1900368233920102e-05
0,0,2.1900368233920102e-05
0,0,2.1900368233920102e-05
1,1,0.9999780982689799
0,0,2.1900368233920102e-05
0,0,2.190032900518737e-05
0,0,2.1900368233920102e-05
0,0,2.1900368233920102e-05
0,0,2.190032900518737e-05
0,0,2.1900368233920102e-05
0,0,2.1900368233920102e-05
0,0,2.829504901858838e-05
0,0,2.1900368233920102e-05
0,0,2.1900368233920102e-05
1,1,0.9999780982689799
0,0,2.1900368233920102e-05
0,0,2.1900368233920102e-05
0,0,2.1900368233920102e-05
0,0,2.160057294560227e-05
0,0,2.1900368233920102e-05
1,1,0.999978208002879
0,0,2.1900368233920102e-05
0,0,2.190032900518737e-05
0,0,2.1900368233920102e-05
0,0,2.1900368233920102e-05
0,0,2.1900368233920102e-05
0,0,2.1900368233920102e-05
1,1,0.9999780982689799
0,0,2.1900368233920102e-05
0,0,2.1900368233920102e-05
0,0,2.1900368233920102e-05
0,0,2.1900368233920102e-05
0,0,2.1900368233920102e-05
0,0,2.1900368233920102e-05
0,0,2.1900368233920102e-05
0,0,2.1900368233920102e-05
0,0,2.1900368233920102e-05
0,0,2.1900368233920102e-05
0,0,2.1900368233920102e-05
1,1,0.9999780982689799
0,0,2.1900368233920102e-05
0,0,2.1900368233920102e-05
0,0,2.1900368233920102e-05
1,1,0.9999780982689799
1,1,0.9999780982689799
0,0,2.1900368233920102e-05
0,0,2.1849638289488447e-05
0,0,2.1900368233920102e-05
0,0,2.1900368233920102e-05
0,0,2.1900368233920102e-05
0,0,2.1759094668752983e-05
1,1,0.9999780982689799
0,0,2.1900368233920102e-05
0,0,2.1900368233920102e-05
0,0,2.1900368233920102e-05
0,0,2.1849638289488447e-05
1,1,0.9999780982689799
0,0,2.1900368233920102e-05
0,0,2.1900368233920102e-05
0,0,2.1900368233920102e-05
0,0,2.1900368233920102e-05
0,0,2.1900368233920102e-05
0,0,2.1900368233920102e-05
0,0,2.1900368233920102e-05
0,0,2.1900368233920102e-05
0,0,2.1900368233920102e-05
0,0,2.1849638289488447e-05
0,0,2.1900368233920102e-05
0,0,2.1900368233920102e-05
0,0,2.1900368233920102e-05
1,1,0.9999780982689799
0,0,2.1900368233920102e-05
0,0,2.1900368233920102e-05
0,0,2.1900368233920102e-05
0,0,2.1900368233920102e-05
0,0,2.190032900518737e-05
1,1,0.9999780982689799
0,0,2.1900368233920102e-05
0,0,2.1900368233920102e-05
0,0,2.1900368233920102e-05
0,0,2.1900368233920102e-05
0,0,2.1900368233920102e-05
0,0,2.1900368233920102e-05
0,0,2.1900368233920102e-05
1,1,0.9999780982689799
0,0,2.1900368233920102e-05
0,0,2.1900368233920102e-05
0,0,2.1900368233920102e-05
0,0,2.1900368233920102e-05
0,0,2.1900368233920102e-05
0,0,2.1900368233920102e-05
0,0,1.7564359858834544e-05
1,1,0.9999780982689799
0,0,2.1216610019343522e-05
0,0,2.1900368233920102e-05
0,0,2.1900368233920102e-05
1,1,0.9999780982689799
0,0,2.1900368233920102e-05
0,0,2.1900368233920102e-05
0,0,2.1900368233920102e-05
0,0,2.179152769328258e-05
0,0,2.1900368233920102e-05
0,0,2.1900368233920102e-05
0,0,2.1900368233920102e-05
0,0,2.1900368233920102e-05
0,0,2.1900368233920102e-05
0,0,2.1900368233920102e-05
0,0,2.1900368233920102e-05
0,0,2.1900368233920102e-05
0,0,2.1900368233920102e-05
0,0,2.1849638289488447e-05
0,0,2.1900368233920102e-05
1,1,0.9999780982689799
0,0,2.1900368233920102e-05
0,0,2.1900368233920102e-05
0,0,2.1900368233920102e-05
0,0,2.1900368233920102e-05
0,0,2.1900368233920102e-05
0,0,2.1900368233920102e-05
0,0,2.1900368233920102e-05
0,0,2.1900368233920102e-05
0,0,2.1900368233920102e-05
1,1,0.9999780982689799
0,0,2.1900368233920102e-05
0,0,2.1900368233920102e-05
0,0,2.1900368233920102e-05
0,0,2.1900368233920102e-05
0,0,2.1900368233920102e-05
0,0,2.1900368233920102e-05
0,0,2.1849638289488447e-05
0,0,2.1900368233920102e-05
0,0,2.1900368233920102e-05
0,0,2.1900368233920102e-05
0,0,2.1900368233920102e-05
0,0,2.1900368233920102e-05
0,0,2.190032900518737e-05
0,0,2.1900368233920102e-05
0,0,2.1900368233920102e-05
0,0,2.1900368233920102e-05
0,0,2.1900368233920102e-05
0,0,2.1900368233920102e-05
1,1,0.9999780982689799
0,0,2.1900368233920102e-05
0,0,2.566250017846282e-05
0,0,2.1900368233920102e-05
0,0,2.1900368233920102e-05
0,0,2.1900368233920102e-05
1,1,0.9999780982689799
0,0,2.1900368233920102e-05
1,1,0.9997112530291495
0,0,2.1900368233920102e-05
0,0,2.1900368233920102e-05
0,0,2.1900368233920102e-05
1,1,0.9999780982689799
0,0,2.1900368233920102e-05
0,0,2.1900368233920102e-05
0,0,2.1900368233920102e-05
0,0,2.1900368233920102e-05
0,0,2.1900368233920102e-05
0,0,2.1900368233920102e-05
0,0,2.1900368233920102e-05
0,0,2.1900368233920102e-05
0,0,2.1900368233920102e-05
0,0,2.190032900518737e-05
0,0,2.1900368233920102e-05
1,1,0.9999780982689799
0,0,2.1900368233920102e-05
0,0,2.1900368233920102e-05
0,0,2.1900368233920102e-05
0,0,2.1900368233920102e-05
0,0,2.1900368233920102e-05
0,0,2.1900368233920102e-05
0,0,2.1900368233920102e-05
0,0,2.1900368233920102e-05
0,0,2.1900368233920102e-05
0,0,2.1900368233920102e-05
1,1,0.9999780982689799
0,0,2.190032900518737e-05
0,0,2.1688852150368972e-05
0,0,2.1900368233920102e-05
0,0,2.1900368233920102e-05
0,0,2.1900368233920102e-05
0,0,2.1900368233920102e-05
0,0,2.1900368233920102e-05
0,0,2.1900368233920102e-05
0,0,2.1900368233920102e-05
0,0,2.1900368233920102e-05
0,0,2.1900368233920102e-05
0,0,2.1900368233920102e-05
1,1,0.9999780982689799
0,0,2.1900368233920102e-05
0,0,2.1900368233920102e-05
0,0,2.1900368233920102e-05
0,0,2.1849638289488447e-05
0,0,2.1900368233920102e-05
0,0,2.1900368233920102e-05
0,0,2.1849638289488447e-05
0,0,2.1900368233920102e-05
0,0,2.1850810655113965e-05
0,0,2.1900368233920102e-05
0,0,2.1900368233920102e-05
0,0,2.1900368233920102e-05
0,0,2.190032900518737e-05
0,0,2.1900368233920102e-05
0,0,2.1900368233920102e-05
0,0,2.1900368233920102e-05
0,0,2.1900368233920102e-05
0,0,2.1900368233920102e-05
0,0,2.1900368233920102e-05
1,1,0.9999780982689799
0,0,2.1900368233920102e-05
1,1,0.9999780982689799
0,0,2.1900368233920102e-05
1,1,0.9999780982689799
0,0,2.1900368233920102e-05
0,0,2.353972774971165e-05
0,0,2.1900368233920102e-05
0,0,2.1900368233920102e-05
0,0,2.1900368233920102e-05
1,1,0.9999780982689799
0,0,2.1900368233920102e-05
0,0,2.190032900518737e-05
0,0,2.1849638289488447e-05
0,0,2.1900368233920102e-05
0,0,2.1900368233920102e-05
0,0,2.1900368233920102e-05
0,0,2.1900368233920102e-05
0,0,2.1900368233920102e-05
0,0,2.1900368233920102e-05
0,0,2.1900368233920102e-05
0,0,2.1900368233920102e-05
0,0,2.1900368233920102e-05
0,0,2.1900368233920102e-05
0,0,2.1900368233920102e-05
0,0,2.1900368233920102e-05
1,1,0.9999780982689799
0,0,2.1900368233920102e-05
0,0,2.1900368233920102e-05
1,1,0.9999780982689799
0,0,2.1900368233920102e-05
0,0,2.1900368233920102e-05
0,0,2.1900368233920102e-05
0,0,2.1900368233920102e-05
0,0,2.1900368233920102e-05
0,0,2.1900368233920102e-05
0,0,2.1900368233920102e-05
0,0,2.1900368233920102e-05
0,0,2.1900368233920102e-05
0,0,2.1900368233920102e-05
0,0,2.1900368233920102e-05
0,0,2.1900368233920102e-05
0,0,2.1900368233920102e-05
0,0,2.1900368233920102e-05
0,0,2.1900368233920102e-05
0,0,2.1900368233920102e-05
0,0,2.1900368233920102e-05
1,1,0.9999780982689799
0,0,2.1900368233920102e-05
0,0,2.1900368233920102e-05
0,0,2.1900368233920102e-05
1,1,0.9999780982689799
0,0,2.1900368233920102e-05
0,0,2.1900368233920102e-05
0,0,2.1900368233920102e-05
0,0,2.1900368233920102e-05
0,0,2.1900368233920102e-05
1,0,0.3696796965530354
0,0,2.1900368233920102e-05
0,0,2.1900368233920102e-05
0,0,2.1900368233920102e-05
0,0,2.1900368233920102e-05
0,0,2.1900368233920102e-05
0,0,2.1900368233920102e-05
0,0,2.1687515762987353e-05
0,0,2.1900368233920102e-05
1,1,0.9999780982689799
0,0,2.1900368233920102e-05
0,0,2.1900368233920102e-05
0,0,2.1849638289488447e-05
0,0,2.1900368233920102e-05
0,0,2.1900368233920102e-05
1,1,0.9999780982689799
0,0,2.1900368233920102e-05
0,0,2.1900368233920102e-05
0,0,2.1900368233920102e-05
0,0,2.1900368233920102e-05
0,0,2.1900368233920102e-05
0,0,2.1900368233920102e-05
0,0,2.1900368233920102e-05
0,0,2.1900368233920102e-05
0,0,2.1900368233920102e-05
0,0,2.1900368233920102e-05
0,0,2.1900368233920102e-05
0,0,2.1900368233920102e-05
0,0,2.1900368233920102e-05
0,0,2.1900368233920102e-05
0,0,2.1900368233920102e-05
0,0,2.1900368233920102e-05
0,0,2.1900368233920102e-05
0,0,2.1900368233920102e-05
0,0,2.1900368233920102e-05
0,0,2.036747083861562e-05
0,0,2.1900368233920102e-05
0,0,2.190032900518737e-05
0,0,2.1900368233920102e-05
0,0,2.1849638289488447e-05
1,1,0.9999780982689799
0,0,2.1900368233920102e-05
1,1,0.9999780982689799
0,0,2.1900368233920102e-05
0,0,2.1900368233920102e-05
0,0,2.1900368233920102e-05
0,0,2.1900368233920102e-05
1,1,0.9999780982689799
0,0,2.1900368233920102e-05
0,0,2.1849638289488447e-05
0,0,2.1900368233920102e-05
1,1,0.9999780982689799
0,0,2.1900368233920102e-05
1,1,0.9999780982689799
0,0,2.1900368233920102e-05
0,0,2.1900368233920102e-05
0,0,2.1900368233920102e-05
0,0,2.1900368233920102e-05
0,0,2.1900368233920102e-05
0,0,2.1900368233920102e-05
0,0,2.1900368233920102e-05
0,0,2.1900368233920102e-05
0,0,2.7957102266581007e-05
0,0,2.1900368233920102e-05
0,0,2.1900368233920102e-05
0,0,2.1900368233920102e-05
0,0,2.1900368233920102e-05
1,1,0.9999780982689799
0,0,2.1900368233920102e-05
0,0,2.1900368233920102e-05
1,1,0.9999780982689799
0,0,2.1900368233920102e-05
0,0,2.1557731843581684e-05
0,0,2.1900368233920102e-05
0,0,2.1900368233920102e-05
0,0,2.1900368233920102e-05
0,0,2.1900368233920102e-05
1,1,0.9999780982689799
0,0,2.1900368233920102e-05
0,0,2.1900368233920102e-05
0,0,2.1900368233920102e-05
0,0,2.1900368233920102e-05
0,0,2.1900368233920102e-05
0,0,2.1900368233920102e-05
0,0,2.1900368233920102e-05
0,0,2.190032900518737e-05
0,0,2.190032900518737e-05
0,0,2.190032900518737e-05
0,0,2.1900368233920102e-05
0,0,2.1900368233920102e-05
0,0,2.1900368233920102e-05
0,0,2.1900368233920102e-05
0,0,2.1900368233920102e-05
1,1,0.9999780982689799
0,0,2.1900368233920102e-05
0,0,2.1900368233920102e-05
0,0,2.1900368233920102e-05
0,0,2.1900368233920102e-05
0,0,2.1900368233920102e-05
1,1,0.9999780982689799
0,0,2.1900368233920102e-05
0,0,2.1900368233920102e-05
0,0,2.1900368233920102e-05
0,0,2.1900368233920102e-05
0,0,2.1900368233920102e-05
0,0,2.1849638289488447e-05
0,0,2.1900368233920102e-05
0,0,2.190032900518737e-05
1,1,0.9999780982689799
0,0,2.1900368233920102e-05
0,0,2.1900368233920102e-05
0,0,2.1900368233920102e-05
0,0,2.1696642139906675e-05
0,0,2.1900368233920102e-05
0,0,2.1900368233920102e-05
0,0,2.190032900518737e-05
0,0,2.190032900518737e-05
0,0,2.1900368233920102e-05
0,0,2.1900368233920102e-05
0,0,2.1900368233920102e-05
0,0,2.1900368233920102e-05
0,0,2.1900368233920102e-05
0,0,2.1900368233920102e-05
0,0,2.1900368233920102e-05
0,0,2.1798160153772575e-05
0,0,2.1900368233920102e-05
0,0,2.1900368233920102e-05
0,0,2.1900368233920102e-05
0,0,2.190032900518737e-05
0,0,2.1900368233920102e-05
1,1,0.9999780982689799
0,0,2.1900368233920102e-05
0,0,2.1900368233920102e-05
0,0,2.1900368233920102e-05
0,0,2.1900368233920102e-05
0,0,2.1849638289488447e-05
0,0,2.1900368233920102e-05
1,1,0.9999780982689799
0,0,2.1900368233920102e-05
0,0,2.1900368233920102e-05
0,0,2.1900368233920102e-05
0,0,2.1900368233920102e-05
0,0,2.1900368233920102e-05
0,0,2.1900368233920102e-05
0,0,2.190032900518737e-05
0,0,2.1900368233920102e-05
1,1,0.9999780982689799
1,1,0.9999780982689799
0,0,2.1900368233920102e-05
0,0,2.1900368233920102e-05
0,0,2.1900368233920102e-05
1,1,0.9999780982689799
0,0,2.1900368233920102e-05
0,0,2.1900368233920102e-05
0,0,2.1900368233920102e-05
0,0,2.1900368233920102e-05
0,0,2.1900368233920102e-05
0,0,4.492002166855595e-05
0,0,2.1900368233920102e-05
0,0,2.1900368233920102e-05
0,0,2.1900368233920102e-05
0,0,2.1900368233920102e-05
0,0,2.1900368233920102e-05
0,0,2.1900368233920102e-05
1,1,0.9999780982689799
0,0,2.1900368233920102e-05
0,0,2.1900368233920102e-05
0,0,2.1900368233920102e-05
0,0,2.1900368233920102e-05
0,0,2.1900368233920102e-05
0,0,2.1900368233920102e-05
0,0,2.1900368233920102e-05
0,0,2.1900368233920102e-05
1,1,0.9999780982689799
0,0,2.1900368233920102e-05
0,0,2.190032900518737e-05
0,0,2.1900368233920102e-05
0,0,2.1900368233920102e-05
0,0,2.1900368233920102e-05
0,0,2.1900368233920102e-05
0,0,2.1900368233920102e-05
0,0,2.1900368233920102e-05
0,0,2.1900368233920102e-05
0,0,2.1900368233920102e-05
1,1,0.9999780982689799
1,1,0.9999780982689799
0,0,2.559083216763705e-05
0,0,2.1900368233920102e-05
1,1,0.9999780982689799
0,0,2.1900368233920102e-05
0,0,2.1900368233920102e-05
0,0,2.1900368233920102e-05
0,0,2.1900368233920102e-05
0,0,2.1900368233920102e-05
0,0,2.1900368233920102e-05
0,0,2.1900368233920102e-05
0,0,2.1900368233920102e-05
1,1,0.9999780982689799
0,0,2.1900368233920102e-05
0,0,2.1900368233920102e-05
1,1,0.9999780982689799
0,0,2.1900368233920102e-05
0,0,2.1759094668752983e-05
0,0,2.190032900518737e-05
1,1,0.9999780982689799
0,0,2.1900368233920102e-05
0,0,2.1900368233920102e-05
0,0,2.1900368233920102e-05
0,0,2.1900368233920102e-05
0,0,2.1900368233920102e-05
0,0,2.1900368233920102e-05
1,1,0.9999780982689799
0,0,2.1900368233920102e-05
1,1,0.9999780982689799
0,0,2.1900368233920102e-05
0,0,2.1900368233920102e-05
0,0,2.1900368233920102e-05
1,1,0.9999780982689799
0,0,2.1900368233920102e-05
0,0,2.1900368233920102e-05
0,0,2.1900368233920102e-05
1,1,0.9999780982689799
0,0,2.1900368233920102e-05
1,1,0.9999780982689799
0,0,2.1900368233920102e-05
0,0,2.1900368233920102e-05
0,0,2.1900368233920102e-05
0,0,2.1849638289488447e-05
0,0,2.1900368233920102e-05
0,0,2.1900368233920102e-05
0,0,2.2681802941829723e-05
0,0,2.160057294560227e-05
1,1,0.9999780982689799
0,0,2.1900368233920102e-05
0,0,2.1900368233920102e-05
0,0,2.1900368233920102e-05
0,0,2.1900368233920102e-05
0,0,2.1900368233920102e-05
0,0,2.1900368233920102e-05
0,0,2.1900368233920102e-05
0,0,2.1900368233920102e-05
0,0,2.1900368233920102e-05
0,0,2.1900368233920102e-05
0,0,2.1900368233920102e-05
0,0,2.1900368233920102e-05
0,0,2.1900368233920102e-05
0,0,2.1900368233920102e-05
0,0,2.1900368233920102e-05
0,0,2.1900368233920102e-05
0,0,2.1900368233920102e-05
0,0,2.1900368233920102e-05
0,0,2.1900368233920102e-05
0,0,2.190032900518737e-05
0,0,2.1900368233920102e-05
1,1,0.9999780982689799
1,1,0.9999780982689799
0,0,2.1900368233920102e-05
0,0,2.1850216823955003e-05
0,0,2.1900368233920102e-05
0,0,2.1900368233920102e-05
0,0,2.1900368233920102e-05
0,0,2.1900368233920102e-05
0,0,2.1900368233920102e-05
0,0,2.1900368233920102e-05
0,0,2.1900368233920102e-05
0,0,2.1900368233920102e-05
0,0,2.190032900518737e-05
0,0,2.1900368233920102e-05
1,1,0.9999780982689799
1,1,0.9999780982689799
0,0,2.1900368233920102e-05
0,0,2.1900368233920102e-05
0,0,2.1900368233920102e-05
0,0,2.190032900518737e-05
1,1,0.9999780982689799
0,0,2.1900368233920102e-05
1,1,0.9999780982689799
0,0,2.1900368233920102e-05
0,0,2.1900368233920102e-05
0,0,2.1900368233920102e-05
0,0,2.1900368233920102e-05
0,0,2.1900368233920102e-05
1,1,0.9999780982689799
0,0,2.1900368233920102e-05
0,0,2.1900368233920102e-05
0,0,2.1900368233920102e-05
1,1,0.9999780982689799
0,0,2.1900368233920102e-05
1,1,0.9999780982689799
0,0,2.1900368233920102e-05
0,0,2.1900368233920102e-05
0,0,2.1900368233920102e-05
0,0,2.1900368233920102e-05
1,1,0.9999780982689799
0,0,2.1900368233920102e-05
0,0,2.1900368233920102e-05
0,0,2.190032900518737e-05
0,0,2.1900368233920102e-05
0,0,2.1900368233920102e-05
0,0,2.1900368233920102e-05
0,0,2.1900368233920102e-05
0,0,2.1900368233920102e-05
0,0,2.1900368233920102e-05
0,0,2.1900368233920102e-05
1,1,0.9999780982689799
0,0,2.1900368233920102e-05
0,0,2.1900368233920102e-05
0,0,2.1900368233920102e-05
0,0,2.1900368233920102e-05
0,0,2.190032900518737e-05
0,0,2.190032900518737e-05
0,0,2.1900368233920102e-05
0,0,2.190032900518737e-05
0,0,2.1849638289488447e-05
0,0,2.1900368233920102e-05
0,0,2.1900368233920102e-05
0,0,2.1900368233920102e-05
0,0,2.1900368233920102e-05
0,0,2.1900368233920102e-05
0,0,2.1900368233920102e-05
0,0,2.190032900518737e-05
0,0,2.1900368233920102e-05
0,0,2.1900368233920102e-05
0,0,2.1900368233920102e-05
0,0,2.0840178625791537e-05
0,0,2.353972774971165e-05
1,1,0.9999780982689799
0,0,2.1900368233920102e-05
0,0,2.1900368233920102e-05
0,0,2.190032900518737e-05
0,0,2.1900368233920102e-05
0,0,2.1900368233920102e-05
0,0,2.1900368233920102e-05
0,0,2.1900368233920102e-05
0,0,2.1900368233920102e-05
0,0,2.1900368233920102e-05
0,0,2.1900368233920102e-05
1,1,0.9982618246488683
0,0,2.1900368233920102e-05
0,0,2.1900368233920102e-05
0,0,2.1900368233920102e-05
0,0,2.1900368233920102e-05
1,1,0.9999780982689799
0,0,2.1900368233920102e-05
0,0,2.1900368233920102e-05
0,0,2.1900368233920102e-05
0,0,2.1900368233920102e-05
0,0,2.1900368233920102e-05
0,0,2.1900368233920102e-05
0,0,2.1900368233920102e-05
0,0,2.1900368233920102e-05
0,0,2.1900368233920102e-05
0,0,2.1900368233920102e-05
0,0,2.1900368233920102e-05
0,0,2.1900368233920102e-05
0,0,2.1850810655113965e-05
0,0,2.1900368233920102e-05
0,0,2.1900368233920102e-05
0,0,2.1849638289488447e-05
0,0,2.190032900518737e-05
0,0,2.1900368233920102e-05
1,1,0.9999780982689799
0,0,2.1900368233920102e-05
0,0,2.1900368233920102e-05
0,0,2.1900368233920102e-05
0,0,2.190032900518737e-05
0,0,2.1900368233920102e-05
0,0,2.1900368233920102e-05
0,0,2.1900368233920102e-05
0,0,2.1900368233920102e-05
0,0,2.1900368233920102e-05
1,1,0.9999780982689799
0,0,2.1900368233920102e-05
0,0,2.1900368233920102e-05
0,0,2.1900368233920102e-05
1,1,0.9999780982689799
0,0,2.1900368233920102e-05
0,0,2.190032900518737e-05
0,0,2.1900368233920102e-05
0,0,2.1900368233920102e-05
1,1,0.9999780982689799
0,0,2.1900368233920102e-05
0,0,2.1900368233920102e-05
0,0,2.1900368233920102e-05
0,0,2.1849638289488447e-05
0,0,2.1900368233920102e-05
0,0,2.1900368233920102e-05
0,0,2.1900368233920102e-05
0,0,2.1900368233920102e-05
1,1,0.9999678927434904
0,0,2.1900368233920102e-05
1,1,0.9999780982689799
0,0,2.1900368233920102e-05
0,0,2.1849638289488447e-05
0,0,2.1900368233920102e-05
0,0,2.1900368233920102e-05
0,0,2.1900368233920102e-05
0,0,2.1900368233920102e-05
1,1,0.9999780982689799
0,0,2.1900368233920102e-05
1,1,0.9999780982689799
0,0,2.1900368233920102e-05
0,0,2.1900368233920102e-05
0,0,2.1900368233920102e-05
1,1,0.9999780982689799
0,0,2.1900368233920102e-05
0,0,2.1900368233920102e-05
1,1,0.9999780982689799
0,0,2.1900368233920102e-05
1,1,0.9999780982689799
1,1,0.9999782115187699
0,0,2.1900368233920102e-05
0,0,2.1900368233920102e-05
0,0,2.179152769328258e-05
0,0,2.1900368233920102e-05
0,0,2.1900368233920102e-05
0,0,2.1900368233920102e-05
1,1,0.9999780982689799
0,0,2.1900368233920102e-05
0,0,2.1900368233920102e-05
0,0,2.1900368233920102e-05
0,0,2.1900368233920102e-05
0,0,2.1900368233920102e-05
0,0,2.1900368233920102e-05
0,0,2.1900368233920102e-05
1,1,0.9999780982689799
0,0,2.1644071335919784e-05
0,0,2.1900368233920102e-05
0,0,2.1900368233920102e-05
1,1,0.9999780982689799
0,0,2.1900368233920102e-05
0,0,2.1900368233920102e-05
0,0,2.1849638289488447e-05
1,1,0.9999780982689799
0,0,2.1900368233920102e-05
0,0,2.1900368233920102e-05
1,1,0.9999780982689799
0,0,2.1900368233920102e-05
0,0,2.1900368233920102e-05
0,0,2.1900368233920102e-05
0,0,2.1900368233920102e-05
0,0,2.1900368233920102e-05
0,0,2.1900368233920102e-05
1,1,0.9999780982689799
0,0,2.1900368233920102e-05
0,0,2.1900368233920102e-05
0,0,2.1900368233920102e-05
0,0,2.190032900518737e-05
0,0,2.1900368233920102e-05
0,0,2.1900368233920102e-05
0,0,2.1900368233920102e-05
1,1,0.9999780982689799
0,0,2.1900368233920102e-05
0,0,2.1900368233920102e-05
0,0,2.1900368233920102e-05
0,0,2.1900368233920102e-05
0,0,2.1900368233920102e-05
0,0,2.1900368233920102e-05
0,0,2.1900368233920102e-05
0,0,2.1900368233920102e-05
0,0,2.1900368233920102e-05
0,0,2.1900368233920102e-05
0,0,2.190032900518737e-05
0,0,2.1900368233920102e-05
0,0,2.1900368233920102e-05
1,1,0.9999403279270228
1,1,0.9999780982689799
0,0,2.163765449622024e-05
0,0,2.1900368233920102e-05
0,0,2.1849638289488447e-05
0,0,2.1900368233920102e-05
0,0,2.1900368233920102e-05
1,1,0.9999780982689799
1,1,0.9999780982689799
1,1,0.9999780982689799
1,1,0.9999780982689799
0,0,2.1900368233920102e-05
0,0,2.1900368233920102e-05
0,0,2.1900368233920102e-05
0,0,2.1900368233920102e-05
0,0,2.1900368233920102e-05
1,1,0.9999780982689799
0,0,2.1900368233920102e-05
0,0,2.1900368233920102e-05
0,0,2.1849638289488447e-05
0,0,2.1849638289488447e-05
0,0,2.1900368233920102e-05
0,0,2.1900368233920102e-05
0,0,2.1900368233920102e-05
0,0,2.1900368233920102e-05
0,0,2.1900368233920102e-05
0,0,2.1900368233920102e-05
0,0,2.1900368233920102e-05
0,0,2.1900368233920102e-05
0,0,2.1849638289488447e-05
0,0,2.190032900518737e-05
0,0,2.1900368233920102e-05
0,0,2.1900368233920102e-05
0,0,2.1900368233920102e-05
0,0,2.1849638289488447e-05
1,1,0.9999780982689799
0,0,2.1900368233920102e-05
0,0,2.1900368233920102e-05
0,0,2.1900368233920102e-05
0,0,2.1900368233920102e-05
0,0,2.1900368233920102e-05
0,0,2.1900368233920102e-05
0,0,2.190032900518737e-05
0,0,2.1900368233920102e-05
0,0,2.1900368233920102e-05
0,0,2.1900368233920102e-05
1,1,0.9999780982689799
0,0,2.1900368233920102e-05
0,0,2.1900368233920102e-05
0,0,2.1900368233920102e-05
0,0,2.1900368233920102e-05
0,0,2.1900368233920102e-05
0,0,2.1900368233920102e-05
0,0,2.1900368233920102e-05
1,1,0.9999780982689799
1,1,0.9999780982689799
0,0,2.1850216823955003e-05
0,0,2.1900368233920102e-05
0,0,2.1900368233920102e-05
0,0,2.1900368233920102e-05
0,0,2.1900368233920102e-05
0,0,2.0979649105078448e-05
0,0,2.1900368233920102e-05
0,0,2.1900368233920102e-05
0,0,2.1900368233920102e-05
0,0,2.1900368233920102e-05
0,0,2.1900368233920102e-05
0,0,2.1900368233920102e-05
0,0,2.1900368233920102e-05
0,0,2.1900368233920102e-05
1,1,0.9999780982689799
0,0,2.1900368233920102e-05
1,1,0.9999780982689799
0,0,2.1900368233920102e-05
0,0,2.1900368233920102e-05
0,0,2.1900368233920102e-05
1,1,0.99995888538637
0,0,2.1900368233920102e-05
0,0,2.1900368233920102e-05
0,0,2.1900368233920102e-05
0,0,2.1900368233920102e-05
0,0,2.1900368233920102e-05
0,0,2.1900368233920102e-05
0,0,2.1900368233920102e-05
0,0,2.1900368233920102e-05
0,0,2.1900368233920102e-05
0,0,2.1900368233920102e-05
0,0,2.1900368233920102e-05
0,0,2.1900368233920102e-05
0,0,2.1900368233920102e-05
0,0,2.1900368233920102e-05
0,0,2.1900368233920102e-05
0,0,2.1900368233920102e-05
0,0,2.1900368233920102e-05
0,0,2.190032900518737e-05
0,0,2.1900368233920102e-05
0,0,2.1900368233920102e-05
0,0,2.1900368233920102e-05
1,1,0.9999772507940242
0,0,2.1900368233920102e-05
0,0,2.1900368233920102e-05
0,0,2.180649931902061e-05
0,0,2.1900368233920102e-05
0,0,2.1900368233920102e-05
0,0,2.1900368233920102e-05
0,0,2.1900368233920102e-05
0,0,2.1900368233920102e-05
0,0,2.1900368233920102e-05
0,0,2.1900368233920102e-05
0,0,2.1900368233920102e-05
1,1,0.9999780982689799
0,0,2.1900368233920102e-05
0,0,2.1900368233920102e-05
0,0,2.1900368233920102e-05
0,0,2.1900368233920102e-05
0,0,2.1900368233920102e-05
0,0,2.1900368233920102e-05
0,0,2.1900368233920102e-05
0,0,2.1900368233920102e-05
0,0,2.1900368233920102e-05
0,0,2.1900368233920102e-05
0,0,2.1900368233920102e-05
0,0,2.1900368233920102e-05
0,0,2.1900368233920102e-05
1,1,0.9999780982689799
1,1,0.9999780982689799
0,0,2.1900368233920102e-05
0,0,2.1900368233920102e-05
0,0,2.1900368233920102e-05
0,0,2.1900368233920102e-05
0,0,2.1900368233920102e-05
0,0,2.1900368233920102e-05
0,0,2.1900368233920102e-05
0,0,2.1900368233920102e-05
0,0,2.1900368233920102e-05
1,1,0.9999780982689799
0,0,2.1900368233920102e-05
0,0,2.1900368233920102e-05
0,0,2.1900368233920102e-05
0,0,2.1900368233920102e-05
0,0,2.1900368233920102e-05
0,0,2.1900368233920102e-05
0,0,2.1900368233920102e-05
0,0,2.1900368233920102e-05
0,0,2.1900368233920102e-05
0,0,2.1900368233920102e-05
0,0,2.1849638289488447e-05
0,0,2.1849638289488447e-05
0,0,2.1900368233920102e-05
0,0,2.190032900518737e-05
0,0,2.1900368233920102e-05
0,0,2.1900368233920102e-05
0,0,2.1900368233920102e-05
0,0,2.1900368233920102e-05
0,0,2.1900368233920102e-05
0,0,2.1900368233920102e-05
0,0,2.1900368233920102e-05
1,1,0.9999780982689799
0,0,2.1900368233920102e-05
0,0,2.1900368233920102e-05
1,1,0.9999780982689799
0,0,2.1900368233920102e-05
0,0,2.1849638289488447e-05
0,0,2.1900368233920102e-05
1,1,0.9999780982689799
1,1,0.9999780982689799
0,0,2.1900368233920102e-05
0,0,3.8091980132582766e-05
0,0,2.1900368233920102e-05
1,1,0.9999780982689799
0,0,2.1900368233920102e-05
0,0,2.1900368233920102e-05
0,0,2.1900368233920102e-05
0,0,2.1900368233920102e-05
0,0,2.1900368233920102e-05
0,0,2.1900368233920102e-05
1,1,0.9999780982689799
0,0,2.1900368233920102e-05
0,0,2.190032900518737e-05
0,0,2.1900368233920102e-05
0,0,2.1900368233920102e-05
0,0,2.1900368233920102e-05
0,0,2.1900368233920102e-05
0,0,2.1900368233920102e-05
0,0,2.1900368233920102e-05
0,0,2.1900368233920102e-05
0,0,2.1429562193069846e-05
1,1,0.9999780982689799
0,0,2.1900368233920102e-05
0,0,2.1900368233920102e-05
0,0,2.1900368233920102e-05
0,0,2.1900368233920102e-05
0,0,2.1900368233920102e-05
0,0,2.1900368233920102e-05
0,0,2.1900368233920102e-05
0,0,2.1900368233920102e-05
0,0,2.1900368233920102e-05
0,0,2.1900368233920102e-05
1,1,0.9999780982689799
1,1,0.9999780982689799
0,0,2.1900368233920102e-05
0,0,2.1900368233920102e-05
0,0,2.1900368233920102e-05
1,1,0.9999780982689799
0,0,2.1900368233920102e-05
0,0,2.1849638289488447e-05
0,0,2.1900368233920102e-05
0,0,2.1900368233920102e-05
0,0,2.1900368233920102e-05
1,1,0.9999780982689799
0,0,2.1900368233920102e-05
0,0,2.1900368233920102e-05
0,0,2.1900368233920102e-05
0,0,2.1900368233920102e-05
0,0,2.1900368233920102e-05
0,0,2.1900368233920102e-05
0,0,2.1900368233920102e-05
0,0,2.1900368233920102e-05
0,0,2.1900368233920102e-05
0,0,2.1900368233920102e-05
0,0,2.1900368233920102e-05
0,0,2.1900368233920102e-05
0,0,2.1900368233920102e-05
0,0,2.1900368233920102e-05
0,0,2.1900368233920102e-05
0,0,2.1900368233920102e-05
0,0,2.1900368233920102e-05
0,0,2.1900368233920102e-05
0,0,2.1900368233920102e-05
0,0,2.1900368233920102e-05
1,1,0.9999780982689799
0,0,2.1900368233920102e-05
0,0,2.1900368233920102e-05
0,0,2.1900368233920102e-05
0,0,2.1849638289488447e-05
0,0,2.1900368233920102e-05
0,0,2.1900368233920102e-05
1,1,0.9999780982689799
0,0,2.1900368233920102e-05
0,0,2.1900368233920102e-05
0,0,2.1900368233920102e-05
1,1,0.9999780982689799
0,0,2.1900368233920102e-05
0,0,2.1900368233920102e-05
0,0,2.1900368233920102e-05
0,0,2.1900368233920102e-05
0,0,2.1849638289488447e-05
0,0,2.190032900518737e-05
0,0,2.1900368233920102e-05
0,0,2.1900368233920102e-05
1,1,0.9999780982689799
0,0,2.1900368233920102e-05
0,0,2.1900368233920102e-05
0,0,2.1900368233920102e-05
0,0,2.1900368233920102e-05
0,0,2.1900368233920102e-05
0,0,2.190032900518737e-05
0,0,2.1900368233920102e-05
0,0,2.1900368233920102e-05
0,0,2.1900368233920102e-05
0,0,2.1900368233920102e-05
0,0,2.1900368233920102e-05
0,0,2.1900368233920102e-05
0,0,2.1900368233920102e-05
0,0,2.1900368233920102e-05
0,0,2.1900368233920102e-05
1,1,0.9999780982689799
0,0,2.1900368233920102e-05
0,0,2.1900368233920102e-05
0,0,2.1900368233920102e-05
0,0,2.1900368233920102e-05
1,1,0.9999780982689799
0,0,2.1900368233920102e-05
0,0,2.1900368233920102e-05
0,0,2.1900368233920102e-05
0,0,2.1900368233920102e-05
0,0,2.1900368233920102e-05
0,0,2.1900368233920102e-05
0,0,2.1900368233920102e-05
0,0,2.1900368233920102e-05
1,1,0.9999780982689799
0,0,2.1900368233920102e-05
0,0,2.1900368233920102e-05
0,0,2.1900368233920102e-05
1,1,0.9999780982689799
0,0,2.1900368233920102e-05
0,0,2.1900368233920102e-05
0,0,2.1900368233920102e-05
0,0,2.190032900518737e-05
1,1,0.9999780982689799
0,0,2.1900368233920102e-05
0,0,2.1900368233920102e-05
0,0,2.1900368233920102e-05
0,0,2.1900368233920102e-05
1,1,0.9999769465654251
1,1,0.9999780982689799
0,0,2.182222181106097e-05
0,0,2.1900368233920102e-05
0,0,2.1900368233920102e-05
0,0,2.1900368233920102e-05
1,1,0.999959830034993
0,0,2.1900368233920102e-05
0,0,2.1900368233920102e-05
0,0,2.1900368233920102e-05
0,0,2.1900368233920102e-05
1,1,0.9998820490789501
0,0,2.1900368233920102e-05
1,1,0.9999780982689799
0,0,2.1900368233920102e-05
1,1,0.9999780982689799
1,1,0.9999780982689799
0,0,2.1900368233920102e-05
0,0,2.1900368233920102e-05
0,0,2.190032900518737e-05
0,0,2.1900368233920102e-05
0,0,2.1900368233920102e-05
0,0,2.1849638289488447e-05
0,0,2.1900368233920102e-05
1,1,0.9999780982689799
1,1,0.9999780982689799
0,0,2.1900368233920102e-05
0,0,2.1900368233920102e-05
0,0,2.1900368233920102e-05
0,0,2.190032900518737e-05
0,0,2.1900368233920102e-05
0,0,2.190032900518737e-05
0,0,2.1900368233920102e-05
0,0,2.1900368233920102e-05
0,0,2.1900368233920102e-05
0,0,2.1900368233920102e-05
0,0,2.1900368233920102e-05
0,0,2.1900368233920102e-05
0,0,2.1900368233920102e-05
0,0,3.1130401203991594e-05
1,1,0.9999780982689799
0,0,2.1900368233920102e-05
0,0,2.1900368233920102e-05
1,1,0.9999780982689799
0,0,2.1900368233920102e-05
0,0,2.1900368233920102e-05
0,0,2.1900368233920102e-05
0,0,2.1900368233920102e-05
0,0,2.1900368233920102e-05
0,0,2.1900368233920102e-05
0,0,2.1900368233920102e-05
0,0,2.1900368233920102e-05
0,0,2.1900368233920102e-05
0,0,2.1900368233920102e-05
0,0,2.1900368233920102e-05
0,0,2.1900368233920102e-05
0,0,2.1900368233920102e-05
0,0,2.115735784330923e-05
0,0,2.1900368233920102e-05
1,1,0.9999780982689799
0,0,2.1900368233920102e-05
0,0,2.190032900518737e-05
0,0,2.1900368233920102e-05
1,1,0.9999780982689799
0,0,2.1900368233920102e-05
0,0,2.1900368233920102e-05
0,0,2.1900368233920102e-05
0,0,2.1900368233920102e-05
0,0,2.1900368233920102e-05
0,0,2.1900368233920102e-05
0,0,2.1900368233920102e-05
0,0,2.1900368233920102e-05
0,0,2.190032900518737e-05
0,0,2.1900368233920102e-05
1,1,0.9999781178718979
0,0,2.1900368233920102e-05
0,0,2.1900368233920102e-05
0,0,2.1900368233920102e-05
0,0,2.1900368233920102e-05
0,0,2.1900368233920102e-05
0,0,2.1849638289488447e-05
0,0,2.1900368233920102e-05
1,1,0.9999780982689799
0,0,2.1900368233920102e-05
1,1,0.9999780982689799
0,0,2.1900368233920102e-05
1,1,0.9999780982689799
1,1,0.9999780982689799
0,0,2.1900368233920102e-05
0,0,2.1900368233920102e-05
0,0,2.1900368233920102e-05
0,0,2.1900368233920102e-05
0,0,2.1900368233920102e-05
0,0,2.1900368233920102e-05
0,0,2.1900368233920102e-05
0,0,2.1900368233920102e-05
0,0,2.1900368233920102e-05
0,0,2.1900368233920102e-05
0,0,2.190032900518737e-05
0,0,2.1900368233920102e-05
1,1,0.9999780982689799
0,0,2.1900368233920102e-05
0,0,2.1900368233920102e-05
1,1,0.9999348191392696
0,0,2.1900368233920102e-05
0,0,2.190032900518737e-05
0,0,2.1849638289488447e-05
0,0,2.1849638289488447e-05
0,0,2.1900368233920102e-05
0,0,2.1900368233920102e-05
1,1,0.9999780982689799
0,0,2.1900368233920102e-05
0,0,2.1900368233920102e-05
0,0,2.1900368233920102e-05
0,0,2.1900368233920102e-05
0,0,2.1900368233920102e-05
0,0,2.1900368233920102e-05
1,1,0.9999780982689799
0,0,2.1900368233920102e-05
0,0,2.179152769328258e-05
0,0,2.1900368233920102e-05
0,0,2.1900368233920102e-05
0,0,2.1900368233920102e-05
0,0,2.1849638289488447e-05
0,0,2.1849638289488447e-05
0,0,2.1900368233920102e-05
0,0,2.1900368233920102e-05
0,0,2.1900368233920102e-05
0,0,2.1849638289488447e-05
0,0,2.1900368233920102e-05
1,1,0.9999780982689799
0,0,2.1900368233920102e-05
0,0,2.1900368233920102e-05
0,0,2.1900368233920102e-05
0,0,2.1900368233920102e-05
0,0,2.1900368233920102e-05
0,0,2.190032900518737e-05
0,0,2.1849638289488447e-05
0,0,2.1759094668752983e-05
0,0,2.1900368233920102e-05
1,1,0.9999780982689799
0,0,2.1900368233920102e-05
0,0,2.3332397561467826e-05
0,0,2.1900368233920102e-05
0,0,2.1759094668752983e-05
0,0,2.0544483995337283e-05
0,0,3.7239266028813196e-05
0,0,2.1900368233920102e-05
0,0,2.1900368233920102e-05
0,0,2.1686938306470504e-05
0,0,2.1900368233920102e-05
0,0,2.1900368233920102e-05
0,0,2.1900368233920102e-05
0,0,2.1849638289488447e-05
0,0,2.1900368233920102e-05
0,0,2.1900368233920102e-05
0,0,2.1686938306470504e-05
0,0,2.1900368233920102e-05
0,0,2.1900368233920102e-05
0,0,2.1900368233920102e-05
0,0,2.1900368233920102e-05
0,0,2.1900368233920102e-05
0,0,2.1900368233920102e-05
0,0,2.1900368233920102e-05
0,0,2.1330153707727502e-05
0,0,2.190032900518737e-05
0,0,2.1900368233920102e-05
0,0,2.1900368233920102e-05
0,0,2.1900368233920102e-05
0,0,2.1900368233920102e-05
0,0,2.1900368233920102e-05
0,0,2.1900368233920102e-05
0,0,2.1900368233920102e-05
0,0,2.1900368233920102e-05
0,0,2.1900368233920102e-05
1,1,0.9999780982689799
0,0,2.160057294560227e-05
0,0,2.1900368233920102e-05
0,0,2.1900368233920102e-05
0,0,2.1900368233920102e-05
0,0,2.1900368233920102e-05
0,0,2.1900368233920102e-05
0,0,2.1900368233920102e-05
1,1,0.9999780982689799
0,0,2.1900368233920102e-05
1,1,0.9999780982689799
0,0,9.926097275417461e-05
0,0,2.1900368233920102e-05
0,0,2.1900368233920102e-05
0,0,2.1900368233920102e-05
1,1,0.9999780982689799
0,0,2.1900368233920102e-05
0,0,2.1900368233920102e-05
1,1,0.9999780982689799
0,0,2.1900368233920102e-05
0,0,2.1900368233920102e-05
0,0,2.1900368233920102e-05
0,0,2.1900368233920102e-05
0,0,2.1900368233920102e-05
0,0,2.1900368233920102e-05
0,0,2.1900368233920102e-05
0,0,2.1849638289488447e-05
0,0,2.1900368233920102e-05
0,0,2.1900368233920102e-05
0,0,2.1900368233920102e-05
0,0,2.1900368233920102e-05
0,0,2.160057294560227e-05
0,0,2.1849638289488447e-05
0,0,2.1900368233920102e-05
1,1,0.9999780982689799
0,0,2.1900368233920102e-05
1,1,0.9999780982689799
0,0,2.1900368233920102e-05
0,0,2.1900368233920102e-05
0,0,2.1900368233920102e-05
0,0,2.1900368233920102e-05
0,0,2.1900368233920102e-05
0,0,2.1900368233920102e-05
0,0,2.1900368233920102e-05
0,0,2.1900368233920102e-05
0,0,2.1900368233920102e-05
0,0,2.1900368233920102e-05
0,0,2.1849638289488447e-05
0,0,2.1900368233920102e-05
0,0,2.1900368233920102e-05
0,0,2.1900368233920102e-05
0,0,2.1900368233920102e-05
1,1,0.9999780982689799
1,1,0.9999780982689799
0,0,2.160057294560227e-05
0,0,2.1900368233920102e-05
0,0,2.1900368233920102e-05
0,0,2.1900368233920102e-05
0,0,2.190032900518737e-05
0,0,2.190032900518737e-05
0,0,2.1900368233920102e-05
0,0,2.1900368233920102e-05
0,0,2.1900368233920102e-05
0,0,2.1900368233920102e-05
0,0,2.1900368233920102e-05
0,0,2.1900368233920102e-05
0,0,2.1900368233920102e-05
0,0,2.1900368233920102e-05
0,0,2.1900368233920102e-05
0,0,2.1900368233920102e-05
0,0,2.1900368233920102e-05
0,0,2.1900368233920102e-05
0,0,2.1900368233920102e-05
0,0,2.1849638289488447e-05
0,0,2.190032900518737e-05
0,0,2.1900368233920102e-05
0,0,2.1900368233920102e-05
1,1,0.9999780982689799
0,0,2.1900368233920102e-05
0,0,2.1900368233920102e-05
0,0,2.1900368233920102e-05
0,0,2.1900368233920102e-05
0,0,2.1900368233920102e-05
0,0,2.1900368233920102e-05
0,0,2.1900368233920102e-05
0,0,2.1900368233920102e-05
0,0,2.1900368233920102e-05
1,1,0.9999780982689799
1,1,0.9999780982689799
1,1,0.9999780982689799
0,0,2.1849638289488447e-05
0,0,2.1900368233920102e-05
0,0,2.1900368233920102e-05
0,0,2.1900368233920102e-05
0,0,2.1900368233920102e-05
0,0,2.1900368233920102e-05
0,0,2.1900368233920102e-05
0,0,2.1900368233920102e-05
0,0,2.1900368233920102e-05
0,0,2.1900368233920102e-05
0,0,2.1900368233920102e-05
0,0,2.1900368233920102e-05
0,0,2.1900368233920102e-05
0,0,2.1900368233920102e-05
0,0,2.1900368233920102e-05
0,0,2.1900368233920102e-05
1,1,0.9999780982689799
0,0,2.190032900518737e-05
0,0,2.1900368233920102e-05
0,0,2.1900368233920102e-05
0,0,0.00046610023903879966
1,1,0.9999780982689799
0,0,2.1759094668752983e-05
0,0,2.1900368233920102e-05
0,0,2.1900368233920102e-05
0,0,2.1900368233920102e-05
0,0,2.1900368233920102e-05
0,0,2.1900368233920102e-05
0,0,2.1900368233920102e-05
0,0,2.1900368233920102e-05
0,0,2.1900368233920102e-05
0,0,2.1900368233920102e-05
0,0,2.1900368233920102e-05
0,0,2.1900368233920102e-05
0,0,2.1900368233920102e-05
0,0,2.1900368233920102e-05
0,0,2.1900368233920102e-05
0,0,2.1900368233920102e-05
0,0,2.1900368233920102e-05
0,0,2.1900368233920102e-05
0,0,2.1900368233920102e-05
1,1,0.9999780982689799
0,0,2.1900368233920102e-05
0,0,2.1900368233920102e-05
0,0,0.0008428053106068947
0,0,2.1900368233920102e-05
0,0,2.1900368233920102e-05
0,0,2.1900368233920102e-05
0,0,2.1900368233920102e-05
0,0,2.1900368233920102e-05
0,0,2.1900368233920102e-05
0,0,2.1759094668752983e-05
1,1,0.9999780982689799
0,0,2.1900368233920102e-05
0,0,2.1900368233920102e-05
0,0,2.1900368233920102e-05
0,0,2.1900368233920102e-05
0,0,2.1900368233920102e-05
0,0,2.0856185841825464e-05
0,0,2.1900368233920102e-05
0,0,2.1900368233920102e-05
0,0,2.1179874901911334e-05
0,0,2.1900368233920102e-05
0,0,2.1900368233920102e-05
0,0,2.1900368233920102e-05
0,0,2.1900368233920102e-05
0,0,2.1900368233920102e-05
0,0,2.1900368233920102e-05
0,0,2.190032900518737e-05
0,0,2.1900368233920102e-05
0,0,2.1900368233920102e-05
0,0,2.190032900518737e-05
0,0,2.1900368233920102e-05
0,0,2.1900368233920102e-05
0,0,2.1900368233920102e-05
0,0,2.1900368233920102e-05
0,0,2.1900368233920102e-05
0,0,2.1900368233920102e-05
0,0,2.1900368233920102e-05
0,0,2.1900368233920102e-05
1,1,0.9999780982689799
0,0,2.1900368233920102e-05
0,0,2.1900368233920102e-05
1,1,0.9999780982689799
0,0,2.1900368233920102e-05
0,0,2.1900368233920102e-05
0,0,2.1900368233920102e-05
0,0,2.190032900518737e-05
0,0,2.1900368233920102e-05
0,0,5.013852264781679e-05
0,0,2.0840178625791537e-05
0,0,2.1900368233920102e-05
0,0,2.1900368233920102e-05
0,0,2.1900368233920102e-05
0,0,2.1900368233920102e-05
0,0,2.1900368233920102e-05
0,0,2.1900368233920102e-05
0,0,2.1849638289488447e-05
0,0,2.1900368233920102e-05
0,0,2.1900368233920102e-05
0,0,2.1900368233920102e-05
0,0,2.1900368233920102e-05
0,0,2.1900368233920102e-05
1,1,0.9999780982689799
0,0,2.1900368233920102e-05
1,1,0.9999780982689799
0,0,2.1849638289488447e-05
0,0,2.1900368233920102e-05
1,1,0.9999780982689799
0,0,2.1900368233920102e-05
1,1,0.9999780982689799
0,0,2.1900368233920102e-05
1,1,0.9999780982689799
0,0,2.1900368233920102e-05
1,1,0.9999780982689799
0,0,2.1900368233920102e-05
0,0,2.1900368233920102e-05
0,0,2.1900368233920102e-05
0,0,2.1900368233920102e-05
0,0,2.1900368233920102e-05
1,1,0.9999780982689799
0,0,2.1900368233920102e-05
1,1,0.9999780982689799
0,0,2.1900368233920102e-05
0,0,2.1900368233920102e-05
0,0,2.1900368233920102e-05
0,0,2.1900368233920102e-05
1,1,0.9999704781141754
0,0,2.1900368233920102e-05
1,1,0.9999780982689799
0,0,2.1900368233920102e-05
0,0,2.1900368233920102e-05
0,0,2.1900368233920102e-05
0,0,2.1900368233920102e-05
0,0,2.1900368233920102e-05
0,0,2.1849638289488447e-05
1,1,0.9999780982689799
0,0,2.1900368233920102e-05
0,0,2.1900368233920102e-05
0,0,2.1900368233920102e-05
0,0,2.1900368233920102e-05
0,0,2.1900368233920102e-05
0,0,2.1900368233920102e-05
0,0,2.1900368233920102e-05
0,0,2.1900368233920102e-05
0,0,2.1900368233920102e-05
0,0,5.51247333014274e-05
0,0,2.1900368233920102e-05
0,0,2.1900368233920102e-05
0,0,2.1900368233920102e-05
0,0,2.1900368233920102e-05
0,0,2.1900368233920102e-05
0,0,2.1900368233920102e-05
1,1,0.9999780982689799
0,0,2.190032900518737e-05
0,0,2.1900368233920102e-05
0,0,2.1900368233920102e-05
0,0,2.1900368233920102e-05
0,0,2.1900368233920102e-05
0,0,2.1900368233920102e-05
0,0,2.1900368233920102e-05
0,0,2.1900368233920102e-05
0,0,2.190032900518737e-05
0,0,2.1900368233920102e-05
0,0,2.1900368233920102e-05
0,0,2.1900368233920102e-05
0,0,2.1900368233920102e-05
0,0,2.1900368233920102e-05
0,0,2.1900368233920102e-05
1,1,0.9999780982689799
0,0,2.1900368233920102e-05
0,0,2.1900368233920102e-05
0,0,7.070864156752639e-05
0,0,2.1900368233920102e-05
0,0,2.190032900518737e-05
1,1,0.9999780982689799
1,1,0.9999780982689799
0,0,2.1900368233920102e-05
0,0,2.1900368233920102e-05
0,0,2.1900368233920102e-05
0,0,2.1900368233920102e-05
0,0,2.1900368233920102e-05
0,0,2.1446213010016802e-05
0,0,2.190032900518737e-05
0,0,2.1900368233920102e-05
0,0,2.1900368233920102e-05
0,0,2.190032900518737e-05
0,0,2.1900368233920102e-05
1,1,0.9999780982689799
0,0,2.1900368233920102e-05
0,0,2.1900368233920102e-05
0,0,2.1900368233920102e-05
0,0,2.1900368233920102e-05
0,0,2.1900368233920102e-05
0,0,2.1900368233920102e-05
0,0,2.1849638289488447e-05
0,0,2.1900368233920102e-05
0,0,2.1900368233920102e-05
0,0,2.1900368233920102e-05
0,0,2.1900368233920102e-05
0,0,2.1900368233920102e-05
1,1,0.9999780982689799
0,0,2.1900368233920102e-05
0,0,2.1900368233920102e-05
0,0,2.1900368233920102e-05
1,1,0.9999780982689799
1,1,0.9999780982689799
0,0,2.180649931902061e-05
0,0,2.190032900518737e-05
0,0,2.1900368233920102e-05
0,0,2.190032900518737e-05
0,0,2.1900368233920102e-05
0,0,2.1900368233920102e-05
0,0,5.782946521571867e-05
0,0,2.1900368233920102e-05
1,1,0.9999780982689799
0,0,3.2931688379760326e-05
0,0,2.1900368233920102e-05
0,0,2.1900368233920102e-05
0,0,2.1849638289488447e-05
1,1,0.9999780982689799
0,0,2.1900368233920102e-05
0,0,2.1900368233920102e-05
0,0,2.1900368233920102e-05
0,0,2.1900368233920102e-05
1,1,0.9999780982689799
1,1,0.9999780982689799
0,0,3.071277679327938e-05
0,0,2.1900368233920102e-05
1,1,0.9999780982689799
0,0,2.1900368233920102e-05
0,0,2.1900368233920102e-05
1,1,0.9999780982689799
0,0,2.1849638289488447e-05
0,0,2.1900368233920102e-05
0,0,2.1900368233920102e-05
0,0,2.1900368233920102e-05
0,0,2.1900368233920102e-05
0,0,2.1900368233920102e-05
0,0,2.1900368233920102e-05
0,0,2.1900368233920102e-05
0,0,2.1900368233920102e-05
0,0,2.1900368233920102e-05
0,0,2.1900368233920102e-05
0,0,2.1900368233920102e-05
0,0,2.1900368233920102e-05
0,0,2.1900368233920102e-05
1,1,0.9999780982689799
0,0,2.190032900518737e-05
0,0,2.1900368233920102e-05
0,0,2.1900368233920102e-05
1,1,0.9999780982689799
0,0,2.1900368233920102e-05
1,1,0.9999780982689799
1,1,0.9999780982689799
0,0,2.1900368233920102e-05
0,0,2.1849638289488447e-05
0,0,2.190032900518737e-05
0,0,2.1759094668752983e-05
1,1,0.9999780982689799
0,0,2.1900368233920102e-05
0,0,2.1900368233920102e-05
0,0,2.1900368233920102e-05
0,0,2.1900368233920102e-05
0,0,2.1900368233920102e-05
0,0,2.1900368233920102e-05
1,1,0.9999780982689799
0,0,2.1900368233920102e-05
0,0,2.1900368233920102e-05
0,0,2.1900368233920102e-05
0,0,2.1900368233920102e-05
0,0,2.1900368233920102e-05
0,0,2.1900368233920102e-05
0,0,2.190032900518737e-05
0,0,2.1900368233920102e-05
0,0,5.489357505898334e-05
0,0,2.1900368233920102e-05
0,0,2.190032900518737e-05
0,0,2.1900368233920102e-05
1,1,0.9999780982689799
0,0,2.1900368233920102e-05
0,0,3.15167321751218e-05
1,1,0.9999780982689799
1,1,0.9999780982689799
0,0,2.1900368233920102e-05
0,0,2.1900368233920102e-05
0,0,2.1900368233920102e-05
0,0,2.1900368233920102e-05
0,0,2.1900368233920102e-05
1,1,0.9999780982689799
0,0,2.1849638289488447e-05
1,1,0.9999780982689799
0,0,2.1900368233920102e-05
0,0,2.1900368233920102e-05
0,0,2.1900368233920102e-05
1,1,0.9999780982689799
0,0,2.1849638289488447e-05
0,0,2.1900368233920102e-05
0,0,2.1900368233920102e-05
0,0,2.1900368233920102e-05
1,1,0.9999780982689799
0,0,2.1900368233920102e-05
0,0,2.1900368233920102e-05
0,0,2.1900368233920102e-05
0,0,2.179152769328258e-05
0,0,2.1900368233920102e-05
0,0,2.190032900518737e-05
1,1,0.9999780982689799
1,1,0.9999780982689799
0,0,2.190032900518737e-05
0,0,2.1900368233920102e-05
0,0,2.1900368233920102e-05
1,1,0.9999780982689799
0,0,2.1900368233920102e-05
0,0,2.1900368233920102e-05
0,0,2.1900368233920102e-05
1,1,0.9999780982689799
0,0,2.1900368233920102e-05
0,0,2.1900368233920102e-05
0,0,2.1900368233920102e-05
0,0,2.1900368233920102e-05
0,0,2.1900368233920102e-05
0,0,2.1900368233920102e-05
0,0,2.1849638289488447e-05
0,0,2.1900368233920102e-05
0,0,2.1900368233920102e-05
1,1,0.9999780982689799
0,0,2.1900368233920102e-05
0,0,2.1900368233920102e-05
0,0,2.1900368233920102e-05
0,0,2.1900368233920102e-05
0,0,2.1900368233920102e-05
0,0,2.1849638289488447e-05
1,1,0.9999780982689799
1,1,0.9999780982689799
0,0,2.1900368233920102e-05
0,0,2.1900368233920102e-05
0,0,2.1900368233920102e-05
0,0,2.1900368233920102e-05
0,0,2.1900368233920102e-05
0,0,2.1900368233920102e-05
0,0,2.1900368233920102e-05
1,1,0.9999780982689799
0,0,2.1900368233920102e-05
0,0,2.1900368233920102e-05
0,0,2.1900368233920102e-05
0,0,2.1900368233920102e-05
0,0,2.1900368233920102e-05
1,1,0.9999782091676533
1,1,0.9999780982689799
1,1,0.9999780982689799
1,1,0.9999780982689799
0,0,2.1900368233920102e-05
0,0,2.1900368233920102e-05
0,0,2.1900368233920102e-05
0,0,2.1900368233920102e-05
0,0,2.1900368233920102e-05
0,0,2.1900368233920102e-05
0,0,2.1900368233920102e-05
0,0,2.1900368233920102e-05
0,0,2.036747083861562e-05
0,0,2.1849638289488447e-05
0,0,2.1900368233920102e-05
0,0,2.1900368233920102e-05
0,0,2.1900368233920102e-05
0,0,2.1900368233920102e-05
0,0,2.1900368233920102e-05
0,0,2.1900368233920102e-05
0,0,2.1900368233920102e-05
0,0,2.1900368233920102e-05
0,0,2.1900368233920102e-05
0,0,2.1849638289488447e-05
0,0,2.1900368233920102e-05
0,0,2.1900368233920102e-05
0,0,2.1900368233920102e-05
0,0,2.1900368233920102e-05
1,1,0.9999780982689799
1,1,0.9999780982689799
0,0,2.1900368233920102e-05
0,0,2.1900368233920102e-05
1,1,0.9999780982689799
0,0,2.1900368233920102e-05
0,0,2.1900368233920102e-05
0,0,2.103174222015622e-05
1,1,0.9999780982689799
0,0,2.1900368233920102e-05
0,0,2.1900368233920102e-05
0,0,2.1900368233920102e-05
0,0,2.1900368233920102e-05
0,0,2.1900368233920102e-05
0,0,3.27908226287922e-05
1,1,0.9999780982689799
0,0,2.1900368233920102e-05
0,0,2.1900368233920102e-05
1,1,0.9999780982689799
0,0,2.1900368233920102e-05
0,0,2.1900368233920102e-05
0,0,2.1900368233920102e-05
0,0,2.1900368233920102e-05
1,1,0.9999780982689799
0,0,2.190032900518737e-05
0,0,2.1900368233920102e-05
0,0,2.1900368233920102e-05
0,0,2.1900368233920102e-05
1,1,0.9998531085647265
0,0,2.1900368233920102e-05
0,0,2.1900368233920102e-05
0,0,2.1900368233920102e-05
0,0,2.1900368233920102e-05
0,0,2.8322282260069834e-05
0,0,2.1900368233920102e-05
0,0,2.1900368233920102e-05
0,0,2.1900368233920102e-05
0,0,2.1900368233920102e-05
0,0,2.1900368233920102e-05
0,0,2.1900368233920102e-05
0,0,2.1900368233920102e-05
0,0,2.1900368233920102e-05
0,0,2.1900368233920102e-05
0,0,2.647280716219878e-05
0,0,2.1900368233920102e-05
0,0,2.1900368233920102e-05
1,1,0.9999780982689799
1,1,0.9999780982689799
0,0,2.1900368233920102e-05
1,1,0.9999780982689799
0,0,2.1900368233920102e-05
1,1,0.9999780982689799
0,0,2.1900368233920102e-05
0,0,2.1900368233920102e-05
0,0,2.1900368233920102e-05
0,0,2.1900368233920102e-05
0,0,2.1900368233920102e-05
1,1,0.9999780982689799
0,0,2.1900368233920102e-05
0,0,2.1900368233920102e-05
0,0,2.1900368233920102e-05
1,1,0.9999780982689799
0,0,2.1900368233920102e-05
0,0,2.1900368233920102e-05
0,0,2.1900368233920102e-05
0,0,2.1900368233920102e-05
0,0,2.1900368233920102e-05
0,0,2.1900368233920102e-05
0,0,2.1849638289488447e-05
0,0,2.1900368233920102e-05
0,0,2.1900368233920102e-05
0,0,2.1900368233920102e-05
0,0,2.1900368233920102e-05
0,0,2.1900368233920102e-05
0,0,2.1900368233920102e-05
0,0,2.1900368233920102e-05
1,1,0.9999780982689799
0,0,2.1900368233920102e-05
0,0,2.1900368233920102e-05
0,0,2.1900368233920102e-05
0,0,2.1900368233920102e-05
1,1,0.9999780982689799
0,0,2.1900368233920102e-05
0,0,2.1900368233920102e-05
0,0,2.1900368233920102e-05
0,0,2.1900368233920102e-05
1,1,0.9999780982689799
0,0,2.1900368233920102e-05
1,1,0.9999780982689799
0,0,2.1849638289488447e-05
1,1,0.9999599346125759
1,1,0.9999780982689799
0,0,2.1900368233920102e-05
0,0,2.1900368233920102e-05
0,0,2.1900368233920102e-05
0,0,2.1900368233920102e-05
0,0,2.1900368233920102e-05
0,0,2.1900368233920102e-05
1,1,0.9999780982689799
0,0,2.1900368233920102e-05
0,0,2.1900368233920102e-05
1,1,0.9999780982689799
0,0,2.1900368233920102e-05
0,0,2.1900368233920102e-05
0,0,0.00017680182142679182
0,0,2.1900368233920102e-05
0,0,2.1900368233920102e-05
0,0,2.1900368233920102e-05
1,1,0.9999780982689799
0,0,2.1900368233920102e-05
0,0,2.1900368233920102e-05
0,0,2.1900368233920102e-05
0,0,2.1548206643576956e-05
0,0,2.1900368233920102e-05
1,1,0.9999780982689799
1,1,0.9999780982689799
0,0,2.1900368233920102e-05
0,0,2.1900368233920102e-05
0,0,2.1900368233920102e-05
0,0,2.1900368233920102e-05
0,0,2.1900368233920102e-05
0,0,2.1900368233920102e-05
0,0,2.1900368233920102e-05
0,0,2.1849638289488447e-05
0,0,2.1849638289488447e-05
0,0,2.1900368233920102e-05
0,0,2.1900368233920102e-05
0,0,2.168441260205949e-05
0,0,2.190032900518737e-05
0,0,7.783523842655869e-05
1,1,0.9999780982689799
0,0,2.190032900518737e-05
0,0,2.1900368233920102e-05
0,0,2.1900368233920102e-05
0,0,2.1900368233920102e-05
0,0,2.1900368233920102e-05
0,0,2.1900368233920102e-05
0,0,2.1900368233920102e-05
0,0,2.1900368233920102e-05
0,0,2.1900368233920102e-05
0,0,2.1900368233920102e-05
0,0,2.1900368233920102e-05
0,0,2.1900368233920102e-05
0,0,2.1900368233920102e-05
1,1,0.9999780982689799
0,0,4.293490899619975e-05
0,0,2.1900368233920102e-05
0,0,2.1900368233920102e-05
0,0,2.1900368233920102e-05
1,1,0.9999780982689799
0,0,2.1900368233920102e-05
0,0,2.1900368233920102e-05
0,0,2.1900368233920102e-05
0,0,2.1900368233920102e-05
0,0,2.1900368233920102e-05
0,0,2.1900368233920102e-05
0,0,2.1900368233920102e-05
1,1,0.9999780982689799
0,0,2.1900368233920102e-05
0,0,2.1900368233920102e-05
0,0,2.1900368233920102e-05
0,0,2.1900368233920102e-05
0,0,2.1900368233920102e-05
0,0,2.1900368233920102e-05
0,0,2.1900368233920102e-05
1,1,0.9999780982689799
0,0,2.1900368233920102e-05
0,0,2.190032900518737e-05
0,0,2.1900368233920102e-05
0,0,2.1900368233920102e-05
0,0,2.1900368233920102e-05
0,0,2.1900368233920102e-05
0,0,2.1900368233920102e-05
1,1,0.9999780982689799
1,1,0.9999780982689799
1,1,0.9999780982689799
1,1,0.9999780982689799
0,0,2.1900368233920102e-05
1,1,0.9999780982689799
0,0,2.1900368233920102e-05
0,0,2.1900368233920102e-05
0,0,2.1900368233920102e-05
0,0,2.1849638289488447e-05
0,0,2.1900368233920102e-05
0,0,2.1900368233920102e-05
0,0,2.1900368233920102e-05
1,1,0.9999781174394435
1,1,0.9999780982689799
0,0,2.1900368233920102e-05
0,0,2.1900368233920102e-05
1,1,0.9999767219285804
0,0,2.1900368233920102e-05
0,0,2.1900368233920102e-05
1,1,0.9999780982689799
0,0,2.1900368233920102e-05
0,0,2.1900368233920102e-05
0,0,2.1900368233920102e-05
0,0,2.1900368233920102e-05
0,0,2.1900368233920102e-05
0,0,2.1900368233920102e-05
0,0,2.1900368233920102e-05
0,0,2.1900368233920102e-05
1,1,0.9999780982689799
0,0,2.1900368233920102e-05
0,0,2.1849638289488447e-05
1,1,0.9999780982689799
0,0,2.1900368233920102e-05
0,0,2.1900368233920102e-05
0,0,2.1900368233920102e-05
0,0,2.1900368233920102e-05
0,0,2.1900368233920102e-05
1,1,0.9999780982689799
0,0,2.1900368233920102e-05
0,0,2.1900368233920102e-05
0,0,2.1900368233920102e-05
1,1,0.9999780982689799
0,0,2.1900368233920102e-05
0,0,2.1900368233920102e-05
0,0,2.1900368233920102e-05
1,1,0.9999780982689799
0,0,2.1900368233920102e-05
0,0,2.1900368233920102e-05
0,0,2.1900368233920102e-05
0,0,2.1900368233920102e-05
0,0,2.1900368233920102e-05
0,0,2.1900368233920102e-05
0,0,2.1900368233920102e-05
1,1,0.9999780982689799
0,0,2.1900368233920102e-05
0,0,2.1900368233920102e-05
0,0,2.1900368233920102e-05
0,0,2.1900368233920102e-05
0,0,2.1900368233920102e-05
0,0,2.1900368233920102e-05
0,0,2.1900368233920102e-05
0,0,2.1900368233920102e-05
0,0,2.1900368233920102e-05
0,0,2.1900368233920102e-05
0,0,2.1900368233920102e-05
0,0,2.1900368233920102e-05
0,0,2.1900368233920102e-05
0,0,2.1900368233920102e-05
0,0,2.5756692459449266e-05
1,1,0.9999780982689799
0,0,2.1900368233920102e-05
0,0,2.1900368233920102e-05
0,0,2.1849638289488447e-05
0,0,2.1900368233920102e-05
1,1,0.9999780982689799
0,0,2.1900368233920102e-05
0,0,2.1900368233920102e-05
0,0,2.1900368233920102e-05
1,1,0.9999780982689799
0,0,2.1900368233920102e-05
0,0,2.1900368233920102e-05
0,0,2.1900368233920102e-05
0,0,2.1900368233920102e-05
1,1,0.9999780982689799
0,0,2.1900368233920102e-05
0,0,2.1900368233920102e-05
0,0,2.1900368233920102e-05
0,0,2.1900368233920102e-05
0,0,2.1900368233920102e-05
0,0,2.1900368233920102e-05
0,0,2.1900368233920102e-05
0,0,2.1900368233920102e-05
0,0,2.1900368233920102e-05
1,1,0.9999780982689799
0,0,2.1900368233920102e-05
1,1,0.9999780982689799
0,0,2.1900368233920102e-05
1,1,0.9999780982689799
0,0,2.1900368233920102e-05
0,0,2.1900368233920102e-05
0,0,2.1900368233920102e-05
0,0,2.1849638289488447e-05
0,0,2.1900368233920102e-05
0,0,2.1900368233920102e-05
0,0,2.1900368233920102e-05
0,0,2.1900368233920102e-05
0,0,2.1900368233920102e-05
0,0,2.1900368233920102e-05
0,0,2.1900368233920102e-05
0,0,2.1849638289488447e-05
0,0,2.1900368233920102e-05
0,0,2.1900368233920102e-05
0,0,2.1900368233920102e-05
0,0,2.1900368233920102e-05
0,0,2.1900368233920102e-05
0,0,2.1900368233920102e-05
0,0,2.1900368233920102e-05
0,0,2.1900368233920102e-05
1,1,0.9999780982689799
0,0,2.1900368233920102e-05
0,0,2.1900368233920102e-05
0,0,2.1216610019343522e-05
0,0,2.1900368233920102e-05
0,0,2.1900368233920102e-05
0,0,2.1900368233920102e-05
0,0,2.1900368233920102e-05
1,1,0.9999780982689799
0,0,2.1900368233920102e-05
0,0,2.1900368233920102e-05
0,0,2.1900368233920102e-05
1,1,0.9999780982689799
0,0,2.1900368233920102e-05
0,0,2.1900368233920102e-05
0,0,2.1900368233920102e-05
0,0,2.3484807797768764e-05
0,0,2.1900368233920102e-05
0,0,2.1900368233920102e-05
0,0,2.1900368233920102e-05
0,0,2.1849638289488447e-05
0,0,2.1849638289488447e-05
0,0,2.1900368233920102e-05
0,0,2.1900368233920102e-05
0,0,2.1900368233920102e-05
0,0,2.1900368233920102e-05
1,1,0.9999780982689799
0,0,2.1849638289488447e-05
0,0,2.1900368233920102e-05
0,0,2.1900368233920102e-05
0,0,2.1900368233920102e-05
0,0,2.1900368233920102e-05
0,0,2.3073620665295798e-05
1,1,0.9999681842192586
0,0,2.1900368233920102e-05
0,0,2.1900368233920102e-05
0,0,2.1900368233920102e-05
0,0,2.1900368233920102e-05
1,1,0.9999780982689799
0,0,2.1900368233920102e-05
0,0,2.1849638289488447e-05
0,0,2.1900368233920102e-05
1,1,0.9999780982689799
0,0,2.1900368233920102e-05
0,0,2.1900368233920102e-05
1,1,0.9999780982689799
0,0,2.1900368233920102e-05
1,1,0.9999780982689799
0,0,2.1900368233920102e-05
0,0,2.1900368233920102e-05
1,1,0.9997997206556697
0,0,2.1900368233920102e-05
0,0,2.1900368233920102e-05
0,0,2.1900368233920102e-05
0,0,2.1900368233920102e-05
0,0,2.1900368233920102e-05
0,0,2.1900368233920102e-05
1,1,0.9999780982689799
0,0,2.1900368233920102e-05
0,0,2.1900368233920102e-05
1,1,0.9999780982689799
0,0,2.1900368233920102e-05
1,1,0.9999780982689799
0,0,2.1900368233920102e-05
0,0,2.1900368233920102e-05
0,0,2.1900368233920102e-05
0,0,2.1900368233920102e-05
0,0,2.1900368233920102e-05
0,0,2.1900368233920102e-05
0,0,2.1900368233920102e-05
0,0,2.1900368233920102e-05
0,0,2.1900368233920102e-05
0,0,2.1900368233920102e-05
0,0,2.1900368233920102e-05
0,0,2.1900368233920102e-05
0,0,2.1900368233920102e-05
0,0,2.190032900518737e-05
0,0,2.1900368233920102e-05
0,0,2.1900368233920102e-05
0,0,2.1900368233920102e-05
0,0,2.1900368233920102e-05
0,0,2.1900368233920102e-05
0,0,2.1900368233920102e-05
1,1,0.9999780982689799
0,0,2.1900368233920102e-05
0,0,2.1900368233920102e-05
0,0,2.1900368233920102e-05
0,0,2.1900368233920102e-05
0,0,2.1311567650044245e-05
1,1,0.9999780982689799
0,0,2.1900368233920102e-05
0,0,2.190032900518737e-05
0,0,2.1900368233920102e-05
0,0,2.1900368233920102e-05
0,0,2.1900368233920102e-05
0,0,2.1900368233920102e-05
1,1,0.9999780982689799
0,0,2.1900368233920102e-05
1,1,0.9999780982689799
0,0,2.1900368233920102e-05
0,0,2.190032900518737e-05
0,0,2.1900368233920102e-05
0,0,2.1900368233920102e-05
1,1,0.9999780982689799
0,0,2.1688931300343456e-05
0,0,2.1900368233920102e-05
0,0,2.1900368233920102e-05
0,0,2.1850810655113965e-05
0,0,2.1900368233920102e-05
0,0,2.1900368233920102e-05
0,0,2.1900368233920102e-05
0,0,2.1900368233920102e-05
0,0,2.1900368233920102e-05
0,0,2.1900368233920102e-05
0,0,2.1900368233920102e-05
0,0,2.190032900518737e-05
1,1,0.9999780982689799
0,0,2.1900368233920102e-05
0,0,2.1900368233920102e-05
0,0,2.1900368233920102e-05
0,0,2.1900368233920102e-05
0,0,2.1900368233920102e-05
0,0,2.1900368233920102e-05
0,0,2.1900368233920102e-05
0,0,2.1900368233920102e-05
1,1,0.9999780982689799
0,0,2.1900368233920102e-05
1,1,0.9999780982689799
0,0,2.1900368233920102e-05
0,0,2.1849638289488447e-05
0,0,2.1900368233920102e-05
0,0,2.1900368233920102e-05
0,0,2.1900368233920102e-05
0,0,2.1900368233920102e-05
1,1,0.9999780982689799
0,0,2.1900368233920102e-05
1,1,0.9999780982689799
0,0,2.1900368233920102e-05
0,0,2.1900368233920102e-05
1,1,0.9999780982689799
1,1,0.9999780982689799
0,0,2.1900368233920102e-05
0,0,2.190032900518737e-05
0,0,2.1900368233920102e-05
1,1,0.9999780982689799
1,1,0.9999780982689799
0,0,2.1900368233920102e-05
0,0,2.1900368233920102e-05
0,0,2.1900368233920102e-05
0,0,2.1900368233920102e-05
0,0,2.1900368233920102e-05
1,1,0.9999780982689799
0,0,2.1900368233920102e-05
0,0,2.15777352248268e-05
0,0,2.1900368233920102e-05
0,0,2.1900368233920102e-05
0,0,2.1900368233920102e-05
0,0,2.1900368233920102e-05
0,0,2.1900368233920102e-05
0,0,2.1900368233920102e-05
1,1,0.9999780982689799
0,0,2.1900368233920102e-05
1,1,0.9999780982689799
0,0,2.1900368233920102e-05
0,0,2.1900368233920102e-05
1,1,0.9999780982689799
1,1,0.9999780982689799
0,0,2.1900368233920102e-05
1,1,0.9999780982689799
0,0,2.1900368233920102e-05
1,1,0.9999780982689799
0,0,2.1900368233920102e-05
0,0,2.1900368233920102e-05
0,0,2.1900368233920102e-05
0,0,2.1900368233920102e-05
0,0,2.1900368233920102e-05
1,1,0.9999780982689799
0,0,2.1900368233920102e-05
0,0,2.1900368233920102e-05
0,0,2.1900368233920102e-05
0,0,2.1849638289488447e-05
0,0,2.1900368233920102e-05
0,0,2.1900368233920102e-05
0,0,2.1849638289488447e-05
0,0,2.1900368233920102e-05
0,0,2.1900368233920102e-05
0,0,2.1900368233920102e-05
1,1,0.9999780982689799
0,0,2.1900368233920102e-05
0,0,2.1900368233920102e-05
0,0,2.1900368233920102e-05
0,0,2.190032900518737e-05
0,0,2.1900368233920102e-05
0,0,2.1900368233920102e-05
0,0,2.1900368233920102e-05
0,0,2.1900368233920102e-05
0,0,2.1900368233920102e-05
0,0,2.1900368233920102e-05
0,0,2.190032900518737e-05
0,0,2.1900368233920102e-05
0,0,2.1900368233920102e-05
0,0,2.1849638289488447e-05
1,1,0.9999780982689799
0,0,2.1900368233920102e-05
0,0,2.1900368233920102e-05
0,0,2.1715359411533255e-05
0,0,2.1900368233920102e-05
1,1,0.999978208002879
0,0,2.3073620665295798e-05
0,0,2.1900368233920102e-05
0,0,2.1900368233920102e-05
0,0,2.1900368233920102e-05
0,0,2.1850216823955003e-05
0,0,2.1900368233920102e-05
0,0,2.1900368233920102e-05
0,0,2.1900368233920102e-05
0,0,2.1900368233920102e-05
0,0,2.1900368233920102e-05
0,0,2.1900368233920102e-05
0,0,2.1900368233920102e-05
0,0,2.1900368233920102e-05
0,0,2.1900368233920102e-05
0,0,2.179152769328258e-05
0,0,2.1900368233920102e-05
0,0,2.1900368233920102e-05
0,0,2.1900368233920102e-05
0,0,2.1900368233920102e-05
0,0,2.1900368233920102e-05
0,0,2.1900368233920102e-05
0,0,2.1900368233920102e-05
0,0,2.1900368233920102e-05
0,0,2.1900368233920102e-05
0,0,2.1900368233920102e-05
1,1,0.9999780982689799
0,0,2.1900368233920102e-05
0,0,2.1686938306470504e-05
0,0,2.1900368233920102e-05
0,0,2.1900368233920102e-05
0,0,2.1900368233920102e-05
0,0,2.1900368233920102e-05
0,0,2.1900368233920102e-05
1,1,0.9999780982689799
0,0,2.1900368233920102e-05
0,0,2.4761108033640453e-05
0,0,2.1900368233920102e-05
0,0,2.1900368233920102e-05
0,0,2.1900368233920102e-05
0,0,2.1849638289488447e-05
1,1,0.9999780982689799
0,0,2.1900368233920102e-05
0,0,2.1900368233920102e-05
0,0,2.1900368233920102e-05
0,0,2.1900368233920102e-05
0,0,2.1900368233920102e-05
0,0,2.1900368233920102e-05
1,1,0.9999780982689799
0,0,2.1900368233920102e-05
0,0,2.1900368233920102e-05
0,0,2.1330153707727502e-05
0,0,2.1900368233920102e-05
0,0,2.179152769328258e-05
0,0,2.1900368233920102e-05
0,0,2.190032900518737e-05
0,0,2.1849638289488447e-05
0,0,2.190032900518737e-05
0,0,2.1849638289488447e-05
0,0,2.1900368233920102e-05
0,0,2.1219298852346862e-05
0,0,2.1900368233920102e-05
0,0,2.1900368233920102e-05
0,0,2.1900368233920102e-05
1,1,0.9999780982689799
0,0,2.190032900518737e-05
0,0,2.1900368233920102e-05
0,0,2.1900368233920102e-05
0,0,2.1900368233920102e-05
0,0,2.1900368233920102e-05
0,0,2.1900368233920102e-05
0,0,2.1900368233920102e-05
0,0,2.1900368233920102e-05
0,0,2.1900368233920102e-05
0,0,2.1900368233920102e-05
0,0,2.1900368233920102e-05
0,0,2.1850216823955003e-05
0,0,2.1900368233920102e-05
0,0,2.1900368233920102e-05
0,0,2.1849638289488447e-05
0,0,2.1900368233920102e-05
0,0,2.1900368233920102e-05
0,0,2.1849638289488447e-05
0,0,2.1900368233920102e-05
0,0,2.1900368233920102e-05
0,0,2.1900368233920102e-05
0,0,2.1900368233920102e-05
0,0,2.1900368233920102e-05
0,0,2.1900368233920102e-05
0,0,2.1900368233920102e-05
1,1,0.9999780982689799
0,0,2.1900368233920102e-05
0,0,2.1900368233920102e-05
0,0,0.0002626195887829643
0,0,2.1216610019343522e-05
1,1,0.9999780982689799
0,0,2.1900368233920102e-05
1,1,0.9999782112648317
0,0,2.1900368233920102e-05
0,0,2.1849638289488447e-05
0,0,2.1900368233920102e-05
1,1,0.9999780982689799
0,0,2.1900368233920102e-05
0,0,2.1900368233920102e-05
0,0,2.1900368233920102e-05
0,0,2.1900368233920102e-05
0,0,2.1900368233920102e-05
0,0,2.1900368233920102e-05
0,0,2.190032900518737e-05
0,0,2.1900368233920102e-05
0,0,2.1900368233920102e-05
0,0,2.1900368233920102e-05
1,1,0.9999780982689799
0,0,2.1900368233920102e-05
0,0,2.1900368233920102e-05
0,0,2.1900368233920102e-05
1,1,0.9999780982689799
1,1,0.9999780982689799
1,1,0.9999780982689799
0,0,2.1900368233920102e-05
0,0,2.1900368233920102e-05
0,0,2.1900368233920102e-05
0,0,2.1900368233920102e-05
1,1,0.9999781178718979
0,0,2.1900368233920102e-05
0,0,2.1900368233920102e-05
0,0,2.1900368233920102e-05
1,1,0.9999780982689799
0,0,2.1900368233920102e-05
0,0,2.190032900518737e-05
0,0,2.1900368233920102e-05
0,0,2.160057294560227e-05
0,0,2.160057294560227e-05
0,0,2.1900368233920102e-05
0,0,2.1900368233920102e-05
0,0,2.1900368233920102e-05
0,0,2.1900368233920102e-05
0,0,2.1900368233920102e-05
0,0,2.1900368233920102e-05
0,0,2.1900368233920102e-05
1,1,0.9999780982689799
1,1,0.9999780982689799
0,0,2.1849638289488447e-05
0,0,2.1900368233920102e-05
0,0,2.1900368233920102e-05
1,1,0.9999780982689799
0,0,2.1900368233920102e-05
0,0,2.1900368233920102e-05
1,1,0.9999780982689799
0,0,2.1900368233920102e-05
0,0,2.1900368233920102e-05
0,0,2.1900368233920102e-05
0,0,2.1900368233920102e-05
0,0,2.1900368233920102e-05
0,0,2.1900368233920102e-05
0,0,2.1900368233920102e-05
1,1,0.9999780982689799
0,0,2.1900368233920102e-05
0,0,2.1900368233920102e-05
1,1,0.9999780982689799
0,0,2.1900368233920102e-05
0,0,2.190032900518737e-05
0,0,2.1900368233920102e-05
0,0,2.1900368233920102e-05
1,1,0.9999780982689799
0,0,2.1900368233920102e-05
0,0,2.1900368233920102e-05
1,1,0.9999780982689799
0,0,2.1900368233920102e-05
0,0,2.081266074972635e-05
0,0,2.1900368233920102e-05
0,0,2.1900368233920102e-05
0,0,2.1900368233920102e-05
0,0,2.1900368233920102e-05
0,0,2.1900368233920102e-05
0,0,2.1900368233920102e-05
0,0,2.1900368233920102e-05
0,0,2.1900368233920102e-05
0,0,2.1900368233920102e-05
1,1,0.9999780982689799
0,0,2.1900368233920102e-05
0,0,2.1900368233920102e-05
0,0,2.1900368233920102e-05
0,0,2.1849638289488447e-05
